English,CEFR,gender,word,pronunciation,wordAudio,definition,sentenceAudio,example,sentenceTranslation
CD,A1,noun,CD,CD,X,円盤の形をした音楽を聞く物。,X,このCD、車でも聞けるよ。,You can listen to this CD in the car too.
DVD,A1,noun,DVD,DVD,X,円盤の形をした映像を見る物。,X,このDVD、字幕も入ってる？,Does this DVD have subtitles too?
T-shirt,A1,noun,Tシャツ,Tシャツ,X,半袖で着る服。,X,今日は暑いから、Tシャツでいいよ。,"It's hot today, so a T-shirt is fine."
ah,A1,interjection,あ、あっ,あ、あっ,X,人が気づいた時に出す声。,X,あっ、財布ここにあった。,"Ah, my wallet was right here."
"ice cream, iced",A1,noun,アイス,アイス,X,冷たくて甘い食べ物。,X,暑いし、帰りにアイス買っていこう。,"It's hot, so let's get some ice cream on the way home."
ice cream,A1,noun,アイスクリーム,アイスクリーム,X,冷たい甘い菓子。,X,デザートはアイスクリームにした。,I went with ice cream for dessert.
"excuse me, um",A1,interjection,あの、あのう,あの、あのう,X,言葉を始める時に使う声。,X,あのう、駅はどちらですか。,"Excuse me, which way is the station?"
apartment,A1,noun,アパート,アパート,X,小さな借家。,X,駅に近いアパートを探しています。,I'm looking for an apartment near the station.
United States,A1,noun,アメリカ,アメリカ,X,アメリカ合衆国のこと。,X,来月、仕事でアメリカに行きます。,I'm going to the United States for work next month.
American,A1,noun,アメリカ人,アメリカじん,X,アメリカから来た人。,X,新しい先生はアメリカ人だそうです。,I heard the new teacher is American.
how,A1,adverb,いかが,いかが,X,状態や方法などを丁寧に尋ねる言葉。,X,お加減はいかがですか。,How are you feeling?
"yes, well",A1,interjection,ええ,ええ,X,肯定の返事。,X,ええ、それで大丈夫です。,"Yes, that's fine."
elevator,A1,noun,エレベーター,エレベーター,X,建物の中で上下に移動する機械。,X,荷物が重いから、エレベーターで行こう。,"The bags are heavy, so let's take the elevator."
orange,A1,noun,オレンジ,オレンジ,X,ミカンの仲間の果物。また、その色。,X,オレンジを半分に切ってくれる？,Could you cut the orange in half?
money,A1,noun,お金,おかね,X,買い物や生活に必要なものを得る手段。,X,今日はお金をあまり持ってない。,I don't have much money with me today.
"if, or",A1,particle,か,か,X,選択や疑問を示す語。,X,コーヒーか紅茶、どちらにしますか。,Would you like coffee or tea?
question marker,A1,particle,か,か,X,疑問を表す語尾。,X,明日も来ますか。,Are you coming tomorrow too?
but,A1,conjunction,が,が,X,逆接を表す接続詞。,X,行きたいんですが、今日は時間がありません。,"I'd like to go, but I don't have time today."
subject marker,A1,particle,が,が,X,主語を示す助詞。,X,猫が窓の外を見ている。,The cat is looking out the window.
cup,A1,noun,カップ,カップ,X,飲み物を入れる容器。,X,このカップ、電子レンジで使える？,Can I use this cup in the microwave?
camera,A1,noun,カメラ,カメラ,X,映像や写真を撮る道具。,X,カメラを忘れたから、スマホで撮るね。,"I forgot my camera, so I'll take it with my phone."
"because, since",A1,conjunction,から,から,X,理由を表す語。,X,雨が降ってるから、傘を持っていこう。,"It's raining, so let's take an umbrella."
from,A1,particle,から,から,X,出発点を示す語。,X,駅からここまで歩いて十分くらいです。,It's about a ten-minute walk from the station to here.
curry,A1,noun,カレー,カレー,X,香辛料で味付けした料理。,X,今日の昼、カレーにしない？,Want to have curry for lunch today?
calendar,A1,noun,カレンダー,カレンダー,X,日付を確認するための表。,X,来月の予定、カレンダーに書いておいたよ。,I put next month's plans on the calendar.
guitar,A1,noun,ギター,ギター,X,弦をはじいて音を出す楽器。,X,隣の部屋からギターの音が聞こえる。,I can hear a guitar from the next room.
class,A1,noun,クラス,クラス,X,学校で授業を受ける集まり。,X,次のクラスは何時から？,What time does the next class start?
coat,A1,noun,コート,コート,X,寒い日に着る上着。,X,外は寒いから、コートを着ていって。,"It's cold outside, so wear a coat."
coffee,A1,noun,コーヒー,コーヒー,X,煎った豆から作る飲み物。,X,コーヒー、砂糖なしでお願いします。,"Coffee without sugar, please."
"here, this way",A1,noun,こっち,こっち,X,話し手のいる方向を示す語。,X,こっちの道のほうが駅に近いよ。,This way is closer to the station.
"glass, cup",A1,noun,コップ,コップ,X,飲み物を入れる容器。,X,水をコップ一杯ください。,"A glass of water, please."
copy,A1,noun,コピー,コピー,X,文章や図を複製すること。,X,この書類、三部コピーしてもらえますか。,Could you make three copies of this document?
such a,A1,adjective,こんな,こんな,X,近くの事柄を表す語。,X,こんな大きい箱、どこに置くの？,Where are we going to put a box this big?
come on,A1,interjection,さあ,さあ,X,促す時に言う声。,X,さあ、そろそろ出ようか。,"Come on, shall we get going?"
"then, well, so",A1,interjection,じゃあ、じゃ,じゃあ、じゃ,X,会話を続ける時に使う語。,X,じゃあ、駅で六時に会おう。,"Okay then, let's meet at the station at six."
bye,A1,interjection,じゃあね,じゃあね,X,別れの挨拶。,X,また明日。じゃあね。,See you tomorrow. Bye.
potato,A1,noun,じゃがいも,じゃがいも,X,土の中で育つ野菜。,X,じゃがいもが余ってるから、カレーに入れよう。,"We have some potatoes left, so let's put them in the curry."
shirt,A1,noun,シャツ,シャツ,X,襟付きで前を留める服。,X,このシャツ、洗濯機で洗っても大丈夫？,Is it okay to wash this shirt in the washing machine?
is not,A1,verb,じゃない,じゃない,X,否定を表す語。,X,それ、私の傘じゃないよ。,That's not my umbrella.
shower,A1,noun,シャワー,シャワー,X,浴びるための水を出す装置。,X,朝は時間がないから、シャワーだけ浴びる。,"I don't have much time in the morning, so I just take a shower."
skirt,A1,noun,スカート,スカート,X,腰から下に着る広がった服。,X,このスカート、仕事に着ていっても変じゃない？,Would it look strange to wear this skirt to work?
stove,A1,noun,ストーブ,ストーブ,X,部屋を温める器具。,X,寒くなってきたから、ストーブつけようか。,"It's getting cold, so shall I turn on the heater?"
spoon,A1,noun,スプーン,スプーン,X,液体や食べ物を口に運ぶ道具。,X,スープ用のスプーンはこっちです。,The soup spoons are over here.
sports,A1,noun,スポーツ,スポーツ,X,体を動かす競技。,X,週末は友達とスポーツをすることが多い。,I often play sports with friends on weekends.
pants,A1,noun,ズボン,ズボン,X,腰から下に履く衣服。,X,そのズボン、少し長くない？,Aren't those pants a little long?
slipper,A1,noun,スリッパ,スリッパ,X,室内で履く軽い履物。,X,玄関で靴を脱いで、スリッパに履き替えてください。,Please take off your shoes at the entrance and put on slippers.
sweater,A1,noun,セーター,セーター,X,厚手の編み物の上着。,X,このセーター、思ったより暖かい。,This sweater is warmer than I expected.
zero,A1,numeral,ゼロ,ゼロ,X,数字の「0」。,X,今日は欠席がゼロだった。,There were zero absences today.
"uh, er, um",A1,interjection,その,その,X,言葉が出ない時に使う声。,X,その、ちょっとお願いがあるんだけど。,"Um, I have a small favor to ask."
past marker,A1,verb,た,た,X,動作が過去であることを示す語尾。,X,昨日、新しい映画を見た。,I saw a new movie yesterday.
informal copula,A1,verb,だ,だ,X,断定を表す語。,X,今日は休みだ。,Today's a day off.
want to,A1,adjective,たい,たい,X,希望を表す語尾。,X,今日は早く帰りたい。,I want to go home early today.
taxi,A1,noun,タクシー,タクシー,X,料金を払って乗る車。,X,雨だから、駅までタクシーで行こう。,"It's raining, so let's take a taxi to the station."
things like,A1,particle,たり,たり,X,複数の動作を並べる表現。,X,休みの日は映画を見たり、本を読んだりしてる。,"On my days off, I watch movies, read books, and things like that."
"so, therefore",A1,particle,て,て,X,理由を表す接続助詞。,X,電車が遅れて、約束に間に合わなかった。,"The train was delayed, so I didn't make it in time."
at,A1,particle,で,で,X,動作や出来事が行われる場所を示す助詞。,X,駅前のカフェで待ってるね。,I'll wait at the cafe in front of the station.
"so, then",A1,particle,で,で,X,接続や並列を表す語。,X,今日は休みで、家にずっといた。,"I was off today, so I stayed home all day."
tape,A1,noun,テープ,テープ,X,紙や箱などを貼ったり留めたりするための細長い帯状のもの。,X,この箱、テープでしっかり止めて。,Seal this box securely with tape.
table,A1,noun,テーブル,テーブル,X,食事や作業などに使う、脚のついた平らな台。,X,料理を運ぶから、テーブルの上を空けてくれる？,"I'm bringing the food, so could you clear the table?"
tape recorder,A1,noun,テープレコーダー,テープレコーダー,X,磁気テープに音を録音・再生する装置。,X,昔、祖父がテープレコーダーでラジオを録音していた。,My grandfather used to record the radio with a tape recorder.
progressive marker,A1,verb,ている,ている,X,動作が進行中であることを示す語尾。,X,今、駅に向かっているところです。,I'm on my way to the station now.
polite copula,A1,verb,です,です,X,丁寧さを表す断定の語。,X,こちらが今日のおすすめです。,This is today's recommendation.
test,A1,noun,テスト,テスト,X,学力を測るための試験。,X,明日のテスト、何ページまで？,How many pages are on tomorrow's test?
department store,A1,noun,デパート,デパート,X,多くの商品を売る大型の店。,X,母へのプレゼントを買いにデパートへ行った。,I went to the department store to buy a present for my mother.
"is not, are not",A1,verb,ではない,ではない,X,否定を表す丁寧な言い方。,X,今日は祝日ではないよ。,Today isn't a public holiday.
"but, however",A1,conjunction,でも,でも,X,逆接を表す接続詞。,X,行きたい。でも、明日は仕事なんだ。,I want to go. But I have work tomorrow.
television,A1,noun,テレビ,テレビ,X,映像を映す装置。,X,テレビの音、もう少し小さくして。,"Turn the TV down a little, please."
"and, with",A1,particle,と,と,X,並列や付加を表す助詞。,X,妹と映画を見に行った。,I went to see a movie with my younger sister.
toast,A1,noun,トースト,トースト,X,焼いたパン。,X,朝はトーストとコーヒーで済ませた。,I just had toast and coffee for breakfast.
door,A1,noun,ドア,ドア,X,出入りのための板。,X,寒いから、ドア閉めてくれる？,"It's cold, so could you close the door?"
Germany,A1,noun,ドイツ,ドイツ,X,ヨーロッパの国。,X,来年、ドイツに留学する予定です。,I'm planning to study in Germany next year.
German,A1,noun,ドイツ語,ドイツご,X,その国の言語。,X,ドイツ語は大学で少し勉強しました。,I studied a little German at university.
"toilet, restroom",A1,noun,トイレ,トイレ,X,用を足すための部屋。,X,すみません、トイレはどこですか。,"Excuse me, where's the restroom?"
how,A1,adverb,どう,どう,X,状態や方法などを尋ねる言葉。,X,旅行はどうだった？,How was the trip?
things like,A1,particle,とか,とか,X,例を並べる表現。,X,週末は掃除とか洗濯とかして過ごした。,I spent the weekend doing things like cleaning and laundry.
which,A1,pronoun,どっち,どっち,X,二つの中から選ぶ疑問語。,X,赤と青、どっちがいい？,"Which do you prefer, red or blue?"
tomato,A1,noun,トマト,トマト,X,赤い実の野菜。,X,このトマト、もう食べても大丈夫かな。,Do you think this tomato is ready to eat?
dollar,A1,noun,ドル,ドル,X,アメリカの通貨単位。,X,これ、十ドルで買ったんだ。,I bought this for ten dollars.
called,A1,verb,と言う,という,X,名称を示す表現。,X,「おにぎり」と言う食べ物を知っていますか。,Do you know the food called onigiri?
adjective marker,A1,particle,な,な,X,形容動詞を作る語。,X,静かな部屋がいいです。,I'd like a quiet room.
"is not, are not",A1,verb,ない,ない,X,存在しないことを表す語。,X,冷蔵庫に牛乳がない。,There's no milk in the fridge.
knife,A1,noun,ナイフ,ナイフ,X,切るための道具。,X,このナイフ、よく切れるから気をつけて。,"This knife is very sharp, so be careful."
"at, on, in, to",A1,particle,に,に,X,場所や方向を示す助詞。,X,七時に駅に着きます。,I'll arrive at the station at seven.
news,A1,noun,ニュース,ニュース,X,世の中の出来事を伝える情報。,X,朝のニュースで台風のことをやっていた。,They were talking about the typhoon on the morning news.
consensus marker,A1,particle,ね,ね,X,同意を求める語。,X,この店、前にも来たよね。,"We've been to this place before, right?"
hey,A1,interjection,ねえ,ねえ,X,呼びかけの言葉。,X,ねえ、ちょっとこれ見て。,"Hey, take a look at this."
necktie,A1,noun,ネクタイ,ネクタイ,X,首に結ぶ布。,X,今日はネクタイしなくてもいいよ。,You don't need to wear a tie today.
"of, possessive marker",A1,particle,の,の,X,所有を表す助詞。,X,弟の自転車を借りた。,I borrowed my younger brother's bicycle.
nomalizer,A1,particle,の,の,X,動詞や文を名詞化する語。,X,料理するの、好き？,Do you like cooking?
notebook,A1,noun,ノート,ノート,X,勉強に使う帳面。,X,大事なことはノートに書いておいて。,Write down the important things in your notebook.
"because, since",A1,conjunction,ので、んで,ので、んで,X,理由を表す表現。,X,明日は早いので、今日はもう帰ります。,"I have an early start tomorrow, so I'm going home now."
assertive marker,A1,expression,のです,のです,X,説明や強調を加える表現。,X,実は、明日は店がお休みなのです。,"Actually, the shop is closed tomorrow."
topic marker,A1,particle,は,は,X,話題を示す助詞。,X,この電車は新宿には止まりません。,This train doesn't stop at Shinjuku.
party,A1,noun,パーティー,パーティー,X,集まりの宴。,X,土曜日に家で誕生日パーティーをするよ。,I'm having a birthday party at home on Saturday.
yes,A1,interjection,はい,はい,X,肯定の返事。,X,はい、こちらでお待ちください。,"Yes, please wait here."
bus,A1,noun,バス,バス,X,多人数を乗せる車。,X,駅からホテルまでバスで行けます。,You can take a bus from the station to the hotel.
bus stop,A1,noun,バス停,バスてい,X,それを待つ場所。,X,次のバス停で降ります。,I'm getting off at the next bus stop.
butter,A1,noun,バター,バター,X,乳から作る食材。,X,パンにバターを塗って食べた。,I ate the bread with butter on it.
banana,A1,noun,バナナ,バナナ,X,黄色い長い果物。,X,朝ごはんにバナナを一本食べた。,I ate a banana for breakfast.
dad,A1,noun,パパ,パパ,X,父親を呼ぶ言葉。,X,パパ、これ開けて。,"Dad, open this."
ham,A1,noun,ハム,ハム,X,豚の肉を加工した食材。,X,ハムとチーズのサンドイッチを作った。,I made a ham and cheese sandwich.
bread,A1,noun,パン,パン,X,小麦粉で作った食べ物。,X,焼きたてのパンの匂いがする。,I can smell freshly baked bread.
handkerchief,A1,noun,ハンカチ,ハンカチ,X,布で作られた小さな拭き物。,X,暑くて汗をかいたから、ハンカチで顔を拭いた。,"I got sweaty in the heat, so I wiped my face with a handkerchief."
hamburger,A1,noun,ハンバーガー,ハンバーガー,X,肉を挟んだ丸いパン。,X,昼は駅前でハンバーガーを食べた。,I had a hamburger near the station for lunch.
bell pepper,A1,noun,ピーマン,ピーマン,X,緑色の野菜。,X,ピーマン苦手なら、入れなくてもいいよ。,"If you don't like green peppers, we don't have to put them in."
pizza,A1,noun,ピザ,ピザ,X,丸くて平たい食べ物。,X,今夜は家でピザを頼もうか。,Shall we order pizza at home tonight?
pool,A1,noun,プール,プール,X,泳ぐための場所。,X,夏休みは毎日のようにプールに行ってた。,I went to the pool almost every day during summer vacation.
film,A1,noun,フィルム,フィルム,X,写真や映像を残す薄い帯。,X,このカメラ、フィルムはまだ入ってる？,Does this camera still have film in it?
fork,A1,noun,フォーク,フォーク,X,先端が数本に分かれた、食べ物を刺して使う道具。,X,フォークを一本もらえますか。,Could I have a fork?
French,A1,noun,フランス語,フランスご,X,フランスの言語。,X,フランス語は話せませんが、少し読めます。,"I can't speak French, but I can read a little."
fruit,A1,noun,フルーツ,フルーツ,X,甘い植物の実。,X,朝はヨーグルトにフルーツを入れて食べてる。,I eat yogurt with fruit in it for breakfast.
destination marker,A1,particle,へ,へ,X,方向や目的地を示す助詞。,X,週末、京都へ行きます。,I'm going to Kyoto this weekend.
bacon,A1,noun,ベーコン,ベーコン,X,豚肉を加工した食材。,X,ベーコンをもう少しカリカリに焼いて。,Cook the bacon a little crispier.
"wow, really",A1,interjection,へえ,へえ,X,驚いた時の感嘆。,X,へえ、ここから富士山が見えるんだ。,"Wow, you can see Mount Fuji from here."
bed,A1,noun,ベッド,ベッド,X,横になって休む家具。,X,今日は疲れたから、もうベッドに入る。,"I'm tired today, so I'm going to bed now."
pet,A1,noun,ペット,ペット,X,飼う動物。,X,このマンション、ペット飼ってもいいの？,Are pets allowed in this apartment building?
pen,A1,noun,ペン,ペン,X,字を書く道具。,X,ペン借りてもいい？,Can I borrow a pen?
bowl,A1,noun,ボウル,ボウル,X,料理を盛る丸い容器。,X,卵と砂糖をボウルに入れて混ぜて。,Put the eggs and sugar in a bowl and mix them.
pocket,A1,noun,ポケット,ポケット,X,衣服の小さな入れ口。,X,鍵、コートのポケットに入ってたよ。,Your key was in your coat pocket.
mail box,A1,noun,ポスト,ポスト,X,郵便物を入れる箱。,X,手紙は駅前のポストに入れておいた。,I put the letter in the mailbox in front of the station.
button,A1,noun,ボタン,ボタン,X,留め具。,X,一番上のボタンは留めなくていいよ。,You don't have to fasten the top button.
hotel,A1,noun,ホテル,ホテル,X,旅行者が泊まる施設。,X,ホテルに着いたら連絡するね。,I'll contact you when I get to the hotel.
past politeness marker,A1,verb,ました,ました,X,動作が過去であることを示す丁寧な言葉。,X,昨日、京都へ行きました。,I went to Kyoto yesterday.
politeness marker,A1,verb,ます,ます,X,動作を丁寧に表す語尾。,X,毎朝七時に家を出ます。,I leave home at seven every morning.
negative politeness marker,A1,verb,ません,ません,X,否定を表す丁寧な語尾。,X,今日はお酒を飲みません。,I'm not drinking alcohol today.
email,A1,noun,メール,メール,X,電子的に送る文。,X,詳しい時間はあとでメールします。,I'll email you the exact time later.
melon,A1,noun,メロン,メロン,X,丸い甘い果物。,X,このメロン、食べ頃だよ。,This melon is ready to eat.
"too, also",A1,particle,も,も,X,追加や同様を示す助詞。,X,妹も一緒に来るよ。,My younger sister is coming too.
"already, soon",A1,adverb,もう,もう,X,すでに起こったことを表す語。,X,もう宿題終わった？,Have you finished your homework already?
hello,A1,interjection,もしもし,もしもし,X,電話で最初に言う挨拶。,X,もしもし、今ちょっと話せる？,"Hello, can you talk for a minute?"
more,A1,adverb,もっと,もっと,X,程度を強める語。,X,もう少しゆっくり話してもらえますか。,Could you speak a little more slowly?
"and, or",A1,particle,や,や,X,並列や列挙を示す助詞。,X,机の上に本やノートが置いてある。,"There are books, notebooks, and other things on the desk."
slowly,A1,adverb,ゆっくり,ゆっくり,X,ゆっくりした動作を表す語。,X,急がなくていいから、ゆっくり食べて。,"There's no need to hurry, so eat slowly."
assertive marker,A1,particle,よ,よ,X,強調や断定を加える終助詞。,X,このケーキ、おいしいよ。,This cake is good.
yogurt,A1,noun,ヨーグルト,ヨーグルト,X,乳から作られる発酵食品。,X,朝ごはんにヨーグルトを食べることが多い。,I often eat yogurt for breakfast.
"than, from",A1,particle,より,より,X,比較や起点を表す助詞。,X,今日は昨日より暖かいね。,It's warmer today than yesterday.
ramen noodles,A1,noun,ラーメン,ラーメン,X,小麦粉で作った麺料理。,X,寒い日はラーメンが食べたくなる。,Cold days make me want ramen.
lion,A1,noun,ライオン,ライオン,X,大型の肉食獣。,X,動物園でライオンが昼寝していた。,A lion was taking a nap at the zoo.
radio,A1,noun,ラジオ,ラジオ,X,音を受信する装置。,X,朝はラジオを聞きながら支度してる。,I get ready in the morning while listening to the radio.
record,A1,noun,レコード,レコード,X,音楽を保存する円盤。,X,父の部屋には古いレコードがたくさんある。,There are lots of old records in my father's room.
restaurant,A1,noun,レストラン,レストラン,X,食事をする店。,X,このレストラン、予約しておいたほうがいいよ。,You should make a reservation at this restaurant.
lemon,A1,noun,レモン,レモン,X,酸っぱい黄色い果物。,X,紅茶にレモンを入れますか。,Would you like lemon in your tea?
passive marker,A1,verb,れる,れる,X,受け身を表す語尾。,X,先生に名前を呼ばれた。,My name was called by the teacher.
dress shirt,A1,noun,ワイシャツ,ワイシャツ,X,襟付きで着る上衣。,X,明日の面接、白いワイシャツで大丈夫かな。,Do you think a white dress shirt is okay for tomorrow's interview?
accusative marker,A1,particle,を,を,X,目的語を示す助詞。,X,この紙に名前を書いてください。,Please write your name on this paper.
"hmm, oh, well",A1,interjection,ん,ん,X,考えながら出す声。,X,ん、今何か言った？,Hmm? Did you say something just now?
one,A1,numeral,一,いち,X,数の最小単位。,X,一たす一は二です。,One plus one is two.
one thing,A1,numeral,一つ,ひとつ,X,物の数を表す単位。,X,ケーキ、一つ残しておいて。,Save one piece of cake for me.
one person,A1,numeral,一人,ひとり,X,人の数を表す単位。,X,予約は一人でも大丈夫ですか。,Can I make a reservation for one person?
a bit,A1,adverb,一寸,ちょっと,X,少しの量を示す語。,X,ちょっと待って、今靴履くから。,"Wait a second, I'm putting my shoes on."
one day,A1,numeral,一日,いちにち,X,一つの日。また、二十四時間ほどの期間。,X,日本に来て一日で、もう少し慣れてきた。,"I've only been in Japan for one day, and I'm already getting a little used to it."
the first,A1,numeral,一日,ついたち,X,月の初日を示す語。,X,会議は十月一日にあります。,The meeting is on October 1st.
the day before yesterday,A1,adverb,一昨日,おととい,X,二日前を示す語。,X,一昨日からずっと雨が降っている。,It's been raining since the day before yesterday.
"most, best",A1,adverb,一番,いちばん,X,程度が最も高いことを表す語。,X,この店のラーメンが一番好き。,I like the ramen at this place best.
together,A1,adverb,一緒,いっしょ,X,共に行動すること。,X,駅まで一緒に行こうか。,Shall we go to the station together?
exactly,A1,adverb,ちょうど,ちょうど,X,時刻が正確であること。,X,電車はちょうど三時に着いた。,The train arrived at exactly three o'clock.
seven,A1,numeral,七,なな,X,数字の「7」。,X,参加者は七人でした。,There were seven participants.
seven things,A1,numeral,七つ,ななつ,X,物の数を表す単位。,X,みかんを七つ買ってきた。,I bought seven mandarins.
seventy,A1,numeral,七十,ななじゅう,X,六十九の次の数。,X,祖父は今年七十歳になります。,My grandfather turns seventy this year.
seven days,A1,numeral,七日,なのか,X,七日間を示す語。,X,旅行は七日間の予定です。,The trip is planned for seven days.
ten thousand,A1,numeral,万,まん,X,数字の「10000」。,X,この町には一万人くらい住んでいる。,About ten thousand people live in this town.
"solid, durable, sturdy",A1,adjective,丈夫,じょうぶ,X,壊れにくい性質。,X,この靴、軽いのに丈夫だね。,These shoes are light but sturdy.
three,A1,numeral,三,さん,X,数字の「3」。,X,りんごを三個ください。,"Three apples, please."
three months,A1,numeral,三ヶ月,さんかげつ,X,九十日ほどの期間。,X,日本には三ヶ月いる予定です。,I'm planning to stay in Japan for three months.
three people,A1,numeral,三人,さんにん,X,人の数が三であること。,X,三人でこの部屋を使います。,The three of us will use this room.
three times,A1,numeral,三回,さんかい,X,三度行うこと。,X,その映画、もう三回見たよ。,I've already seen that movie three times.
up,A1,noun,上,うえ,X,高い方へを示す語。,X,荷物は棚の上に置いてください。,Please put your bag on top of the shelf.
raise,A1,verb,上げる,あげる,X,物を上に動かすこと。,X,もう少し手を上げてください。,Please raise your hand a little higher.
climb,A1,verb,上る,のぼる,X,高い所へ進むこと。,X,毎朝この坂を上って駅まで歩く。,I walk up this hill to the station every morning.
good at,A1,adjective,上手,じょうず,X,技能が優れていること。,X,料理、上手だね。,You're good at cooking.
coat,A1,noun,上着,うわぎ,X,外に羽織る衣服。,X,外に出るなら、上着を持っていったほうがいいよ。,"If you're going outside, you should take a jacket."
down,A1,noun,下,した,X,低い方を示す語。,X,猫がテーブルの下に隠れてる。,The cat is hiding under the table.
please,A1,interjection,ください,ください,X,依頼を表す言葉。,X,水を一杯ください。,"A glass of water, please."
bad at,A1,adjective,下手,へた,X,技能が劣っていること。,X,昔から絵を描くのが下手なんだ。,I've always been bad at drawing.
"disgusting, gross",A1,adjective,まずい,まずい,X,味が悪いこと。,X,この牛乳、ちょっとまずくない？,Doesn't this milk taste a little bad?
parents,A1,noun,両親,りょうしん,X,父母。,X,週末は両親の家に泊まりました。,I stayed at my parents' house over the weekend.
be lined up,A1,verb,並ぶ,ならぶ,X,列を作ること。,X,開店前から店の前に人が並んでいた。,People were lined up in front of the shop before it opened.
line up,A1,verb,並べる,ならべる,X,物を並べること。,X,皿をテーブルに並べてくれる？,Could you put the plates out on the table?
inside,A1,noun,中,なか,X,内側を示す語。,X,財布はかばんの中に入ってるよ。,Your wallet is inside your bag.
China,A1,noun,中国,ちゅうごく,X,アジア東部にある大国。,X,来月、中国へ出張します。,I'm going to China on a business trip next month.
Chinese person,A1,noun,中国人,ちゅうごくじん,X,その国に住む、または出自を持つ人。,X,同じクラスに中国人の学生が二人いる。,There are two Chinese students in my class.
round,A1,adjective,丸い,まるい,X,球に近い形。,X,このテーブル、角がなくて丸いね。,This table is round with no corners.
ride,A1,verb,乗る,のる,X,乗り物に移ること。,X,毎朝七時半の電車に乗る。,I take the 7:30 train every morning.
nine,A1,numeral,九,きゅう,X,数字の「9」。,X,九時までに来てください。,Please come by nine o'clock.
nine things,A1,numeral,九つ,ここのつ,X,物の数を表す単位。,X,箱の中にりんごが九つ入っていた。,There were nine apples in the box.
nine days,A1,numeral,九日,ここのか,X,九日間を示す語。,X,日本には九日間いる予定です。,I'm planning to stay in Japan for nine days.
two,A1,numeral,二,に,X,数字の「2」。,X,切符を二枚ください。,"Two tickets, please."
two things,A1,numeral,二つ,ふたつ,X,物の数を表す単位。,X,あと二つだけ残ってるよ。,There are only two left.
two people,A1,numeral,二人,ふたり,X,人の数を表す単位。,X,二人で旅行するのは久しぶりだね。,It's been a while since the two of us traveled together.
twenty days,A1,numeral,二十日,はつか,X,二十日間を示す語。,X,注文してから二十日で届きました。,It arrived twenty days after I ordered it.
twenty years old,A1,numeral,二十歳,はたち,X,二十歳を表す語。,X,弟は今年二十歳になった。,My younger brother turned twenty this year.
two days,A1,numeral,二日,ふつか,X,二日間を示す語。,X,京都には二日だけ泊まります。,I'm staying in Kyoto for only two days.
February,A1,noun,二月,にがつ,X,一年の二番目の月。,X,二月は一年で一番短い月です。,February is the shortest month of the year.
five,A1,numeral,五,ご,X,数字の「5」。,X,このパンを五個ください。,"Five of these breads, please."
five things,A1,numeral,五つ,いつつ,X,物の数を表す単位。,X,質問は五つあります。,I have five questions.
five days,A1,numeral,五日,いつか,X,五日間を示す語。,X,北海道には五日間いる予定です。,I'm planning to stay in Hokkaido for five days.
intersection,A1,noun,交差点,こうさてん,X,道が交わる場所。,X,次の交差点を右に曲がってください。,Turn right at the next intersection.
police box,A1,noun,交番,こうばん,X,警察がいる小さな建物。,X,財布を拾ったので、交番に届けた。,"I found a wallet, so I took it to the police box."
Kyoto,A1,noun,京都,きょうと,X,日本の都市。,X,秋の京都は観光客が多い。,Kyoto gets a lot of tourists in autumn.
person of a specific nationality,A1,noun,人,じん,X,国籍を表す語。,X,クラスにはアメリカ人や中国人がいます。,There are Americans and Chinese people in the class.
person,A1,noun,人,ひと,X,人間を指す語。,X,あそこに立っている人、知ってる？,Do you know the person standing over there?
carrot,A1,noun,人参,にんじん,X,オレンジ色の根を食べる野菜。,X,カレーに人参を入れてもいい？,Can I put carrots in the curry?
now,A1,adverb,今,いま,X,現在の時を示す語。,X,今、駅に着いたところ。,I just arrived at the station.
this year,A1,adverb,今年,ことし,X,今の年を示す語。,X,今年は去年より暑いね。,It's hotter this year than last year.
today,A1,adverb,今日,きょう,X,本日のこと。,X,今日は家でゆっくりする。,I'm taking it easy at home today.
this evening,A1,adverb,今晩,こんばん,X,夜を指す語。,X,今晩、時間ある？,Are you free this evening?
this month,A1,adverb,今月,こんげつ,X,今の月を示す語。,X,今月は出費が多かった。,I spent a lot this month.
this morning,A1,adverb,今朝,けさ,X,朝を指す語。,X,今朝は寝坊して朝ごはんを食べられなかった。,I overslept this morning and couldn't eat breakfast.
this week,A1,adverb,今週,こんしゅう,X,今の週を示す語。,X,今週は仕事がかなり忙しい。,Work is pretty busy this week.
work,A1,noun,仕事,しごと,X,働くこと。,X,仕事が終わったら連絡するね。,I'll contact you when I'm done with work.
other,A1,noun,他,ほか,X,他のもの。,X,ほかに質問はありますか。,Do you have any other questions?
"attach, join",A1,verb,付ける,つける,X,物を加えること。,X,この札をかばんに付けておいて。,Attach this tag to your bag.
vacation,A1,noun,休み,やすみ,X,休暇や休日。,X,明日は休みだから、朝ゆっくり寝られる。,"I'm off tomorrow, so I can sleep in."
"rest, go on vacation",A1,verb,休む,やすむ,X,休むこと。,X,熱があるなら、今日は仕事を休んだほうがいいよ。,"If you have a fever, you should take the day off work."
meet,A1,verb,会う,あう,X,顔を合わせること。,X,駅で友達と会う約束をしてる。,I'm meeting a friend at the station.
company,A1,noun,会社,かいしゃ,X,営利活動を行う組織。,X,会社まで電車で四十分くらいかかる。,It takes about forty minutes by train to get to the office.
low,A1,adjective,低い,ひくい,X,高さが足りないこと。,X,この椅子、少し低いね。,This chair is a little low.
reside,A1,verb,住む,すむ,X,生活の場所とすること。,X,今は大阪に住んでいます。,I live in Osaka now.
body,A1,noun,体,からだ,X,人や動物の、頭や手足などを含む全体。,X,運動した次の日は体が重い。,My body feels heavy the day after I exercise.
what,A1,pronoun,何,なに、なん,X,不明なものを問う語。,X,これ、何に使うの？,What do you use this for?
which,A1,pronoun,どれ,どれ,X,どれを問う語。,X,どれがあなたの傘ですか。,Which one is your umbrella?
where,A1,pronoun,どこ,どこ,X,場所を問う語。,X,駅はどこですか。,Where is the station?
why,A1,adverb,なぜ,なぜ,X,理由を問う語。,X,なぜ昨日来なかったの？,Why didn't you come yesterday?
"where, which direction",A1,pronoun,どちら,どちら,X,方向や人物を問う語。,X,駅はどちらですか。,Which way is the station?
when,A1,pronoun,いつ,いつ,X,時刻を問う語。,X,次の休みはいつ？,When is your next day off?
always,A1,adverb,いつも,いつも,X,常に繰り返すこと。,X,朝はいつもコーヒーを飲む。,I always drink coffee in the morning.
not much,A1,adverb,あまり,あまり,X,数量が少ないこと。,X,今日はあまりお腹がすいてない。,I'm not very hungry today.
make,A1,verb,作る,つくる,X,新しく生み出すこと。,X,夕飯は家で作るよ。,I'll make dinner at home.
"composition, essay",A1,noun,作文,さくぶん,X,文章を書く学習活動。,X,宿題の作文、もう書いた？,Have you written the essay for homework yet?
use,A1,verb,使う,つかう,X,道具や物を役立てること。,X,このカードはここで使えますか。,Can I use this card here?
convenient,A1,adjective,便利,べんり,X,都合が良いこと。,X,駅の近くに住むと便利だよ。,Living near the station is convenient.
borrow,A1,verb,借りる,かりる,X,他人の物を一時的に使うこと。,X,図書館で本を二冊借りた。,I borrowed two books from the library.
beside,A1,noun,そば,そば,X,近くの場所。,X,駅のそばに新しいカフェができた。,A new cafe opened near the station.
umbrella,A1,noun,傘,かさ,X,雨を防ぐ道具。,X,雨が降りそうだから、傘を持っていこう。,"It looks like rain, so let's take an umbrella."
work,A1,verb,働く,はたらく,X,生活のために働くこと。,X,姉は病院で働いています。,My older sister works at a hospital.
lively,A1,adjective,元気,げんき,X,健康で活発な様子。,X,風邪はもう治って、元気になったよ。,My cold is gone and I'm feeling well again.
older brother,A1,noun,兄,あに,X,男の年上の兄弟。,X,兄は東京で働いている。,My older brother works in Tokyo.
siblings,A1,noun,兄弟,きょうだい,X,兄や弟、姉や妹。,X,兄弟は何人いますか。,How many siblings do you have?
"previous, first, tip",A1,noun,先,さき,X,前方や先端。,X,この道をもう少し先まで行ってください。,Go a little farther down this road.
last month,A1,adverb,先月,せんげつ,X,前の月。,X,先月、新しいアパートに引っ越した。,I moved to a new apartment last month.
"teacher, professor",A1,noun,先生,せんせい,X,学問を教える人。,X,分からないところは先生に聞いてね。,Ask the teacher if there's anything you don't understand.
last week,A1,adverb,先週,せんしゅう,X,前の週。,X,先週はずっと雨だった。,It rained all last week.
enter,A1,verb,入る,はいる,X,中に入ること。,X,靴を脱いでから部屋に入ってください。,Please take off your shoes before entering the room.
put in,A1,verb,入れる,いれる,X,物を中に入れること。,X,コーヒーに砂糖を入れますか。,Do you take sugar in your coffee?
entrance,A1,noun,入口,いりぐち,X,建物などの入り口。,X,入口は建物の反対側です。,The entrance is on the other side of the building.
everything,A1,noun,全部,ぜんぶ,X,全ての物事。,X,冷蔵庫の中のケーキ、全部食べたの？,Did you eat all the cake in the fridge?
eight,A1,numeral,八,はち,X,数字の「8」。,X,八時に駅で会おう。,Let's meet at the station at eight.
eight things,A1,numeral,八つ,やっつ,X,物の数を表す単位。,X,みかんを八つ買った。,I bought eight mandarins.
eight days,A1,numeral,八日,ようか,X,八日間を示す語。,X,旅行は八日間の予定です。,The trip is planned for eight days.
"vegetable shop, greengrocer",A1,noun,八百屋,やおや,X,野菜を売る店。,X,この辺に八百屋はありますか。,Is there a greengrocer around here?
park,A1,noun,公園,こうえん,X,遊ぶために整えられた場所。,X,天気がいいから、公園で昼ごはん食べよう。,"The weather's nice, so let's have lunch in the park."
six,A1,numeral,六,ろく,X,数字の「6」。,X,六時には家を出ないと間に合わない。,I have to leave home by six or I won't make it.
six things,A1,numeral,六つ,むっつ,X,物の数を表す単位。,X,卵を六つ買ってきて。,"Buy six eggs, please."
six days,A1,numeral,六日,むいか,X,六日間を示す語。,X,大阪には六日間います。,I'll be in Osaka for six days.
that,A1,adjective,その,その,X,近くの物を指す語。,X,その本、あとで貸してくれる？,Could you lend me that book later?
that,A1,noun,それ,それ,X,近くの物を指す代名詞。,X,それ、どこで買ったの？,Where did you buy that?
after that,A1,adverb,それから,それから,X,その後を示す語。,X,駅で切符を買った。それから、コンビニに寄った。,"I bought a ticket at the station. After that, I stopped at a convenience store."
well then,A1,noun,それでは,それでは,X,それならばを示す語。,X,それでは、また来週お会いしましょう。,"Well then, I'll see you again next week."
there,A1,adverb,そこ,そこ,X,近くの場所を指す語。,X,そこに荷物を置いてください。,Please put your bag there.
that way,A1,adverb,そちら,そちら,X,その方向を指す語。,X,そちらは雨、降ってる？,Is it raining where you are?
two years from now,A1,adverb,再来年,さらいねん,X,二年後を示す語。,X,再来年、日本に留学したいと思っています。,I'm hoping to study in Japan the year after next.
photograph,A1,noun,写真,しゃしん,X,光を写す絵。,X,旅行中に写真をたくさん撮った。,I took a lot of photos during the trip.
winter,A1,noun,冬,ふゆ,X,寒い季節。,X,冬は日が暮れるのが早い。,It gets dark early in winter.
cold,A1,adjective,冷たい,つめたい,X,温度が低いこと。,X,この水、冷たくて気持ちいい。,This water is nice and cold.
refrigerator,A1,noun,冷蔵庫,れいぞうこ,X,食べ物を冷やす箱。,X,牛乳は冷蔵庫に入れておいて。,Put the milk in the fridge.
"go out, leave",A1,verb,出かける,でかける,X,外に出かけること。,X,午後から買い物に出かける予定です。,I'm planning to go out shopping this afternoon.
take out,A1,verb,出す,だす,X,外へ取り出すこと。,X,財布をかばんから出した。,I took my wallet out of my bag.
leave,A1,verb,出る,でる,X,外へ出ること。,X,明日は七時に家を出る。,I'm leaving home at seven tomorrow.
exit,A1,noun,出口,でぐち,X,建物などの出口。,X,出口はあちらです。,The exit is over there.
"can, able to do",A1,verb,できる,できる,X,可能を表す語。,X,このパソコンなら家でも仕事ができる。,"With this computer, I can work from home too."
minute,A1,numeral,分,ふん,X,時間の単位。1時間の60分の1。,X,あと五分だけ待って。,Wait just five more minutes.
understand,A1,verb,分かる,わかる,X,理解すること。,X,この漢字の意味、分かる？,Do you understand what this kanji means?
cut,A1,verb,切る,きる,X,刃物で切ること。,X,この紙を半分に切ってください。,Please cut this paper in half.
postage stamp,A1,noun,切手,きって,X,郵便に貼る小さな紙。,X,手紙を出す前に切手を貼ってね。,Put a stamp on the letter before you mail it.
ticket,A1,noun,切符,きっぷ,X,乗り物などの利用券。,X,駅で京都までの切符を買った。,I bought a ticket to Kyoto at the station.
beginning,A1,noun,初め,はじめ,X,物事の最初。,X,初めは少し緊張したけど、すぐ慣れた。,"I was a little nervous at first, but I soon got used to it."
for the first time,A1,adverb,初めて,はじめて,X,今までになかった経験。,X,昨日、初めて納豆を食べた。,I ate natto for the first time yesterday.
before,A1,noun,前,まえ,X,前方や以前。,X,駅の前で待ってるね。,I'll wait in front of the station.
studying,A1,noun,勉強,べんきょう,X,学ぶこと。,X,図書館で二時間勉強した。,I studied at the library for two hours.
animal,A1,noun,動物,どうぶつ,X,生きているもの。,X,子どものころから動物が好きだった。,I've liked animals since I was a child.
"work, serve",A1,verb,勤める,つとめる,X,勤め先で働くこと。,X,父は銀行に勤めています。,My father works for a bank.
north,A1,noun,北,きた,X,方角の北。,X,駅を出て北へ歩いてください。,Leave the station and walk north.
doctor,A1,noun,医者,いしゃ,X,病人を治療する人。,X,熱が下がらないので、医者に行った。,"My fever wouldn't go down, so I went to the doctor."
ten,A1,numeral,十,じゅう,X,数字の「10」。,X,あと十分で着くよ。,I'll be there in ten minutes.
ten days,A1,numeral,十日,とおか,X,十日間を示す語。,X,薬を飲み始めて十日たった。,It's been ten days since I started taking the medicine.
thousand,A1,numeral,千,せん,X,数字の「1000」。,X,この本は千円でした。,This book was one thousand yen.
a thousand yen,A1,numeral,千円,せんえん,X,一千円に相当する金額。,X,千円札しか持ってない。,I only have a thousand-yen bill.
AM,A1,noun,午前,ごぜん,X,午前中の時間。,X,受付は午前九時からです。,Reception opens at 9 a.m.
PM,A1,noun,午後,ごご,X,午後の時間。,X,午後は家で仕事します。,I'll work from home in the afternoon.
"half, half-past",A1,noun,半,はん,X,時間の三十分。,X,七時半に駅で会おう。,Let's meet at the station at half past seven.
half,A1,noun,半分,はんぶん,X,全体を二つに分けた一方。,X,このケーキ、半分ずつ食べよう。,Let's split this cake in half.
south,A1,noun,南,みなみ,X,方角の南。,X,窓が南向きだから、昼は明るい。,"The windows face south, so it's bright during the day."
dangerous,A1,adjective,危ない,あぶない,X,危険であること。,X,そこは車が多くて危ないよ。,"There are lots of cars there, so it's dangerous."
egg,A1,noun,卵,たまご,X,鳥が産む殻に包まれたもの。,X,冷蔵庫に卵が二個しかない。,There are only two eggs in the fridge.
thick,A1,adjective,厚い,あつい,X,厚みがあること。,X,この本、かなり厚いね。,This book is pretty thick.
last year,A1,adverb,去年,きょねん,X,前年を示す語。,X,去年の夏に北海道へ行った。,I went to Hokkaido last summer.
again,A1,adverb,また,また,X,繰り返すこと。,X,また明日ここで会おう。,Let's meet here again tomorrow.
friend,A1,noun,友達,ともだち,X,親しい人。,X,週末、友達と映画を見に行く。,I'm going to see a movie with a friend this weekend.
take,A1,verb,取る,とる,X,自分のものにすること。,X,テーブルの上の鍵、取ってくれる？,Could you get the key from the table?
mouth,A1,noun,口,くち,X,顔にあり、食べたり話したりするための部分。,X,口を大きく開けてください。,"Open your mouth wide, please."
old,A1,adjective,古い,ふるい,X,古い時代のもの。,X,この町には古い家がたくさん残っている。,There are still many old houses in this town.
cute,A1,adjective,可愛い,かわいい,X,愛らしい様子。,X,その犬、すごくかわいいね。,That dog is really cute.
kitchen,A1,noun,台所,だいどころ,X,料理をする場所。,X,台所からいい匂いがする。,Something smells good from the kitchen.
right,A1,noun,右,みぎ,X,方角の右。,X,次の角を右に曲がってください。,Turn right at the next corner.
same,A1,adjective,同じ,おなじ,X,等しいこと。,X,弟と同じ学校に通っていた。,I went to the same school as my younger brother.
name,A1,noun,名前,なまえ,X,人を区別する呼び名。,X,ここに名前を書いてください。,Please write your name here.
opposite side,A1,noun,向こう,むこう,X,反対側。,X,コンビニは道の向こうにあります。,The convenience store is on the other side of the road.
no,A1,interjection,いいえ,いいえ,X,否定の言葉。,X,いいえ、今日は予約していません。,"No, I don't have a reservation today."
"smoke, breathe in, inhale",A1,verb,吸う,すう,X,息を吸い込むこと。,X,外の空気をゆっくり吸ってみて。,Try taking a slow breath of the air outside.
blow,A1,verb,吹く,ふく,X,息を外へ出すこと。,X,ろうそくの火を吹いて消した。,I blew out the candle.
call,A1,verb,呼ぶ,よぶ,X,声をかけること。,X,順番が来たら名前を呼びます。,We'll call your name when it's your turn.
"bloom, blossom",A1,verb,咲く,さく,X,花が開くこと。,X,公園の桜が咲き始めた。,The cherry blossoms in the park have started blooming.
problem,A1,noun,問題,もんだい,X,解決すべき課題。,X,この問題、答え分かる？,Do you know the answer to this problem?
"coffee shop, cafe",A1,noun,喫茶店,きっさてん,X,飲み物を出す店。,X,駅前の喫茶店で待ち合わせしよう。,Let's meet at the coffee shop in front of the station.
four,A1,numeral,四,よん,X,数字の「4」。,X,りんごを四個買ってきて。,"Buy four apples, please."
four things,A1,numeral,四つ,よっつ,X,物の数を表す単位。,X,皿を四つ出してくれる？,Could you put out four plates?
four days,A1,numeral,四日,よっか,X,四日間を示す語。,X,東京には四日間いる予定です。,I'm planning to be in Tokyo for four days.
April,A1,noun,四月,しがつ,X,一年の第四の月。,X,日本では四月に新学期が始まります。,The new school year starts in April in Japan.
be in trouble,A1,verb,困る,こまる,X,困難に直面すること。,X,電車が止まると本当に困る。,It's a real problem when the trains stop running.
library,A1,noun,図書館,としょかん,X,本を集めて貸し出す施設。,X,この本は図書館で借りました。,I borrowed this book from the library.
country,A1,noun,国,くに,X,領土を持つ共同体。,X,いつか別の国にも住んでみたい。,I'd like to live in another country someday.
Saturday,A1,noun,土曜日,どようび,X,週の六日目。,X,土曜日なら時間あるよ。,I'm free on Saturday.
"be, exist",A1,verb,ある,ある,X,存在すること。,X,机の上にペンがあるよ。,There's a pen on the desk.
subway,A1,noun,地下鉄,ちかてつ,X,地面の下を走る電車。,X,雨の日は地下鉄で会社に行く。,I take the subway to work on rainy days.
map,A1,noun,地図,ちず,X,場所を示す図。,X,道が分からなかったので、地図を見た。,"I didn't know the way, so I checked the map."
salt,A1,noun,塩,しお,X,料理に使う白い調味料。,X,このスープ、少し塩が足りないかも。,This soup might need a little more salt.
voice,A1,noun,声,こえ,X,喉から出る音。,X,隣の部屋から大きな声が聞こえた。,I heard a loud voice from the next room.
sell,A1,verb,売る,うる,X,商品を金と引き換えること。,X,この店では野菜も売っています。,This shop sells vegetables too.
summer,A1,noun,夏,なつ,X,暑い季節。,X,夏は日が長いね。,The days are long in summer.
summer vacation,A1,noun,夏休み,なつやすみ,X,夏に休む期間。,X,夏休みに家族で沖縄へ行く予定です。,We're planning to go to Okinawa as a family during summer vacation.
"last night, evening",A1,noun,夕べ,ゆうべ,X,前日の夜。,X,夕べはよく眠れなかった。,I didn't sleep well last night.
evening,A1,noun,夕方,ゆうがた,X,日没から夜までの時間。,X,夕方になると少し涼しくなる。,It gets a little cooler in the evening.
dinner,A1,noun,夕飯,ゆうはん,X,夕方に食べる食事。,X,夕飯、もう食べた？,Have you had dinner yet?
outside,A1,noun,外,そと,X,建物の外。,X,外、かなり寒いよ。,It's pretty cold outside.
foreign country,A1,noun,外国,がいこく,X,国外の場所。,X,外国で暮らすのは初めてです。,It's my first time living in a foreign country.
foreigner,A1,noun,外国人,がいこくじん,X,外国から来た人。,X,この町は外国人の観光客が多い。,This town gets a lot of foreign tourists.
many,A1,adjective,多い,おおい,X,数量が多いこと。,X,今日は宿題が多いな。,I have a lot of homework today.
perhaps,A1,adverb,多分,たぶん,X,可能性を示す語。,X,多分、七時ごろには帰れるよ。,I'll probably be home around seven.
night,A1,noun,夜,よる,X,太陽が沈んで暗くなる時間。,X,夜はこの道、あまり人が通らない。,Not many people use this road at night.
big,A1,adjective,大きい,おおきい,X,大きな様子。,X,この荷物、大きいから二人で運ぼう。,"This bag is big, so let's carry it together."
"okay, alright, OK",A1,adjective,大丈夫,だいじょうぶ,X,問題がないこと。,X,少し遅れても大丈夫だよ。,It's okay if you're a little late.
adult,A1,noun,大人,おとな,X,成人した人。,X,子どもは五百円、大人は千円です。,"It's 500 yen for children and 1,000 yen for adults."
embassy,A1,noun,大使館,たいしかん,X,他国にある外交機関。,X,ビザのことを大使館に問い合わせた。,I contacted the embassy about the visa.
important,A1,adjective,大切,たいせつ,X,価値が高いこと。,X,これは大切な書類だから、なくさないでね。,"This is an important document, so don't lose it."
many people,A1,noun,大勢,おおぜい,X,人が多いこと。,X,駅前に人が大勢集まっていた。,A large crowd had gathered in front of the station.
"great, terrible",A1,adjective,大変,たいへん,X,非常に困難な様子。,X,引っ越しは思ったより大変だった。,Moving was harder than I expected.
love,A1,adjective,大好き,だいすき,X,強く好むこと。,X,この店のケーキ、大好き。,I love the cake at this place.
university,A1,noun,大学,だいがく,X,高等教育の機関。,X,妹は来年大学に入ります。,My younger sister starts university next year.
weather,A1,noun,天気,てんき,X,空や気温の様子。,X,明日の天気、雨みたいだよ。,It looks like rain tomorrow.
thick,A1,adjective,太い,ふとい,X,幅や太さが大きいこと。,X,このペン、少し太くて持ちやすい。,This pen is a little thick and easy to hold.
wife,A1,noun,奥さん,おくさん,X,他人の妻を指す呼び方。,X,先生の奥さんも一緒に来ていました。,The teacher's wife came along too.
woman,A1,noun,女,おんな,X,成人した女性。,X,入口の前に女の人が立っている。,There's a woman standing in front of the entrance.
girl,A1,noun,女の子,おんなのこ,X,年少の女性。,X,公園で女の子が犬と遊んでいた。,A girl was playing with a dog in the park.
like,A1,adjective,好き,すき,X,好意を持つこと。,X,辛い料理、好き？,Do you like spicy food?
why,A1,adverb,どうして,どうして,X,理由を尋ねる語。,X,どうしてそんなに急いでるの？,Why are you in such a hurry?
"please, by all means",A1,interjection,どうぞ,どうぞ,X,勧めや願いを示す語。,X,どうぞ、こちらに座ってください。,"Please, have a seat here."
thanks,A1,interjection,どうも,どうも,X,感謝を表す言葉。,X,どうも、助かりました。,"Thanks, that really helped."
younger sister,A1,noun,妹,いもうと,X,年下の女の兄弟。,X,妹はまだ高校生です。,My younger sister is still in high school.
older sister,A1,noun,姉,あね,X,年上の女の兄弟。,X,姉と服のサイズがほとんど同じ。,My older sister and I wear almost the same size.
older sister,A1,noun,姉さん,ねえさん,X,年上の女の兄弟を呼ぶ言葉。,X,姉さん、これ使ってもいい？,"Sis, can I use this?"
begin,A1,verb,始まる,はじまる,X,物事が始まること。,X,映画は七時に始まるよ。,The movie starts at seven.
beginning,A1,noun,始め,はじめ,X,物事の最初。,X,初めは難しかったけど、だんだん慣れた。,"It was difficult at first, but I gradually got used to it."
"disagreeable, unpleasant",A1,adjective,嫌,いや,X,好ましくないこと。,X,朝早く起きるのは嫌だな。,I hate getting up early.
hate,A1,adjective,嫌い,きらい,X,強く嫌うこと。,X,子どものころは野菜が嫌いだった。,I hated vegetables when I was a child.
child,A1,noun,子ども,こども,X,年少の人。,X,この公園は子どもが多いね。,There are a lot of children in this park.
dictionary,A1,noun,辞書,じしょ,X,言葉の意味や使い方を調べる本。,X,分からない言葉は辞書で調べてね。,Look up words you don't know in a dictionary.
school,A1,noun,学校,がっこう,X,学習するための施設。,X,学校は駅から歩いて十分くらいです。,The school is about a ten-minute walk from the station.
student,A1,noun,学生,がくせい,X,学ぶ人。,X,この店は学生がよく来る。,Students come to this shop a lot.
cheap,A1,adjective,安い,やすい,X,値段が低いこと。,X,このスーパー、野菜が安いよ。,Vegetables are cheap at this supermarket.
house,A1,noun,家,いえ,X,住むための建物。,X,今日は家で映画を見るつもり。,I'm planning to watch a movie at home today.
household,A1,noun,家庭,かてい,X,暮らしを営む単位。,X,仕事と家庭の両立は簡単じゃない。,Balancing work and home life isn't easy.
family,A1,noun,家族,かぞく,X,親子や親族を含む集まり。,X,正月は家族と過ごしました。,I spent New Year's with my family.
homework,A1,noun,宿題,しゅくだい,X,学習者に与えられる課題。,X,宿題、寝る前に終わらせてね。,Finish your homework before bed.
cold,A1,adjective,寒い,さむい,X,気温が低いこと。,X,今日は昨日より寒いね。,It's colder today than yesterday.
"go to bed, lie down",A1,verb,寝る,ねる,X,横になって眠ること。,X,明日は早いから、もう寝るね。,"I have an early start tomorrow, so I'm going to bed."
envelope,A1,noun,封筒,ふうとう,X,手紙を入れる紙の入れ物。,X,この書類を封筒に入れてください。,Please put this document in an envelope.
small,A1,adjective,小さい,ちいさい,X,大きさが小さいこと。,X,もう少し小さいサイズはありますか。,Do you have a smaller size?
a little,A1,adverb,少し,すこし,X,量が少しであること。,X,あと少しで駅に着くよ。,We'll be at the station in a little bit.
few,A1,adjective,少ない,すくない,X,数量が少ないこと。,X,今年は去年より雨が少ない。,We've had less rain this year than last year.
"be, exist",A1,verb,いる,いる,X,生物が存在すること。,X,今、家に誰かいる？,Is anyone home right now?
mountain,A1,noun,山,やま,X,地面が高く盛り上がった所。,X,あの山、冬は雪で真っ白になる。,That mountain turns completely white with snow in winter.
island,A1,noun,島,しま,X,,X,この島には橋で渡れます。,You can get to this island by bridge.
river,A1,noun,川,かわ,X,水が流れる道。,X,川の近くは朝、少し涼しい。,It's a little cool near the river in the morning.
left,A1,noun,左,ひだり,X,方角の左。,X,郵便局は銀行の左にあります。,The post office is to the left of the bank.
"raise, shine, be visible",A1,verb,差す,さす,X,光が差し込むこと。,X,窓から朝日が差してきた。,The morning sun started shining through the window.
"return, go home",A1,verb,帰る,かえる,X,自宅へ戻ること。,X,今日は早めに家に帰る。,I'm going home a little early today.
hat,A1,noun,帽子,ぼうし,X,頭にかぶる物。,X,日差しが強いから、帽子をかぶっていこう。,"The sun is strong, so let's wear a hat."
year,A1,noun,年,とし,X,時間の単位。,X,日本に来て三年になります。,It's been three years since I came to Japan.
how many,A1,pronoun,いくつ,いくつ,X,数量を問う言葉。,X,りんご、いくつ買えばいい？,How many apples should I buy?
how much,A1,pronoun,いくら,いくら,X,金額を問う言葉。,X,これ、いくらですか。,How much is this?
"wide, spacious",A1,adjective,広い,ひろい,X,広がりが大きいこと。,X,この公園、思ったより広いね。,This park is bigger than I expected.
"store, restaurant",A1,noun,店,みせ,X,商品や料理を扱う場所。,X,駅の近くに新しい店ができた。,A new shop opened near the station.
sit,A1,verb,座る,すわる,X,腰を曲げて座ること。,X,どうぞ、こちらに座ってください。,Please have a seat here.
garden,A1,noun,庭,にわ,X,家の外の植え込みや遊び場。,X,庭でトマトを育てている。,I'm growing tomatoes in the garden.
building,A1,noun,建物,たてもの,X,人が作った構造物。,X,駅の前に高い建物ができた。,A tall building went up in front of the station.
pull,A1,verb,引く,ひく,X,物を自分の方へ動かすこと。,X,ドアは引いて開けてください。,Pull the door to open it.
younger brother,A1,noun,弟,おとうと,X,年下の男の兄弟。,X,弟は今年大学に入りました。,My younger brother started university this year.
weak,A1,adjective,弱い,よわい,X,力が弱いこと。,X,風邪をひいて、まだ体が弱い。,I'm still weak after having a cold.
strong,A1,adjective,強い,つよい,X,力が強いこと。,X,今日は風が強いね。,The wind is strong today.
play an instrument,A1,verb,弾く,ひく,X,楽器を鳴らすこと。,X,妹はピアノを弾くのが好きです。,My younger sister likes playing the piano.
that over there,A1,pronoun,あれ,あれ,X,遠くにある物を指す言葉。,X,あれ、誰の傘？,Whose umbrella is that over there?
over there,A1,adverb,あそこ,あそこ,X,遠い場所を指す言葉。,X,あそこにコンビニがあるよ。,There's a convenience store over there.
over there,A1,adverb,あちら,あちら,X,遠方を指す言葉。,X,受付はあちらです。,Reception is over there.
wait,A1,verb,待つ,まつ,X,時間や場所で待機すること。,X,駅で十分くらい待った。,I waited at the station for about ten minutes.
after,A1,noun,後,あと,X,後の時を示す言葉。,X,仕事の後で買い物に行く。,I'm going shopping after work.
behind,A1,noun,後ろ,うしろ,X,背中側を示す言葉。,X,後ろの席、空いてるよ。,The seat in the back is free.
police officer,A1,noun,お巡りさん,おまわりさん,X,街で巡回する警察官。,X,道が分からなくて、お巡りさんに聞いた。,"I didn't know the way, so I asked a police officer."
how old,A1,pronoun,おいくつ,おいくつ,X,年齢を尋ねる丁寧な言葉。,X,失礼ですが、おいくつですか。,"Excuse me, but how old are you?"
grandmother,A1,noun,おばあさん,おばあさん,X,母親の母を呼ぶ言葉。,X,おばあさんは今年八十歳です。,My grandmother is eighty this year.
stomach,A1,noun,お腹,おなか,X,食べ物を消化する体の部分。,X,お腹すいた？,Are you hungry?
cooked rice,A1,noun,ご飯,ごはん,X,炊いた米。,X,朝はご飯とみそ汁を食べることが多い。,I often have rice and miso soup for breakfast.
forget,A1,verb,忘れる,わすれる,X,記憶から失うこと。,X,傘、電車に忘れたかも。,I might have left my umbrella on the train.
busy,A1,adjective,忙しい,いそがしい,X,用事が多くて余裕がないこと。,X,今週は忙しくて、全然時間がない。,I'm busy this week and have no time at all.
bad,A1,adjective,悪い,わるい,X,よくないこと。,X,今日は天気が悪いね。,The weather is bad today.
meaning,A1,noun,意味,いみ,X,言葉の内容や意味。,X,この言葉の意味、分かる？,Do you know what this word means?
become,A1,verb,なる,なる,X,別の状態に移ること。,X,暗くなる前に帰ろう。,Let's go home before it gets dark.
sliding door,A1,noun,戸,と,X,家の出入口の板。,X,風が強いから、戸を閉めて。,"It's windy, so close the sliding door."
place,A1,noun,所,ところ,X,位置や場所。,X,静かな所で少し休みたい。,I'd like to rest somewhere quiet for a bit.
hand,A1,noun,手,て,X,腕の先の部分。,X,寒くて手が冷たい。,My hands are cold.
letter,A1,noun,手紙,てがみ,X,文字で書いた便り。,X,祖母から手紙が届いた。,I got a letter from my grandmother.
push,A1,verb,押す,おす,X,物を前へ押すこと。,X,このボタンを押してください。,"Press this button, please."
"have, hold, carry",A1,verb,持つ,もつ,X,手に持つこと。,X,今日は傘を持っていったほうがいいよ。,You should take an umbrella today.
raise,A1,verb,挙げる,あげる,X,差し出すこと。,X,質問がある人は手を挙げてください。,"If you have a question, please raise your hand."
cleaning,A1,noun,掃除,そうじ,X,家の掃除。,X,休みの日に部屋の掃除をした。,I cleaned my room on my day off.
lesson,A1,noun,授業,じゅぎょう,X,授けられる学び。,X,午後の授業は二時からです。,The afternoon class starts at two.
"take, cost",A1,verb,掛かる,かかる,X,時間や費用が必要になること。,X,駅まで歩くと二十分くらいかかる。,It takes about twenty minutes to walk to the station.
hang up,A1,verb,掛ける,かける,X,物を上や外へかけること。,X,コートはそこに掛けてください。,Please hang your coat there.
fry,A1,verb,揚げる,あげる,X,油で揚げること。,X,今日は家で魚を揚げる予定です。,I'm planning to fry fish at home today.
"teach, tell",A1,verb,教える,おしえる,X,知識を伝えること。,X,駅までの行き方を教えてください。,Please tell me how to get to the station.
classroom,A1,noun,教室,きょうしつ,X,授業を行う部屋。,X,次の授業は三階の教室です。,The next class is in a classroom on the third floor.
strolling,A1,noun,散歩,さんぽ,X,気楽に歩くこと。,X,夕飯の後、近所を散歩した。,I took a walk around the neighborhood after dinner.
text,A1,noun,文章,ぶんしょう,X,まとまった文章。,X,この文章、もう一度読んでみて。,Try reading this text one more time.
cuisine,A1,noun,料理,りょうり,X,調理した食べ物。,X,日本料理で何が一番好き？,What's your favorite Japanese food?
new,A1,adjective,新しい,あたらしい,X,新しくできた様子。,X,新しい靴、もう履いた？,Have you worn your new shoes yet?
newspaper,A1,noun,新聞,しんぶん,X,世の中の出来事を伝える紙。,X,父は毎朝新聞を読んでいる。,My father reads the newspaper every morning.
person,A1,noun,方,かた,X,人を敬っていう言葉。,X,受付の方に聞いてみてください。,Please ask the person at reception.
travel,A1,noun,旅行,りょこう,X,遠出をすること。,X,来月、友達と北海道へ旅行します。,I'm traveling to Hokkaido with a friend next month.
Sunday,A1,noun,日曜日,にちようび,X,週の最終日。,X,日曜日は店が休みです。,The shop is closed on Sundays.
early,A1,adjective,早い,はやい,X,時間が早いこと。,X,今日はいつもより起きるのが早かった。,I got up earlier than usual today.
rise,A1,verb,昇る,のぼる,X,太陽や月が上がること。,X,山の向こうから月が昇ってきた。,The moon rose from behind the mountain.
"bright, well-lit",A1,adjective,明るい,あかるい,X,光が多く暗くない様子。,X,この部屋は窓が大きくて明るい。,This room is bright because it has big windows.
day after tomorrow,A1,adverb,明後日,あさって,X,二日後を示す語。,X,明後日は朝から仕事です。,I have work from the morning the day after tomorrow.
tomorrow,A1,adverb,明日,あした,X,翌日を示す語。,X,明日は雨らしいよ。,I heard it's going to rain tomorrow.
easy,A1,adjective,やさしい,やさしい,X,難しくないこと。,X,この問題は思ったよりやさしかった。,This problem was easier than I expected.
film,A1,noun,映画,えいが,X,映像を記録した作品。,X,週末に友達と映画を見た。,I watched a movie with a friend over the weekend.
cinema,A1,noun,映画館,えいがかん,X,映像を鑑賞する施設。,X,映画館は駅のすぐ前にあります。,The movie theater is right in front of the station.
spring,A1,noun,春,はる,X,冬と夏の間の季節。,X,春になるとこの公園は桜がきれいです。,The cherry blossoms in this park are beautiful in spring.
yesterday,A1,noun,昨日,きのう,X,前日を示す語。,X,昨日は家でずっと休んでた。,I stayed home and rested all day yesterday.
midday,A1,noun,昼,ひる,X,日の明るい時間。,X,昼は駅前で食べよう。,Let's eat near the station for lunch.
lunch,A1,noun,昼ご飯,ひるごはん,X,昼に食べる食事。,X,今日の昼ご飯、何にする？,What shall we have for lunch today?
sometimes,A1,adverb,時々,ときどき,X,時々起こること。,X,週末は時々このカフェに来る。,I sometimes come to this cafe on weekends.
clock,A1,noun,時計,とけい,X,時刻を示す道具。,X,時計を見たら、もう十一時だった。,I looked at the clock and it was already eleven.
"time, hour",A1,noun,時間,じかん,X,一定の時の長さ。,X,まだ時間あるから、急がなくていいよ。,"We still have time, so there's no need to hurry."
evening,A1,noun,晩,ばん,X,日が暮れた後の時間。,X,今晩は家でゆっくりする。,I'm taking it easy at home this evening.
dinner,A1,noun,晩ご飯,ばんごはん,X,夜に食べる食事。,X,晩ご飯、外で食べない？,Want to eat dinner out?
clear weather,A1,noun,晴れ,はれ,X,雲がなく太陽が出ている状態。,X,明日は晴れみたいだよ。,It looks like it'll be sunny tomorrow.
be sunny,A1,verb,晴れる,はれる,X,雲がなく太陽が出ること。,X,午後には晴れるらしい。,I heard it'll clear up this afternoon.
free time,A1,noun,暇,ひま,X,自由に使える時間。,X,今日は暇だから、映画でも見ようかな。,"I'm free today, so maybe I'll watch a movie."
hot,A1,adjective,暑い,あつい,X,気温が高いこと。,X,今日は本当に暑いね。,It's really hot today.
warm,A1,adjective,暖かい,あたたかい,X,温度が少し高いこと。,X,今日は暖かいから、上着はいらないね。,"It's warm today, so we don't need jackets."
dark,A1,adjective,暗い,くらい,X,光が少なく暗いこと。,X,この道、夜は暗いから気をつけて。,Be careful on this road at night because it's dark.
be bent,A1,verb,曲がる,まがる,X,道や体が曲がること。,X,次の角を左に曲がってください。,Turn left at the next corner.
write,A1,verb,書く,かく,X,文字で表すこと。,X,ここに住所と名前を書いてください。,Please write your address and name here.
Monday,A1,noun,月曜日,げつようび,X,週の最初の日。,X,月曜日は朝から会議があります。,I have a meeting first thing Monday morning.
have,A1,verb,ある,ある,X,存在すること。,X,時間はまだあるよ。,We still have time.
famous,A1,adjective,有名,ゆうめい,X,広く知られていること。,X,この店、地元では有名らしいよ。,I hear this shop is famous locally.
clothes,A1,noun,服,ふく,X,身に着ける布。,X,旅行には動きやすい服で行くつもり。,I'm planning to wear comfortable clothes for the trip.
morning,A1,noun,朝,あさ,X,日の始まりの時間。,X,朝はいつも六時半に起きる。,I always get up at 6:30 in the morning.
breakfast,A1,noun,朝ご飯,あさごはん,X,朝に食べる食事。,X,朝ご飯、もう食べた？,Have you had breakfast yet?
tree,A1,noun,木,き,X,幹や枝を持つ植物。,X,庭に大きな木が一本ある。,There's a big tree in the garden.
Thursday,A1,noun,木曜日,もくようび,X,週の四日目。,X,木曜日なら空いています。,I'm free on Thursday.
"not yet, still",A1,adverb,まだ,まだ,X,まだ起きていないこと。,X,宿題はまだ終わってない。,I haven't finished my homework yet.
book,A1,noun,本,ほん,X,読むための冊子。,X,旅行に読む本を一冊持っていく。,I'm taking a book to read on the trip.
real,A1,noun,本当,ほんとう,X,事実であること。,X,それ、本当なの？,Is that really true?
bookshelf,A1,noun,本棚,ほんだな,X,本を並べて置く棚。,X,読み終わった本は本棚に戻してね。,Put the books back on the bookshelf when you're done reading them.
desk,A1,noun,机,つくえ,X,学習や仕事に使う机。,X,机の上、少し片づけたほうがいいよ。,You should tidy up your desk a little.
village,A1,noun,村,むら,X,人が集まって暮らす小さな場所。,X,祖父母は小さな村に住んでいる。,My grandparents live in a small village.
come,A1,verb,来る,くる,X,自分の方へ来ること。,X,明日、友達が家に来る。,A friend is coming over tomorrow.
next year,A1,adverb,来年,らいねん,X,翌年を示す語。,X,来年は日本に住みたいと思ってる。,I'd like to live in Japan next year.
next month,A1,adverb,来月,らいげつ,X,翌月を示す語。,X,来月から新しい仕事が始まる。,I start a new job next month.
next week,A1,adverb,来週,らいしゅう,X,翌週を示す語。,X,来週、またここで会いましょう。,Let's meet here again next week.
east,A1,noun,東,ひがし,X,日の昇る方角。,X,朝日が東から昇る。,The sun rises in the east.
apple,A1,noun,りんご,りんご,X,甘酸っぱい果実をつける木、またはその果実。,X,りんごを一つもらってもいい？,Can I have an apple?
fruit,A1,noun,果物,くだもの,X,食べられる植物の実。,X,朝は果物を食べることが多い。,I often eat fruit in the morning.
chair,A1,noun,椅子,いす,X,腰掛ける家具。,X,この椅子、座ってもいいですか。,May I sit in this chair?
fun,A1,adjective,楽しい,たのしい,X,楽しみを感じること。,X,昨日の旅行、すごく楽しかった。,Yesterday's trip was a lot of fun.
horizontal,A1,noun,横,よこ,X,横の方向。,X,かばんは椅子の横に置いてください。,Please put your bag beside the chair.
bridge,A1,noun,橋,はし,X,川や道を渡す建造物。,X,この橋を渡ると駅があります。,Cross this bridge and you'll come to the station.
next,A1,noun,次,つぎ,X,次に来るもの。,X,次は新宿です。,Next is Shinjuku.
"want, desirable",A1,adjective,欲しい,ほしい,X,強く望むこと。,X,新しい靴が欲しいんだけど、どこで買おうかな。,"I want some new shoes, but I'm not sure where to buy them."
song,A1,noun,歌,うた,X,声を出して節をつけるもの。,X,この歌、どこかで聞いたことがある。,I've heard this song somewhere before.
sing,A1,verb,歌う,うたう,X,声を出して歌うこと。,X,みんなで一緒に歌おう。,Let's all sing together.
stop,A1,verb,止まる,とまる,X,動きが止まること。,X,この電車は次の駅で止まります。,This train stops at the next station.
this,A1,adjective,この,この,X,近くの物を示す言葉。,X,この席、空いてますか。,Is this seat free?
this,A1,pronoun,これ,これ,X,近くの物を指す代名詞。,X,これ、誰の忘れ物？,Who left this behind?
here,A1,adverb,ここ,ここ,X,近い場所を指す言葉。,X,ここで少し待ってて。,Wait here for a little while.
this way,A1,pronoun,こちら,こちら,X,話し手側の方向を示す言葉。,X,こちらへどうぞ。,"This way, please."
walk,A1,verb,歩く,あるく,X,足を使って進むこと。,X,駅まで歩いて行こう。,Let's walk to the station.
tooth,A1,noun,歯,は,X,口の中にある硬い部分。,X,冷たい物を食べると歯が痛い。,My tooth hurts when I eat something cold.
die,A1,verb,死ぬ,しぬ,X,生命を失うこと。,X,この花、冬になると全部死んでしまう。,These flowers all die when winter comes.
gradually,A1,adverb,だんだん,だんだん,X,少しずつ変化すること。,X,日本の生活にもだんだん慣れてきた。,I'm gradually getting used to life in Japan.
every year,A1,adverb,毎年,まいとし,X,毎年繰り返すこと。,X,毎年、夏に北海道へ行きます。,I go to Hokkaido every summer.
every day,A1,adverb,毎日,まいにち,X,毎日起こること。,X,毎日この道を歩いて会社に行く。,I walk this way to work every day.
every evening,A1,adverb,毎晩,まいばん,X,毎晩繰り返すこと。,X,毎晩寝る前に本を読む。,I read before bed every night.
every month,A1,adverb,毎月,まいつき,X,毎月繰り返すこと。,X,家賃は毎月二十五日に払います。,I pay the rent on the 25th of every month.
every morning,A1,adverb,毎朝,まいあさ,X,毎朝繰り返すこと。,X,毎朝コーヒーを一杯飲む。,I drink a cup of coffee every morning.
every week,A1,adverb,毎週,まいしゅう,X,毎週繰り返すこと。,X,毎週金曜日に日本語の授業があります。,I have Japanese class every Friday.
water,A1,noun,水,みず,X,生命に必要な液体。,X,暑いから、水をたくさん飲んでね。,"It's hot, so drink plenty of water."
Wednesday,A1,noun,水曜日,すいようび,X,週の三日目。,X,水曜日の午後なら時間があります。,I'm free Wednesday afternoon.
dirty,A1,adjective,汚い,きたない,X,清潔でないこと。,X,その靴、泥でかなり汚いよ。,Those shoes are pretty dirty from the mud.
pond,A1,noun,池,いけ,X,水がたまった場所。,X,公園の池に鯉がたくさんいる。,There are lots of carp in the pond at the park.
a lot,A1,adjective,たくさん,たくさん,X,量が多いこと。,X,写真、たくさん撮った？,Did you take lots of photos?
swim,A1,verb,泳ぐ,およぐ,X,水の中を体で進むこと。,X,夏は海で泳ぐのが好き。,I like swimming in the sea in summer.
Western-style clothing,A1,noun,洋服,ようふく,X,西洋風の衣服。,X,明日の面接に着ていく洋服を選んでる。,I'm choosing what to wear to tomorrow's interview.
wash,A1,verb,洗う,あらう,X,汚れを落とすこと。,X,帰ったら手を洗ってね。,Wash your hands when you get home.
laundry,A1,noun,洗濯,せんたく,X,衣服を洗うこと。,X,今日は洗濯を二回もした。,I did two loads of laundry today.
"bask, take a shower",A1,verb,浴びる,あびる,X,水を浴びること。,X,暑かったから、帰ってすぐシャワーを浴びた。,"It was hot, so I took a shower as soon as I got home."
sea,A1,noun,海,うみ,X,広い水の場所。,X,ホテルの部屋から海が見える。,You can see the sea from the hotel room.
disappear,A1,verb,消える,きえる,X,姿がなくなること。,X,さっきまで出ていた虹が消えた。,The rainbow that was there a moment ago disappeared.
"turn off, erase",A1,verb,消す,けす,X,灯りや文字を消すこと。,X,部屋を出るとき、電気を消してね。,Turn off the light when you leave the room.
cool,A1,adjective,涼しい,すずしい,X,気温が低く心地よいこと。,X,夕方は風が出て少し涼しい。,It gets a little cool and breezy in the evening.
carry across,A1,verb,渡す,わたす,X,物を相手に渡すこと。,X,この書類、受付の人に渡してください。,Please give this document to the person at reception.
cross,A1,verb,渡る,わたる,X,水や道を越えること。,X,信号が青になったら道を渡ろう。,Let's cross the street when the light turns green.
lukewarm,A1,adjective,ぬるい,ぬるい,X,温度が中途半端に低いこと。,X,このお茶、もうぬるいね。,This tea is already lukewarm.
warm,A1,adjective,温かい,あたたかい,X,心地よい暖かさ。,X,スープがまだ温かいうちに食べて。,Eat the soup while it's still warm.
Chinese character,A1,noun,漢字,かんじ,X,日本で使う文字の一種。,X,この漢字、どう読むの？,How do you read this kanji?
Tuesday,A1,noun,火曜日,かようび,X,週の二日目。,X,火曜日は午後から仕事です。,I work from the afternoon on Tuesday.
ashtray,A1,noun,灰皿,はいざら,X,吸殻を入れる器。,X,この店、灰皿は外にあります。,The ashtrays are outside at this place.
do,A1,verb,する,する,X,行動をすること。,X,今日は家で何する？,What are you doing at home today?
does not exist,A1,verb,ない,ない,X,存在しないこと。,X,冷蔵庫に卵がない。,There are no eggs in the fridge.
"lose, get rid of",A1,verb,なくす,なくす,X,物をなくすこと。,X,また鍵をなくしたの？,Did you lose your keys again?
however,A1,conjunction,しかし,しかし,X,逆接を表す語。,X,行きたい。しかし、今日は時間がない。,"I'd like to go. However, I don't have time today."
and then,A1,conjunction,そして,そして,X,続いて行うことを示す語。,X,駅で友達に会った。そして、一緒に昼ご飯を食べた。,"I met a friend at the station, and then we had lunch together."
tobacco,A1,noun,たばこ,たばこ,X,吸って使う植物の葉。,X,ここはたばこを吸ってもいい場所ですか。,Is smoking allowed here?
"noisy, loud, annoying",A1,adjective,うるさい,うるさい,X,音が大きく迷惑なこと。,X,隣の部屋、朝からずっとうるさい。,The room next door has been noisy all morning.
hot,A1,adjective,熱い,あつい,X,温度が非常に高いこと。,X,この皿、まだ熱いから気をつけて。,"This plate is still hot, so be careful."
milk,A1,noun,牛乳,ぎゅうにゅう,X,牛の乳から作る飲み物。,X,牛乳、帰りに買ってきてくれる？,Could you buy some milk on your way home?
beef,A1,noun,牛肉,ぎゅうにく,X,牛の肉。,X,今夜は牛肉のカレーを作るよ。,I'm making beef curry tonight.
thing,A1,noun,物,もの,X,存在する事物。,X,重い物は下の棚に置いてください。,Please put heavy things on the lower shelf.
dog,A1,noun,犬,いぬ,X,飼われる四足の動物。,X,近所の犬が毎朝ここを散歩してる。,A neighborhood dog walks by here every morning.
"narrow, confined",A1,adjective,狭い,せまい,X,幅が狭いこと。,X,この道は狭いから、車に気をつけて。,"This road is narrow, so watch out for cars."
cat,A1,noun,猫,ねこ,X,飼われる小さな動物。,X,猫がソファで寝ている。,The cat is sleeping on the sofa.
entranceway,A1,noun,玄関,げんかん,X,出入りの場所。,X,荷物は玄関に置いておいて。,Leave your bag in the entryway.
gram,A1,noun,グラム,グラム,X,重さの単位。,X,この肉を二百グラムください。,I'd like 200 grams of this meat.
sweet,A1,adjective,甘い,あまい,X,甘い味。,X,このいちご、すごく甘い。,These strawberries are really sweet.
be born,A1,verb,生まれる,うまれる,X,生命が始まること。,X,妹に赤ちゃんが生まれた。,My younger sister had a baby.
pupil,A1,noun,生徒,せいと,X,学校で学ぶ人。,X,この学校には生徒が五百人います。,There are 500 students at this school.
man,A1,noun,男,おとこ,X,成人した男性。,X,入口に男の人が立っている。,There's a man standing at the entrance.
boy,A1,noun,男の子,おとこのこ,X,年少の男性。,X,男の子が公園でボールを蹴っている。,A boy is kicking a ball in the park.
men and women,A1,noun,男女,だんじょ,X,男女を合わせて指す言葉。,X,このクラスは男女合わせて三十人です。,"There are thirty students in this class, boys and girls combined."
town,A1,noun,町,まち,X,人が集まる場所。,X,この町は海が近くて暮らしやすい。,This town is close to the sea and easy to live in.
exchange student,A1,noun,留学生,りゅうがくせい,X,外国から来て学ぶ人。,X,大学で日本人の学生と留学生が一緒に勉強している。,Japanese students and international students study together at the university.
assigned number,A1,noun,番号,ばんごう,X,順番を示す数字。,X,受付で番号を呼ばれるまで待ってください。,Please wait until your number is called at reception.
be tired,A1,verb,疲れる,つかれる,X,体が疲れること。,X,今日は歩きすぎて疲れた。,I walked too much today and I'm tired.
disease,A1,noun,病気,びょうき,X,体調が悪いこと。,X,病気のときは無理せず休んでね。,"When you're sick, don't push yourself—get some rest."
hospital,A1,noun,病院,びょういん,X,治療を行う施設。,X,母は今、病院で働いています。,My mother works at a hospital now.
"painful, sore",A1,adjective,痛い,いたい,X,体に痛みを感じること。,X,昨日から喉が痛い。,My throat has hurt since yesterday.
climb,A1,verb,登る,のぼる,X,山や坂を上へ行くこと。,X,週末に友達と山に登った。,I climbed a mountain with a friend over the weekend.
white,A1,noun,白,しろ,X,色の一つ。,X,壁は白にしたい。,I want the walls to be white.
white,A1,adjective,白い,しろい,X,白色をした様子。,X,今日は白いシャツを着てきた。,I'm wearing a white shirt today.
hundred,A1,numeral,百,ひゃく,X,数字の「100」。,X,この店、百円の商品もあるよ。,This shop has some 100-yen items too.
everyone,A1,noun,みんな,みんな,X,全ての人。,X,みんな、もう準備できた？,Is everyone ready?
everyone,A1,noun,皆さん,みなさん,X,人々への丁寧な呼び方。,X,皆さん、こちらをご覧ください。,"Everyone, please look this way."
eye,A1,noun,目,め,X,物を見るための器官。,X,目にごみが入って痛い。,I got something in my eye and it hurts.
straight ahead,A1,adverb,まっすぐ,まっすぐ,X,一直線に進むこと。,X,この道をまっすぐ行くと駅です。,Go straight down this road and you'll reach the station.
eyeglasses,A1,noun,眼鏡,めがね,X,視力を助ける道具。,X,眼鏡をかけないと、遠くがよく見えない。,I can't see far away very well without my glasses.
arrive,A1,verb,着く,つく,X,目的地に到着すること。,X,駅に着いたら電話して。,Call me when you arrive at the station.
wear,A1,verb,着る,きる,X,衣服を身につけること。,X,今日は新しいコートを着てきた。,I'm wearing my new coat today.
know,A1,verb,知る,しる,X,知識として得ること。,X,その店なら知ってるよ。,I know that shop.
short,A1,adjective,短い,みじかい,X,長さが短いこと。,X,髪、前より短くなったね。,Your hair is shorter than before.
soap,A1,noun,せっけん,せっけん,X,体を洗うための固形物。,X,手をせっけんでよく洗ってね。,Wash your hands well with soap.
sugar,A1,noun,砂糖,さとう,X,甘い白い調味料。,X,コーヒーに砂糖は入れますか。,Do you take sugar in your coffee?
"polish, brush",A1,verb,磨く,みがく,X,表面をこすること。,X,寝る前に歯を磨いてね。,Brush your teeth before bed.
"I, me",A1,pronoun,私,わたし,X,自分を指す言葉。,X,私は来月から大阪で働きます。,I'm starting work in Osaka next month.
"fall, autumn",A1,noun,秋,あき,X,秋の季節。,X,秋になると朝晩が涼しくなる。,Mornings and evenings get cooler in autumn.
sky,A1,noun,空,そら,X,大気の広がり。,X,今日は空がきれいだね。,The sky is beautiful today.
be vacant,A1,verb,空く,あく,X,空間が開いていること。,X,この席、空いてますか。,Is this seat free?
window,A1,noun,窓,まど,X,建物の壁にある開口部。,X,暑いから窓を開けてもいい？,It's hot—can I open the window?
stand,A1,verb,立つ,たつ,X,足で立つこと。,X,ここに一列に立ってください。,Please stand in a single line here.
"fine, splendid",A1,adjective,立派,りっぱ,X,立派で優れた様子。,X,駅の前に立派なホテルができた。,An impressive hotel opened in front of the station.
"and so on, and the like",A1,particle,など,など,X,類似する物を並べる言葉。,X,飲み物やお菓子などは持ち込みできます。,"You may bring in drinks, snacks, and similar items."
answer,A1,verb,答える,こたえる,X,質問に返事すること。,X,名前を呼ばれたら答えてください。,Please answer when your name is called.
box,A1,noun,箱,はこ,X,物を入れる容器。,X,この箱、重いから一緒に持って。,"This box is heavy, so help me carry it."
chopsticks,A1,noun,箸,はし,X,食事に使う細い棒。,X,箸、もう一膳もらえますか。,Could I have another pair of chopsticks?
meter,A1,noun,メートル,メートル,X,長さを測る単位。,X,駅まであと五百メートルくらいです。,It's about another 500 meters to the station.
black tea,A1,noun,紅茶,こうちゃ,X,茶の一種。,X,紅茶はミルクなしでお願いします。,"Tea without milk, please."
paper,A1,noun,紙,かみ,X,字を書く素材。,X,この紙に電話番号を書いてください。,Please write your phone number on this paper.
thin,A1,adjective,細い,ほそい,X,幅が細いこと。,X,この道は細いから、車では入りにくい。,"This road is narrow, so it's hard to get in by car."
end,A1,verb,終わる,おわる,X,物事が終わること。,X,授業は四時に終わるよ。,Class ends at four.
marriage,A1,noun,結婚,けっこん,X,二人が夫婦になること。,X,姉は去年結婚しました。,My older sister got married last year.
"enough, no thank you",A1,adjective,結構,けっこう,X,十分で、これ以上はいらないことを表す言い方。,X,コーヒーはもう結構です。,"No more coffee, thank you."
picture,A1,noun,絵,え,X,描かれた図。,X,壁に子どもが描いた絵が飾ってある。,A picture drawn by a child is hanging on the wall.
"pretty, beautiful",A1,adjective,きれい,きれい,X,見た目が美しい様子。,X,この花、きれいだね。,This flower is beautiful.
"greenery, green",A1,noun,緑,みどり,X,植物の緑色や草木。,X,春になると山の緑が濃くなる。,The mountains get greener in spring.
fasten,A1,verb,締める,しめる,X,固く閉じること。,X,寒いから窓をしっかり締めて。,"It's cold, so close the window tightly."
practice,A1,noun,練習,れんしゅう,X,技能を繰り返して学ぶこと。,X,毎日少しずつ会話の練習をしている。,I practice conversation a little every day.
vertical,A1,noun,縦,たて,X,縦の方向。,X,紙を縦に半分に折ってください。,Fold the paper in half vertically.
"put, place",A1,verb,置く,おく,X,物を一定の場所に置くこと。,X,荷物はここに置いてください。,Please put your luggage here.
delicious,A1,adjective,美味しい,おいしい,X,味がよいこと。,X,このパン、焼きたてでおいしい。,This bread is freshly baked and delicious.
"learn, study, receive training",A1,verb,習う,ならう,X,学んで身につけること。,X,週に一回、日本語を習っています。,I take Japanese lessons once a week.
ear,A1,noun,耳,みみ,X,聴覚器官。,X,電車の中でずっとイヤホンしてたら、耳が痛くなった。,My ears started hurting after I wore earphones the whole train ride.
ask,A1,verb,聞く,きく,X,分からないことなどを人に尋ねること。,X,分からないことがあったら、先生に聞いてみて。,"If there's something you don't understand, try asking the teacher."
listen,A1,verb,聴く,きく,X,注意して音を聞くこと。,X,寝る前に静かな音楽を聴くのが好き。,I like listening to quiet music before bed.
meat,A1,noun,肉,にく,X,動物の筋肉部分。,X,今夜は肉じゃなくて魚にしようか。,Shall we have fish instead of meat tonight?
height,A1,noun,背,せ,X,体の高さ。,X,弟、去年よりずいぶん背が伸びたね。,My younger brother has gotten a lot taller since last year.
suit,A1,noun,背広,せびろ,X,上下そろいで着る洋服。特に男性用のスーツ。,X,式には背広を着て行った。,I wore a suit to the ceremony.
leg,A1,noun,脚,あし,X,人や動物の、胴から下に伸びて歩くのに使う部分。,X,昨日たくさん歩いたから、脚が少し痛い。,My legs are a little sore because I walked a lot yesterday.
take off,A1,verb,脱ぐ,ぬぐ,X,身に着けている物を外すこと。,X,暑かったら、上着は脱いでいいよ。,"If you're hot, you can take off your jacket."
oneself,A1,pronoun,自分,じぶん,X,自分自身を指す言葉。,X,自分の荷物は自分で持ってね。,"Carry your own bag yourself, okay?"
automobile,A1,noun,自動車,じどうしゃ,X,動力で走る乗り物。,X,この道は自動車が多いから気をつけて。,"There are a lot of cars on this road, so be careful."
bicycle,A1,noun,自転車,じてんしゃ,X,人がこいで進む二輪の乗り物。,X,駅まで自転車で十分くらいです。,It's about ten minutes to the station by bicycle.
"good, okay",A1,adjective,いい,いい,X,望ましいことや、問題がないことを表す言葉。,X,待ち合わせは七時でいい？,Is seven okay for meeting?
often,A1,adverb,よく,よく,X,頻繁に。,X,この店には昼休みによく来る。,I often come to this place during my lunch break.
color,A1,noun,色,いろ,X,物の見た目の色合い。,X,同じ形で、違う色はありますか。,Do you have this in the same shape but a different color?
various,A1,adjective,いろいろ,いろいろ,X,多様な様子。,X,旅行先でいろいろな料理を食べてみたい。,I'd like to try various kinds of food while traveling.
flower,A1,noun,花,はな,X,植物に咲く、色や形のある部分。,X,玄関に花を飾ると、部屋が明るくなるね。,Putting flowers by the entrance really brightens up the room.
flower vase,A1,noun,花瓶,かびん,X,花を飾る容器。,X,この花瓶に水を入れてくれる？,Could you put some water in this vase?
young,A1,adjective,若い,わかい,X,年が少ないこと。,X,写真を見ると、父もこのころは若いね。,"Looking at this photo, my father was young then too."
English,A1,noun,英語,えいご,X,英語圏で使う言語。,X,この店のメニューには英語も書いてある。,This restaurant's menu is written in English too.
rice bowl,A1,noun,茶碗,ちゃわん,X,飯を盛る小さな器。,X,ご飯、茶碗に少なめによそって。,Give me a small serving of rice in my bowl.
brown,A1,noun,茶色,ちゃいろ,X,茶に似た色。,X,この靴、黒と茶色ならどっちがいい？,"Which do you prefer for these shoes, black or brown?"
luggage,A1,noun,荷物,にもつ,X,運ぶ荷。,X,荷物が多いから、タクシーで行こう。,"We have a lot of luggage, so let's take a taxi."
postcard,A1,noun,はがき,はがき,X,送るための小さな紙。,X,旅行先から祖母にはがきを送った。,I sent my grandmother a postcard from my trip.
thin,A1,adjective,薄い,うすい,X,厚みがないこと。,X,この紙は薄いから、二枚重ねたほうがいいよ。,"This paper is thin, so you should use two sheets."
medicine,A1,noun,薬,くすり,X,病気を治すための物。,X,この薬は食後に飲んでください。,Take this medicine after meals.
go,A1,verb,行く,いく,X,ある場所へ向かうこと。,X,明日は仕事のあとで歯医者に行く。,I'm going to the dentist after work tomorrow.
town,A1,noun,街,まち,X,人が集まる場所。,X,この街は夜でも人が多いね。,There are a lot of people out in this town even at night.
west,A1,noun,西,にし,X,日の沈む方角。,X,駅の西口で待ち合わせしよう。,Let's meet at the west exit of the station.
need,A1,verb,いる,いる,X,必要とすること。,X,予約するとき、名前と電話番号がいるよ。,You'll need your name and phone number when you make the reservation.
show,A1,verb,見せる,みせる,X,見せること。,X,その写真、あとで見せて。,Show me that photo later.
watch,A1,verb,見る,みる,X,目でとらえること。,X,昨日、家で昔の映画を見た。,I watched an old movie at home yesterday.
"memorize, remember",A1,verb,覚える,おぼえる,X,記憶に残すこと。,X,新しい単語を毎日五つずつ覚えている。,I'm learning five new words a day.
street corner,A1,noun,角,かど,X,道の角。,X,次の角にコンビニがあるよ。,There's a convenience store at the next corner.
say,A1,verb,言う,いう,X,言葉を発すること。,X,もう一度、ゆっくり言ってもらえますか。,Could you say that again slowly?
"words, language",A1,noun,言葉,ことば,X,意味を持つ言語表現。,X,分からない言葉に線を引いておいて。,Underline any words you don't understand.
"dull, boring",A1,adjective,つまらない,つまらない,X,退屈な様子。,X,途中まで見たけど、つまらなくて消しちゃった。,"I watched part of it, but it was boring, so I turned it off."
"story, conversation",A1,noun,話,はなし,X,内容を伝えること。,X,旅行の話、今度ゆっくり聞かせて。,Tell me all about your trip sometime.
speak,A1,verb,話す,はなす,X,口で説明すること。,X,店員さんがゆっくり話してくれた。,The clerk spoke slowly for me.
birthday,A1,noun,誕生日,たんじょうび,X,生まれた日を祝う日。,X,誕生日は家族と一緒にご飯を食べた。,I had dinner with my family on my birthday.
read,A1,verb,読む,よむ,X,文字を読むこと。,X,電車の中では本を読むことが多い。,I often read on the train.
who,A1,pronoun,誰,だれ,X,人物を問う言葉。,X,玄関にいるの、誰？,Who's at the door?
someone,A1,pronoun,誰か,だれか,X,不特定の人。,X,外で誰かが名前を呼んでるよ。,Someone outside is calling your name.
police officer,A1,noun,警官,けいかん,X,警察に勤める人。,X,道が分からなくて、近くの警官に聞いた。,"I didn't know the way, so I asked a nearby police officer."
pork,A1,noun,豚肉,ぶたにく,X,豚の肉。,X,このカレー、豚肉を使ってる？,Is this curry made with pork?
wallet,A1,noun,財布,さいふ,X,金銭を入れる入れ物。,X,財布を忘れて、何も買えなかった。,"I forgot my wallet, so I couldn't buy anything."
you,A1,pronoun,あなた,あなた,X,相手を呼ぶ言葉。,X,アンケートには「あなたは週に何回運動しますか」と書いてある。,"The questionnaire asks, “How many times a week do you exercise?”"
shopping,A1,noun,買い物,かいもの,X,物を買う行為。,X,仕事の帰りにスーパーで買い物してくる。,I'll do some shopping at the supermarket on my way home from work.
buy,A1,verb,買う,かう,X,金銭を払い物を得ること。,X,牛乳がないから、帰りに買ってくるね。,"We're out of milk, so I'll buy some on the way home."
"lend, loan",A1,verb,貸す,かす,X,自分の物を、あとで返してもらう約束で人に使わせること。,X,その本、読み終わったら貸すよ。,I'll lend you that book when I'm done with it.
"paste, stick",A1,verb,貼る,はる,X,紙などを貼り付けること。,X,箱に名前を書いた紙を貼っておいて。,Stick a piece of paper with your name on the box.
bustling,A1,adjective,賑やか,にぎやか,X,人が多く活発な様子。,X,駅前は店が多くて、夜も賑やかだ。,The area in front of the station has lots of shops and stays lively at night.
question,A1,noun,質問,しつもん,X,問いかけ。,X,最後に何か質問はありますか。,Do you have any questions before we finish?
red,A1,noun,赤,あか,X,赤色を表す名詞。,X,信号が赤だから、ここで待とう。,"The light is red, so let's wait here."
red,A1,adjective,赤い,あかい,X,赤い色をした様子。,X,赤い傘なら入口に置いてあったよ。,"If you mean the red umbrella, it was by the entrance."
run,A1,verb,走る,はしる,X,速く移動すること。,X,電車に遅れそうで、駅まで走った。,"I was about to miss the train, so I ran to the station."
get up,A1,verb,起きる,おきる,X,目が覚めて起き上がること。,X,明日は六時に起きないと間に合わない。,I have to get up at six tomorrow or I won't make it.
foot,A1,noun,足,あし,X,歩行や立つための部分。,X,新しい靴を履いたら、足が痛くなった。,My feet started hurting after I wore my new shoes.
car,A1,noun,車,くるま,X,車輪で走る乗り物。,X,今日は車じゃなくて電車で行こう。,Let's take the train instead of the car today.
lightweight,A1,adjective,軽い,かるい,X,重さが少ないこと。,X,このかばん、見た目より軽いね。,This bag is lighter than it looks.
"spicy, hot",A1,adjective,辛い,からい,X,辛い味や刺激。,X,このカレー、思ったより辛い！,This curry is spicier than I expected!
dictionary,A1,noun,辞書,じしょ,X,意味を調べる本。,X,この言葉、辞書で調べてみよう。,Let's look this word up in the dictionary.
vicinity,A1,noun,辺,へん,X,周囲の地域。,X,この辺にコンビニありますか。,Is there a convenience store around here?
"until, to",A1,particle,まで,まで,X,終わりの地点を示す語。,X,今日は五時まで仕事です。,I'm working until five today.
"close, near",A1,adjective,近い,ちかい,X,距離が近いこと。,X,駅に近いホテルを予約した。,I booked a hotel close to the station.
nearby,A1,noun,近く,ちかく,X,近い場所。,X,会社の近くで昼ご飯を食べた。,I had lunch near the office.
return,A1,verb,返す,かえす,X,人に物を返すこと。,X,借りた本、明日返すね。,I'll return the book I borrowed tomorrow.
very,A1,adverb,とても,とても,X,程度が大きいことを示す語。,X,この部屋は静かで、とてもよく眠れた。,"The room was quiet, so I slept very well."
fast,A1,adjective,速い,はやい,X,速度が大きいこと。,X,この電車、思ったより速いね。,This train is faster than I expected.
"late, slow",A1,adjective,遅い,おそい,X,時間が遅れること。,X,もう十一時だよ。帰るの遅くない？,It's already eleven. Isn't it getting late to head home?
play,A1,verb,遊ぶ,あそぶ,X,楽しんで行動すること。,X,放課後、公園で友達と遊んだ。,I played with my friends at the park after school.
"path, road",A1,noun,道,みち,X,人が通る道。,X,この道をまっすぐ行けば駅です。,Go straight down this road and you'll reach the station.
"be different, be wrong",A1,verb,違う,ちがう,X,正しくないこと。,X,あ、それ私の傘じゃない。色が違うよ。,"Oh, that's not my umbrella. The color is different."
"far, distant",A1,adjective,遠い,とおい,X,距離が長いこと。,X,駅から歩くにはちょっと遠いね。,It's a little too far to walk from the station.
room,A1,noun,部屋,へや,X,建物の区切られた空間。,X,荷物は先に部屋に置いてこよう。,Let's put our luggage in the room first.
post office,A1,noun,郵便局,ゆうびんきょく,X,郵便を扱う施設。,X,この手紙、帰りに郵便局で出してくる。,I'll mail this letter at the post office on my way home.
soy sauce,A1,noun,醤油,しょうゆ,X,大豆から作られる調味料。,X,刺身に醤油を少しつけて食べた。,I ate the sashimi with a little soy sauce.
heavy,A1,adjective,重い,おもい,X,重さが大きいこと。,X,この箱、一人で持つには重すぎる。,This box is too heavy to carry alone.
vegetable,A1,noun,野菜,やさい,X,食用の植物。,X,冷蔵庫に野菜がほとんど残ってない。,There are hardly any vegetables left in the fridge.
money,A1,noun,金,かね,X,物を買ったり支払いをしたりするために使うもの。,X,今月はもう使える金がほとんどない。,I hardly have any money left to spend this month.
Friday,A1,noun,金曜日,きんようび,X,木曜日の次、土曜日の前の日。,X,金曜日の夜なら空いてるよ。,I'm free Friday night.
pencil,A1,noun,鉛筆,えんぴつ,X,字を書く道具。,X,間違えても消せるように、鉛筆で書いて。,Write it in pencil so you can erase any mistakes.
bank,A1,noun,銀行,ぎんこう,X,金銭を扱う機関。,X,昼休みに銀行へ行ってきます。,I'm going to the bank during my lunch break.
record,A1,verb,録る,とる,X,音や映像を記録すること。,X,見られないから、その番組を録っておいて。,"I can't watch it, so record that program for me."
key,A1,noun,鍵,かぎ,X,開閉に使う金属の道具。,X,家の鍵、ちゃんと持った？,Do you have your house key?
long,A1,adjective,長い,ながい,X,長さが大きいこと。,X,髪、ずいぶん長くなったね。,Your hair has gotten pretty long.
gate,A1,noun,門,もん,X,出入り口の構造物。,X,学校の門の前で待ってるね。,I'll wait in front of the school gate.
"close, shut",A1,verb,閉める,しめる,X,戸を閉じること。,X,出るとき、窓を閉めてくれる？,Could you close the window when you leave?
open up,A1,verb,開く,あく,X,扉が開くこと。,X,この店は朝九時に開く。,This shop opens at nine in the morning.
open,A1,verb,開ける,あける,X,扉を開けること。,X,暑いから、窓を少し開けてもいい？,"It's hot, so can I open the window a little?"
"fall, come down",A1,verb,降る,ふる,X,雨や雪が降ること。,X,午後から雨が降るみたいだよ。,It looks like it's going to rain this afternoon.
stairs,A1,noun,階段,かいだん,X,上下を移動する段。,X,エレベーターが混んでるから、階段で行こう。,"The elevator is crowded, so let's take the stairs."
next to,A1,noun,隣,となり,X,すぐ横の位置。,X,隣の席、空いてますか。,Is the seat next to you free?
magazine,A1,noun,雑誌,ざっし,X,記事を集めた冊子。,X,病院の待合室で雑誌を読んでいた。,I was reading a magazine in the hospital waiting room.
difficult,A1,adjective,難しい,むずかしい,X,理解が難しいこと。,X,この問題、ちょっと難しいね。,This problem is a little difficult.
rain,A1,noun,雨,あめ,X,空から落ちる水。,X,朝から雨がずっと降っている。,It's been raining since this morning.
snow,A1,noun,雪,ゆき,X,空から落ちる氷。,X,夜から雪になるそうです。,I heard it's going to snow tonight.
zero,A1,numeral,零,れい,X,数字の「0」。,X,今朝の気温は零度だった。,It was zero degrees this morning.
electricity,A1,noun,電気,でんき,X,光や力を生むもの。,X,誰もいないのに、部屋の電気がついてる。,The light is on even though no one's in the room.
telephone,A1,noun,電話,でんわ,X,音声を伝える装置。,X,着いたら電話してね。,Call me when you get there.
train,A1,noun,電車,でんしゃ,X,線路を走る乗り物。,X,朝の電車はいつも混んでいる。,The morning train is always crowded.
blue,A1,noun,青,あお,X,青い色を表す名詞。,X,海の青がとてもきれいだった。,The blue of the sea was beautiful.
blue,A1,adjective,青い,あおい,X,青色をした様子。,X,今日は空がすごく青いね。,The sky is really blue today.
quiet,A1,adjective,静か,しずか,X,音が少ない様子。,X,ここ、夜は静かでいいね。,It's nice and quiet here at night.
interesting,A1,adjective,面白い,おもしろい,X,心を引きつける様子。,X,この本、思ったより面白かった。,This book was more interesting than I expected.
shoe,A1,noun,靴,くつ,X,足に履くもの。,X,玄関で靴を脱いでください。,Please take off your shoes at the entrance.
socks,A1,noun,靴下,くつした,X,足に履く布。,X,靴下、片方どこにいったんだろう。,I wonder where the other sock went.
bag,A1,noun,かばん,かばん,X,物を入れる入れ物。,X,財布はかばんの中に入ってるよ。,Your wallet is in your bag.
music,A1,noun,音楽,おんがく,X,旋律や音の組み合わせ。,X,料理しながら音楽を聴いてる。,I listen to music while I cook.
page,A1,noun,ページ,ページ,X,本などの区切り。,X,続きは次のページにあります。,The rest is on the next page.
head,A1,noun,頭,あたま,X,体の上部。,X,朝から少し頭が痛い。,I've had a bit of a headache since this morning.
"ask for, request",A1,verb,頼む,たのむ,X,依頼すること。,X,忙しそうだったから、別の人に頼んだ。,"They looked busy, so I asked someone else."
wind,A1,noun,風,かぜ,X,空気の流れ。,X,今日は風が強いから、帽子に気をつけて。,"It's windy today, so be careful with your hat."
bath,A1,noun,風呂,ふろ,X,体を洗う設備。,X,今日は疲れたから、早く風呂に入りたい。,"I'm tired today, so I want to take a bath early."
cold,A1,noun,風邪,かぜ,X,病気の一種。,X,風邪をひいたみたいで、喉が痛い。,I think I caught a cold; my throat hurts.
fly,A1,verb,飛ぶ,とぶ,X,空を移動すること。,X,鳥が窓の前を飛んでいった。,A bird flew past the window.
airplane,A1,noun,飛行機,ひこうき,X,空を飛ぶ乗り物。,X,飛行機は午後三時に着く予定です。,The plane is scheduled to arrive at three in the afternoon.
eat,A1,verb,食べる,たべる,X,食物を口に入れること。,X,時間がないから、駅で何か食べよう。,"We don't have much time, so let's eat something at the station."
food,A1,noun,食べ物,たべもの,X,口に入れるもの。,X,この店は辛い食べ物が多い。,This place has a lot of spicy food.
cafeteria,A1,noun,食堂,しょくどう,X,食事をする場所。,X,昼は会社の食堂で食べることが多い。,I often eat lunch in the company cafeteria.
"drink, beverage",A1,noun,飲み物,のみもの,X,飲むもの。,X,何か冷たい飲み物、ありますか。,Do you have anything cold to drink?
drink,A1,verb,飲む,のむ,X,液体を口に入れること。,X,薬は水と一緒に飲んでください。,Take the medicine with water.
hard candy,A1,noun,飴,あめ,X,甘い小さな菓子。,X,喉が痛かったので、飴をなめた。,"My throat hurt, so I sucked on a piece of candy."
train station,A1,noun,駅,えき,X,列車が止まる場所。,X,駅に着いたらメッセージして。,Message me when you get to the station.
expensive,A1,adjective,高い,たかい,X,値段が高いこと。,X,この店、駅前だから少し高いね。,This place is a little expensive because it's by the station.
fish,A1,noun,魚,さかな,X,水中に住む生物。,X,今夜は魚を焼いて食べよう。,Let's grill some fish for dinner tonight.
bird,A1,noun,鳥,とり,X,翼を持つ生物。,X,庭に小さな鳥が来ている。,There's a small bird in the garden.
"chirp, cry",A1,verb,鳴く,なく,X,鳥や虫などの動物が声や音を出すこと。,X,朝早くから鳥が鳴いている。,The birds have been chirping since early this morning.
yellow,A1,noun,黄色,きいろ,X,黄色を表す名詞。,X,赤より黄色のほうが目立つね。,Yellow stands out more than red.
yellow,A1,adjective,黄色い,きいろい,X,黄色をした様子。,X,黄色い線の内側で待ってください。,Please wait behind the yellow line.
black,A1,noun,黒,くろ,X,黒色を表す名詞。,X,黒と白、どっちにする？,"Which do you want, black or white?"
black,A1,adjective,黒い,くろい,X,黒い色をした様子。,X,黒いコートを着ている人が先生です。,The person wearing the black coat is the teacher.
nose,A1,noun,鼻,はな,X,顔の中央の器官。,X,風邪で鼻が詰まって、よく眠れなかった。,"My nose was blocked from a cold, so I couldn't sleep well."
"idol, TV personality",A2,noun,アイドル,アイドル,,芸能活動をする人物。,,,
Asia,A2,noun,アジア,アジア,,アジアの地域。,,,
"anime, animation",A2,noun,アニメ,アニメ,,映像作品の表現形式。,,,
app,A2,noun,アプリ,アプリ,,携帯端末で使うソフト。,,,
Africa,A2,noun,アフリカ,アフリカ,,アフリカの地域。,,,
alcohol,A2,noun,アルコール,アルコール,,酒精を含む飲料。,,,
part-time job,A2,noun,アルバイト,アルバイト,,短時間の仕事。,,,
arrangement,A2,noun,アレンジ,アレンジ,,工夫して整えること。,,,
Easter,A2,noun,イースター,イースター,,復活祭を指す言葉。,,,
Israel,A2,noun,イスラエル,イスラエル,,中東の国。,,,
Italy,A2,noun,イタリア,イタリア,,ヨーロッパの国。,,,
event,A2,noun,イベント,イベント,,催し事。,,,
Iraq,A2,noun,イラク,イラク,,中東の国。,,,
"come, go",A2,verb,いらっしゃる,いらっしゃる,,来たり行ったりする丁寧な言い方。,,,
internet,A2,noun,インターネット,インターネット,,世界的な情報通信網。,,,
solicitation marker,A2,verb,う,う,,相手を促す終助詞。,,,
Windows,A2,noun,ウインドウズ,ウインドウズ,,米国の基本ソフト。,,,
waiter,A2,noun,ウェイター,ウェイター,,飲食店で客に応対する人。,,,
escalator,A2,noun,エスカレーター,エスカレーター,,階段状に動く機械。,,,
let me see,A2,interjection,えっと,えっと,,考えをまとめるときに使う言葉。,,,
okay,A2,interjection,オーケー,オーケー,,同意・承認・了解などを表す言葉。,,,
Australia,A2,noun,オーストラリア,オーストラリア,,南半球の国。,,,
motorcycle,A2,noun,オートバイ,オートバイ,,二輪の動力車。,,,
oven,A2,noun,オーブン,オーブン,,食べ物を加熱する器具。,,,
"Netherlands, Holland",A2,noun,オランダ,オランダ,,ヨーロッパの国。,,,
curtain,A2,noun,カーテン,カーテン,,窓を覆う布。,,,
counter,A2,noun,カウンター,カウンター,,飲食店や店の長い台。,,,
I wonder,A2,particle,かしら,かしら,,推量を表す語。,,,
gasoline,A2,noun,ガソリン,ガソリン,,燃料。,,,
gas station,A2,noun,ガソリンスタンド,ガソリンスタンド,,燃料を売る場所。,,,
cutlet,A2,noun,カツ,カツ,,衣に包んで揚げた料理。,,,
couple,A2,noun,カップル,カップル,,男女の二人組。,,,
Canada,A2,noun,カナダ,カナダ,,北米の国。,,,
cafe,A2,noun,カフェ,カフェ,,軽食や飲み物を出す店。,,,
karaoke,A2,noun,カラオケ,カラオケ,,伴奏に合わせて歌う娯楽。,,,
California,A2,noun,カリフォルニア,カリフォルニア,,米国の州。,,,
key,A2,noun,キー,キー,,鍵を操作する道具。,,,
keyboard,A2,noun,キーボード,キーボード,,入力装置。,,,
kiss,A2,noun,キス,キス,,唇を合わせること。,,,
kitchen,A2,noun,キッチン,キッチン,,料理をする場所。,,,
kimchi,A2,noun,キムチ,キムチ,,韓国の漬物。,,,
cabbage,A2,noun,キャベツ,キャベツ,,丸い葉の野菜。,,,
character,A2,noun,キャラクター,キャラクター,,物語の登場人物。,,,
cancellation,A2,noun,キャンセル,キャンセル,,予定を取り消すこと。,,,
camping,A2,noun,キャンピング,キャンピング,,野外で過ごすこと。,,,
"campaign, promotion",A2,noun,キャンペーン,キャンペーン,,宣伝活動。,,,
"air conditioner, cooler",A2,noun,クーラー,クーラー,,室内を冷やす機械。,,,
cool,A2,noun,クール,クール,,冷静で格好いい様子。,,,
quiz,A2,noun,クイズ,クイズ,,質問に答えて知識を試す遊び。,,,
cookie,A2,noun,クッキー,クッキー,,焼いた甘い菓子。,,,
sports ground,A2,noun,グラウンド,グラウンド,,運動場。,,,
click,A2,noun,クリック,クリック,,画面を押す動作。,,,
round and round,A2,adverb,ぐるぐる,ぐるぐる,,回転して動く様子。,,,
cake,A2,noun,ケーキ,ケーキ,,甘い洋菓子。,,,
but,A2,conjunction,けど,けど,,逆接を表す言葉。,,,
but,A2,conjunction,けれど,けれど,,逆接を表す言葉。,,,
koala,A2,noun,コアラ,コアラ,,オーストラリアの動物。,,,
comics,A2,noun,コミック,コミック,,漫画。,,,
golf,A2,noun,ゴルフ,ゴルフ,,クラブで行う球技。,,,
lazing around,A2,adverb,ごろごろ,ごろごろ,,怠けて過ごす様子。,,,
concert,A2,noun,コンサート,コンサート,,音楽を演奏する催し。,,,
outlet,A2,noun,コンセント,コンセント,,電気器具を差し込む口。,,,
convenience store,A2,noun,コンビニ,コンビニ,,小規模な商店。,,,
computer,A2,noun,コンピュータ,コンピュータ,,電子計算機。,,,
size,A2,noun,サイズ,サイズ,,物の大きさや寸法。,,,
"site, website",A2,noun,サイト,サイト,,インターネット上の場所。,,,
sauna,A2,noun,サウナ,サウナ,,蒸し風呂。,,,
soccer,A2,noun,サッカー,サッカー,,世界的な球技。,,,
just now,A2,adverb,さっき,さっき,,少し前の時間。,,,
salad,A2,noun,サラダ,サラダ,,野菜料理。,,,
sunglasses,A2,noun,サングラス,サングラス,,太陽を防ぐ眼鏡。,,,
sandwich,A2,noun,サンドイッチ,サンドイッチ,,具を挟んだパン。,,,
"and, besides",A2,particle,し,し,,並列や列挙を示す語。,,,
seat belt,A2,noun,シートベルト,シートベルト,,自動車の安全装置。,,,
"seal, decal",A2,noun,シール,シール,,貼る小さな紙。,,,
share,A2,noun,シェア,シェア,,分け合うこと。,,,
roller coaster,A2,noun,ジェットコースター,ジェットコースター,,遊園地の乗り物。,,,
gym,A2,noun,ジム,ジム,,運動施設。,,,
mechanical pencil,A2,noun,シャープペンシル,シャープペンシル,,芯を入れ替える筆記具。,,,
jacket,A2,noun,ジャケット,ジャケット,,上着。,,,
isn't it,A2,particle,じゃん,じゃん,,同意を求める言葉。,,,
shampoo,A2,noun,シャンプー,シャンプー,,髪を洗う液。,,,
cream puff,A2,noun,シュークリーム,シュークリーム,,中にクリームを入れた洋菓子。,,,
jogging,A2,noun,ジョギング,ジョギング,,健康のための運動。,,,
John,A2,noun,ジョン,ジョン,,男性名。,,,
simple,A2,adjective,シンプル,シンプル,,単純でわかりやすい様子。,,,
suit,A2,noun,スーツ,スーツ,,上下が揃った服。,,,
supermarket,A2,noun,スーパー,スーパー,,大型の小売店。,,,
Switzerland,A2,noun,スイス,スイス,,ヨーロッパの国。,,,
ski resort,A2,noun,スキー場,スキーじょう,,雪の施設。,,,
schedule,A2,noun,スケジュール,スケジュール,,予定を立てた計画。,,,
start,A2,noun,スタート,スタート,,始めること。,,,
staff,A2,noun,スタッフ,スタッフ,,働く人々。,,,
"apiece, at a time",A2,particle,ずつ,ずつ,,一人ずつを表す語。,,,
completely,A2,adverb,すっかり,すっかり,,完全に、すべて。,,,
steak,A2,noun,ステーキ,ステーキ,,焼いた肉料理。,,,
stereo,A2,noun,ステレオ,ステレオ,,音響装置。,,,
story,A2,noun,ストーリー,ストーリー,,物語。,,,
stretch,A2,noun,ストレッチ,ストレッチ,,体を伸ばすこと。,,,
drinking straw,A2,noun,ストロー,ストロー,,飲み物を吸って飲むための細い管。,,,
snack,A2,noun,スナック,スナック,,軽食。,,,
Spain,A2,noun,スペイン,スペイン,,ヨーロッパの国。,,,
smartphone,A2,noun,スマホ,スマホ,,携帯電話型の端末。,,,
smooth,A2,adjective,スムーズ,スムーズ,,滑らかな様子。,,,
"then, in which case",A2,conjunction,すると,すると,,それならを示す語。,,,
gelatin,A2,noun,ゼリー,ゼリー,,ゼラチンなどで固めた柔らかい食べ物。,,,
causative marker,A2,verb,せる,せる,,使役を表す語尾。,,,
"so, such",A2,adverb,そう,そう,,そのようなことを示す語。,,,
"about to, almost",A2,verb,そう,そう,,もう少しでを示す語。,,,
Seoul,A2,noun,ソウル,ソウル,,韓国の首都。,,,
"about, in a hurry",A2,adverb,そこそこ,そこそこ,,程度が普通であること。,,,
software,A2,noun,ソフト,ソフト,,電子的な仕組み。,,,
soft serve,A2,noun,ソフトクリーム,ソフトクリーム,,冷たい甘い菓子。,,,
softball,A2,noun,ソフトボール,ソフトボール,,球技の一種。,,,
soon,A2,adverb,そろそろ,そろそろ,,時間が来ることを示す語。,,,
such a,A2,adjective,そんな,そんな,,近くのことを指す語。,,,
Thailand,A2,noun,タイ,タイ,,東南アジアの国。,,,
diet,A2,noun,ダイエット,ダイエット,,体重を減らすこと。,,,
title,A2,noun,タイトル,タイトル,,作品や記事などにつける題名。,,,
"type, sort",A2,noun,タイプ,タイプ,,種類を表す語。,,,
timer,A2,noun,タイマー,タイマー,,設定した時間を測ったり知らせたりする機器。,,,
tire,A2,noun,タイヤ,タイヤ,,車輪の外側につけるゴム製の輪。,,,
download,A2,noun,ダウンロード,ダウンロード,,データを取り入れること。,,,
"so, therefore",A2,conjunction,だから,だから,,理由を表す語。,,,
tapioca,A2,noun,タピオカ,タピオカ,,小さな丸い食材。,,,
check,A2,noun,チェック,チェック,,確認すること。,,,
check-in,A2,noun,チェックイン,チェックイン,,宿泊先に到着して行う手続き。,,,
chicken,A2,noun,チキン,チキン,,鶏の肉。,,,
ticket,A2,noun,チケット,チケット,,入場や乗車の券。,,,
chocolate,A2,noun,チョコレート,チョコレート,,甘い菓子。,,,
tour,A2,noun,ツアー,ツアー,,旅行の企画。,,,
disco,A2,noun,ディスコ,ディスコ,,音楽や踊りの場所。,,,
"continuation marker, polite",A2,verb,ておる,ておる,,動作の継続を示す丁寧な語。,,,
"huge, giant",A2,adjective,でかい,でかい,,大きな様子。,,,
"text, textbook",A2,noun,テキスト,テキスト,,学習用の本。,,,
dessert,A2,noun,デザート,デザート,,食事の後に食べる菓子や果物など。,,,
tennis,A2,noun,テニス,テニス,,球技。,,,
debut,A2,noun,デビュー,デビュー,,初めての登場。,,,
do as a favor,A2,verb,て呉れる,てくれる,,恩恵を受ける表現。,,,
go and,A2,verb,て来る,てくる,,こちらへ来ること。,,,
go and,A2,verb,て行く,ていく,,向こうへ行くこと。,,,
as,A2,particle,として,として,,役割を示す言葉。,,,
"trunk, suitcase",A2,noun,トランク,トランク,,荷物を入れる大きな箱。,,,
"quickly, rapidly",A2,adverb,どんどん,どんどん,,勢いよく進む様子。,,,
prohibition marker,A2,verb,な,な,,禁止を表す助詞。,,,
New Zealand,A2,noun,ニュージーランド,ニュージーランド,,南半球の国。,,,
New York,A2,noun,ニューヨーク,ニューヨーク,,米国の都市。,,,
noodle,A2,noun,ヌードル,ヌードル,,小麦粉で作った麺。,,,
"network, internet",A2,noun,ネット,ネット,,通信網。,,,
only shopping,A2,noun,ネットショッピング,ネットショッピング,,電子的な買い物。,,,
network,A2,noun,ネットワーク,ネットワーク,,情報通信の仕組み。,,,
question marker,A2,particle,の,の,,疑問を示す語。,,,
laptop computer,A2,noun,ノートパソコン,ノートパソコン,,携帯用の計算機。,,,
Norway,A2,noun,ノルウェー,ノルウェー,,北欧の国。,,,
non-alcoholic,A2,adjective,ノンアルコール,ノンアルコール,,酒精を含まない飲料。,,,
non-fiction,A2,adjective,ノンフィクション,ノンフィクション,,事実に基づいた本。,,,
if,A2,conjunction,ば,ば,,仮定を表す語。,,,
part,A2,noun,パート,パート,,一部。,,,
motorcycle,A2,noun,バイク,バイク,,二輪の動力車。,,,
basketball,A2,noun,バスケットボール,バスケットボール,,球技の一種。,,,
pasta,A2,noun,パスタ,パスタ,,小麦粉で作る料理。,,,
personal computer,A2,noun,パソコン,パソコン,,電子計算機。,,,
crackling,A2,particle,パチパチ,パチパチ,,小さな爆ぜる音。,,,
police car,A2,noun,パトカー,パトカー,,警察官が巡回や出動に使う車。,,,
hamster,A2,noun,ハムスター,ハムスター,,小型の飼育動物。,,,
parachute,A2,noun,パラシュート,パラシュート,,落下を防ぐ布具。,,,
Paris,A2,noun,パリ,パリ,,ヨーロッパの都市。,,,
ballet,A2,noun,バレエ,バレエ,,舞踊。,,,
Hawaii,A2,noun,ハワイ,ハワイ,,太平洋の島。,,,
hand soap,A2,noun,ハンドソープ,ハンドソープ,,手を洗う液体。,,,
purse,A2,noun,ハンドバッグ,ハンドバッグ,,女性用の小さなかばん。,,,
beach,A2,noun,ビーチ,ビーチ,,海岸。,,,
Beatles,A2,noun,ビートルズ,ビートルズ,,英国の音楽グループ。,,,
piano,A2,noun,ピアノ,ピアノ,,鍵盤楽器。,,,
visa,A2,noun,ビザ,ビザ,,入国を許す証明。,,,
building,A2,noun,ビル,ビル,,高層の建物。,,,
hint,A2,noun,ヒント,ヒント,,答えや解決の手がかりになる情報。,,,
file,A2,noun,ファイル,ファイル,,書類やデータをまとめて保存するもの。,,,
fax,A2,noun,ファックス,ファックス,,通信機器。,,,
fashion,A2,noun,ファッション,ファッション,,流行や服装。,,,
"fan, enthusiast",A2,noun,ファン,ファン,,特定の人や作品などを熱心に応援・支持する人。,,,
Philippines,A2,noun,フィリピン,フィリピン,,東南アジアの国。,,,
flight,A2,noun,フライト,フライト,,飛行機の便。,,,
French fries,A2,noun,フライドポテト,フライドポテト,,油で揚げた細長い芋料理。,,,
Brazil,A2,noun,ブラジル,ブラジル,,南米の国。,,,
France,A2,noun,フランス,フランス,,ヨーロッパの国。,,,
present,A2,noun,プレゼント,プレゼント,,贈り物。,,,
blog,A2,noun,ブログ,ブログ,,日記形式の公開文。,,,
pace,A2,noun,ペース,ペース,,速度の度合い。,,,
plastic bottle,A2,noun,ペットボトル,ペットボトル,,液体を入れる容器。,,,
Vietnam,A2,noun,ベトナム,ベトナム,,東南アジアの国。,,,
baby stroller,A2,noun,ベビーカー,ベビーカー,,子供を乗せる車。,,,
healthy,A2,adjective,ヘルシー,ヘルシー,,健康的な様子。,,,
helmet,A2,noun,ヘルメット,ヘルメット,,頭を守る道具。,,,
home page,A2,noun,ホームページ,ホームページ,,ネット上の案内画面。,,,
Poland,A2,noun,ポーランド,ポーランド,,ヨーロッパの国。,,,
bowling,A2,noun,ボウリング,ボウリング,,球を転がす遊び。,,,
"boss, leader",A2,noun,ボス,ボス,,組織の責任者。,,,
box,A2,noun,ボックス,ボックス,,四角い容器。,,,
pancake,A2,noun,ホットケーキ,ホットケーキ,,甘い厚焼き菓子。,,,
volunteer,A2,noun,ボランティア,ボランティア,,奉仕活動。,,,
granny bike,A2,noun,ママチャリ,ママチャリ,,家庭用自転車。,,,
Maria,A2,noun,マリア,マリア,,女性名。,,,
like,A2,noun,みたい,みたい,,例示や比喩を表す語。,,,
musical,A2,noun,ミュージカル,ミュージカル,,舞台音楽。,,,
mint,A2,noun,ミント,ミント,,香草。,,,
mint chocolate,A2,noun,ミントチョコ,ミントチョコ,,ミントを使った菓子。,,,
movie,A2,noun,ムービー,ムービー,,映像作品。,,,
email address,A2,noun,メールアドレス,メールアドレス,,電子メールの住所。,,,
Mexico,A2,noun,メキシコ,メキシコ,,北米の国。,,,
medal,A2,noun,メダル,メダル,,競技や功績を示す金属製の章。,,,
message,A2,noun,メッセージ,メッセージ,,相手に伝える言葉や内容。,,,
"metro, subway",A2,noun,メトロ,メトロ,,都市を走る地下鉄。,,,
monster,A2,noun,モンスター,モンスター,,巨大で恐ろしい存在。,,,
"finally, barely",A2,adverb,やっと,やっと,,長い時間の後に実現すること。,,,
"dangerous, risky",A2,adjective,やばい,やばい,,危険な様子。,,,
relaxing,A2,adverb,ゆったり,ゆったり,,落ち着いた様子。,,,
uniform,A2,noun,ユニフォーム,ユニフォーム,,学校や職場などで、そろえて着る服。,,,
"should, inducement marker",A2,verb,よう,よう,,勧めや推量を表す語。,,,
welcome,A2,interjection,ようこそ,ようこそ,,歓迎を表す言葉。,,,
yoga,A2,noun,ヨガ,ヨガ,,呼吸や姿勢を整える運動法。,,,
rival,A2,noun,ライバル,ライバル,,競い合う相手。,,,
line,A2,noun,ライン,ライン,,通信や関係を結ぶ手段。,,,
Las Vegas,A2,noun,ラスベガス,ラスベガス,,米国の都市。,,,
lucky,A2,adjective,ラッキー,ラッキー,,運の良いこと。,,,
lamp,A2,noun,ランプ,ランプ,,電気などで光を出す照明器具。,,,
leader,A2,noun,リーダー,リーダー,,集団を導く人。,,,
recycling,A2,noun,リサイクル,リサイクル,,不要物を再利用すること。,,,
list,A2,noun,リスト,リスト,,項目を並べたもの。,,,
relax,A2,noun,リラックス,リラックス,,緊張を解くこと。,,,
link,A2,noun,リンク,リンク,,結びつけること。,,,
rule,A2,noun,ルール,ルール,,行動や遊びなどで守る決まり。,,,
cash register,A2,noun,レジ,レジ,,会計をする機械。,,,
picnic blanket,A2,noun,レジャーシート,レジャーシート,,野外で使う敷物。,,,
lesson,A2,noun,レッスン,レッスン,,技能などを教わる一回の授業。,,,
report,A2,noun,レポート,レポート,,調査や研究の記録。,,,
rental car,A2,noun,レンタカー,レンタカー,,料金を払って一定時間借りる自動車。,,,
"Rome, Roman",A2,noun,ローマ,ローマ,,古代都市およびその国。,,,
Russia,A2,noun,ロシア,ロシア,,ヨーロッパの国。,,,
"lock, rock",A2,noun,ロック,ロック,,音楽の一種。,,,
robot,A2,noun,ロボット,ロボット,,人の形をした機械。,,,
London,A2,noun,ロンドン,ロンドン,,イギリスの首都。,,,
first,A2,adjective,一つ目,ひとつめ,,一番目のもの。,,,
living alone,A2,noun,一人暮らし,ひとりぐらし,,一人だけで生活すること。,,,
one book,A2,numeral,一冊,いっさつ,,本などを数える単位で、一部。,,,
one animal,A2,numeral,一匹,いっぴき,,動物を数える単位で、一体。,,,
mouthful,A2,noun,一口,ひとくち,,一度に口に入れる量。,,,
one machine,A2,numeral,一台,いちだい,,機械や乗り物を数える単位で、一個。,,,
all day,A2,adverb,一日中,いちにちじゅう,,朝から晩まで。,,,
"full of, one glass full",A2,adverb,一杯,いっぱい,,満ちること。,,,
one sheet,A2,numeral,一枚,いちまい,,平らで薄い物を数える単位で、一つ。,,,
one year old,A2,numeral,一歳,いっさい,,生まれてから一年経った年齢。,,,
very hard,A2,adverb,一生懸命,いっしょうけんめい,,全力で取り組む様子。,,,
first floor,A2,numeral,一階,いっかい,,建物の最初の階。,,,
"polite, courteous",A2,adjective,丁寧,ていねい,,礼儀正しいこと。,,,
"rise, enter a house",A2,verb,上がる,あがる,,家や部屋の中に入ること。,,,
fall,A2,verb,下がる,さがる,,下に移動すること。,,,
lower,A2,verb,下げる,さげる,,物を下げること。,,,
underwear,A2,noun,下着,したぎ,,体の下に着る衣類。,,,
inconvenient,A2,adjective,不便,ふべん,,便利でないこと。,,,
world,A2,noun,世界,せかい,,人類が住む全世界。,,,
around the world,A2,adverb,世界中,せかいじゅう,,世界のあらゆる場所。,,,
both,A2,adjective,両,りょう,,二つのもの。,,,
both hands,A2,noun,両手,りょうて,,左右の手の両方。,,,
both sides,A2,noun,両方,りょうほう,,両方を含むこと。,,,
middle school,A2,noun,中学校,ちゅうがっこう,,義務教育の学校。,,,
middle school student,A2,noun,中学生,ちゅうがくせい,,中学校に通っている生徒。,,,
"husband, master",A2,noun,主人,しゅじん,,家の主、または夫。,,,
in ages,A2,adverb,久しぶり,ひさしぶり,,長い間会わなかったこと。,,,
transfer,A2,verb,乗り換える,のりかえる,,乗り物を替えること。,,,
vehicle,A2,noun,乗り物,のりもの,,移動に使うもの。,,,
get dry,A2,verb,乾く,かわく,,水分がなくなること。,,,
"plan, arrangement",A2,noun,予定,よてい,,予定された計画。,,,
reservation,A2,noun,予約,よやく,,事前に確保すること。,,,
lesson preperation,A2,noun,予習,よしゅう,,授業前の準備学習。,,,
office building,A2,noun,事務所,じむしょ,,仕事を行う建物。,,,
accident,A2,noun,事故,じこ,,思わぬ出来事。,,,
two-storied building,A2,noun,二階建て,にかいだて,,二階がある建物。,,,
pass away,A2,verb,亡くなる,なくなる,,死ぬことの丁寧な言い方。,,,
"traffic, transportation",A2,noun,交通,こうつう,,人や物の往来。,,,
traffic accident,A2,noun,交通事故,こうつうじこ,,,,,
people,A2,noun,人々,ひとびと,,,,,
population,A2,noun,人口,じんこう,,国に住む人の数。,,,
doll,A2,noun,人形,にんぎょう,,人の形をした玩具。,,,
tonight,A2,noun,今夜,こんや,,今の夜。,,,
this time,A2,noun,今度,こんど,,今回の機会。,,,
method,A2,noun,仕方,しかた,,方法や手段。,,,
"end up, wind up",A2,verb,仕舞う,しまう,,片付けること。,,,
be attached,A2,verb,付く,つく,,物が付属すること。,,,
"substitute, replacement",A2,noun,代わり,かわり,,代替するもの。,,,
"at least, more than",A2,adverb,以上,いじょう,,それ以上を示す語。,,,
"at most, less than",A2,adverb,以下,いか,,それ以下を示す語。,,,
within,A2,noun,以内,いない,,範囲の内側。,,,
except for,A2,noun,以外,いがい,,除外すること。,,,
"speak, say",A2,verb,仰る,おっしゃる,,言うの尊敬語。,,,
venue,A2,noun,会場,かいじょう,,催しを行う場所。,,,
conversation,A2,noun,会話,かいわ,,話のやり取り。,,,
meeting,A2,noun,会議,かいぎ,,集まり。,,,
meeting room,A2,noun,会議室,かいぎしつ,,集まりを行う部屋。,,,
"convey, express",A2,verb,伝える,つたえる,,相手に伝えること。,,,
aunt,A2,noun,伯母,おば,,親より年上の姉妹。,,,
resemble,A2,verb,似る,にる,,似ていること。,,,
address,A2,noun,住所,じゅうしょ,,住んでいる場所。,,,
for example,A2,adverb,例えば,たとえば,,例を挙げること。,,,
"twice, double, times",A2,numeral,倍,ばい,,二倍を表す言葉。,,,
"fall down, be defeated",A2,verb,倒れる,たおれる,,倒れること。,,,
price,A2,noun,値段,ねだん,,商品の値。,,,
occasionally,A2,adverb,偶に,たまに,,時々起こること。,,,
"I, me",A2,pronoun,僕,ぼく,,男性が自分を指す言葉。,,,
hundred million,A2,numeral,億,おく,,数字の「100000000」。,,,
"nice, kind",A2,adjective,優しい,やさしい,,優しく親切な様子。,,,
mentor,A2,noun,先輩,せんぱい,,先に学んでいる人。,,,
light,A2,noun,光,ひかり,,光を放つもの。,,,
shine,A2,verb,光る,ひかる,,光を出すこと。,,,
matriculation,A2,noun,入学,にゅうがく,,学校に入ること。,,,
hospitalization,A2,noun,入院,にゅういん,,病院に入ること。,,,
all one's power,A2,noun,全力,ぜんりょく,,すべての力。,,,
civil servant,A2,noun,公務員,こうむいん,,公共の仕事をする人。,,,
and then,A2,conjunction,其れで,それで,,そのためを示す語。,,,
condition,A2,noun,具合,ぐあい,,体や物の状態。,,,
inside,A2,noun,内,うち,,内部。,,,
two months from now,A2,adverb,再来月,さらいげつ,,二か月後を示す語。,,,
two weeks from now,A2,adverb,再来週,さらいしゅう,,二週間後を示す語。,,,
"copy, take a photo",A2,verb,写す,うつす,,映すこと。,,,
get cold,A2,verb,冷える,ひえる,,気温が下がること。,,,
air conditioning,A2,noun,冷房,れいぼう,,冷やす装置。,,,
air conditioner,A2,noun,冷房機,れいぼうき,,部屋を冷やす機械。,,,
amazing,A2,adjective,凄い,すごい,,驚くほど素晴らしいこと。,,,
beginner,A2,noun,初心者,しょしんしゃ,,物事を始めたばかりの人。,,,
separate,A2,adjective,別,べつ,,異なること。,,,
be separated from,A2,verb,別れる,わかれる,,人と離れること。,,,
usage,A2,noun,利用,りよう,,使用すること。,,,
at last,A2,adjective,到頭,とうとう,,ついにの意。,,,
"be broken, be smashed",A2,verb,割れる,われる,,物が割れること。,,,
percentage,A2,noun,割合,わりあい,,割合を示すこと。,,,
"ability, power",A2,noun,力,ちから,,力や能力。,,,
move,A2,verb,動く,うごく,,体を動かすこと。,,,
zoo,A2,noun,動物園,どうぶつえん,,動物を見せる施設。,,,
win,A2,verb,勝つ,かつ,,競争に勝つこと。,,,
wrap up,A2,verb,包む,つつむ,,包み込むこと。,,,
medical science,A2,noun,医学,いがく,,医学の学問。,,,
enough,A2,adverb,十分,じゅうぶん,,十分足りること。,,,
graduation,A2,noun,卒業,そつぎょう,,学校を終えること。,,,
danger,A2,noun,危険,きけん,,危険なこと。,,,
cause,A2,noun,原因,げんいん,,原因となるもの。,,,
"strict, harsh",A2,adjective,厳しい,きびしい,,厳格な様子。,,,
"go, come",A2,verb,参る,まいる,,行く、来るの謙譲語。,,,
"or, otherwise",A2,conjunction,又は,または,,選択を示す語。,,,
opposition,A2,noun,反対,はんたい,,反対の立場。,,,
"exchange, replace",A2,verb,取り替える,とりかえる,,交換すること。,,,
receive,A2,verb,受ける,うける,,受け取ること。,,,
reception,A2,noun,受付,うけつけ,,来訪者を迎える所。,,,
strange,A2,adjective,可笑しい,おかしい,,変な様子。,,,
typhoon,A2,noun,台風,たいふう,,嵐の一種。,,,
fit together,A2,verb,合う,あう,,合致すること。,,,
"face, go towards",A2,verb,向かう,むかう,,目的に向かって進むこと。,,,
you,A2,pronoun,君,きみ,,若い相手を呼ぶ言葉。,,,
"bark, roar",A2,noun,吠え声,ほえごえ,,犬などの鳴き声。,,,
give to the speaker,A2,verb,呉れる,くれる,,相手から物を受け取ること。,,,
circumference,A2,noun,周り,まわり,,周囲。,,,
flavor,A2,noun,味,あじ,,食べ物の味。,,,
fermented soy paste,A2,noun,味噌,みそ,,大豆を発酵させた調味料。,,,
"article, goods",A2,noun,品物,しなもの,,売買する物。,,,
"be glad, rejoice",A2,verb,喜ぶ,よろこぶ,,嬉しく思うこと。,,,
"fight, argument",A2,noun,喧嘩,けんか,,争い。,,,
"turn, revolve",A2,verb,回る,まわる,,円を描いて動くこと。,,,
hard,A2,adjective,固い,かたい,,硬いこと。,,,
international,A2,adjective,国際,こくさい,,国と国の関係。,,,
geography,A2,noun,地理,ちり,,地球の地形を扱う学問。,,,
earthquake,A2,noun,地震,じしん,,地面の揺れ。,,,
case,A2,noun,場合,ばあい,,状況。,,,
place,A2,noun,場所,ばしょ,,ある位置。,,,
spread,A2,verb,塗る,ぬる,,表面に塗ること。,,,
increase,A2,verb,増える,ふえる,,数が増えること。,,,
wall,A2,noun,壁,かべ,,建物を仕切るもの。,,,
break,A2,verb,壊す,こわす,,壊すこと。,,,
be broken,A2,verb,壊れる,こわれる,,壊れること。,,,
sales area,A2,noun,売り場,うりば,,販売を行う場所。,,,
"strange, strangeness",A2,adjective,変,へん,,普通でないこと。,,,
change,A2,verb,変える,かえる,,変化させること。,,,
be changed,A2,verb,変わる,かわる,,変化すること。,,,
dream,A2,noun,夢,ゆめ,,眠って見るもの。,,,
"important, valuable",A2,adjective,大事,だいじ,,重要なこと。,,,
"outline, generality",A2,adverb,大体,だいたい,,大まかなこと。,,,
"pretty, considerably",A2,adverb,大分,だいぶ,,かなりの程度。,,,
"mostly, usually",A2,adverb,大抵,たいてい,,ほとんどいつも。,,,
angel,A2,noun,天使,てんし,,神の使いとされる存在。,,,
weather forecast,A2,noun,天気予報,てんきよほう,,天候を予想すること。,,,
get fat,A2,verb,太る,ふとる,,体が太くなること。,,,
husband,A2,noun,夫,おっと,,結婚した男性。,,,
failure,A2,noun,失敗,しっぱい,,うまくいかないこと。,,,
woman,A2,noun,女性,じょせい,,成人した女性。,,,
wife,A2,noun,妻,つま,,結婚した女性。,,,
start,A2,verb,始める,はじめる,,物事を始めること。,,,
daughter,A2,noun,娘,むすめ,,女性の子供。,,,
child,A2,noun,子,こ,,年少の人。,,,
penmanship,A2,noun,字,じ,,文字。,,,
season,A2,noun,季節,きせつ,,春夏秋冬の巡り。,,,
safety,A2,noun,安全,あんぜん,,危険がないこと。,,,
"relief, peace of mind",A2,noun,安心,あんしん,,心が落ち着くこと。,,,
guest,A2,noun,客,きゃく,,訪れる人。,,,
"my wife, my family",A2,noun,家内,かない,,自分の妻や家族をへりくだって言う言葉。,,,
lonely,A2,adjective,寂しい,さびしい,,孤独を感じること。,,,
"approach, come near",A2,verb,寄る,よる,,近寄ること。,,,
sleeping in late,A2,noun,寝坊,ねぼう,,朝に起きるのが遅いこと。,,,
bedroom,A2,noun,寝室,しんしつ,,寝るための部屋。,,,
temple,A2,noun,寺,てら,,仏教の建物。,,,
personal future,A2,noun,将来,しょうらい,,将来の生活。,,,
"ask, enquire",A2,verb,尋ねる,たずねる,,質問すること。,,,
elementary school,A2,noun,小学校,しょうがっこう,,初等教育の学校。,,,
novel,A2,noun,小説,しょうせつ,,物語の形式。,,,
small bird,A2,noun,小鳥,ことり,,小さな鳥。,,,
deliver,A2,verb,届ける,とどける,,届けること。,,,
"shop, store",A2,noun,屋,や,,,,,
rooftop,A2,noun,屋上,おくじょう,,建物の屋根の上。,,,
food stall,A2,noun,屋台,やたい,,,,,
exhibition,A2,noun,展示会,てんじかい,,展示する催し。,,,
art exhibition,A2,noun,展覧会,てんらんかい,,芸術作品を見せる催し。,,,
mountains,A2,noun,山々,やまやま,,,,,
mountain climbing,A2,noun,山登り,やまのぼり,,,,,
goat,A2,noun,山羊,やぎ,,,,,
wasabi,A2,noun,山葵,わさび,,,,,
"surely, certainly",A2,adverb,屹度,きっと,,確かにを示す言葉。,,,
island,A2,noun,島,しま,,水に囲まれた土地。,,,
islands,A2,noun,島々,しまじま,,,,,
factory,A2,noun,工場,こうじょう,,物を作る施設。,,,
manufacturing,A2,noun,工業,こうぎょう,,産業の一分野。,,,
"give, offer",A2,verb,差し上げる,さしあげる,,差し出すことの敬語。,,,
city,A2,noun,市,し,,行政区分の都市。,,,
citizen,A2,noun,市民,しみん,,都市に住む人。,,,
futon,A2,noun,布団,ふとん,,寝具。,,,
seat,A2,noun,席,せき,,座る場所。,,,
"return, coming back",A2,noun,帰り,かえり,,戻ること。,,,
barbershop,A2,noun,床屋,とこや,,髪を切る店。,,,
salesperson,A2,noun,店員,てんいん,,店で働く人。,,,
build,A2,verb,建てる,たてる,,建物を作ること。,,,
drawer,A2,noun,引き出し,ひきだし,,収納する部分。,,,
pull out,A2,verb,引き出す,ひきだす,,中から引き出すこと。,,,
"move, move house",A2,verb,引っ越す,ひっこす,,住居を移すこと。,,,
"shape, form",A2,noun,形,かたち,,物の形。,,,
be useful,A2,verb,役に立つ,やくにたつ,,役に立つこと。,,,
he,A2,pronoun,彼,かれ,,男性を指す言葉。,,,
she,A2,pronoun,彼女,かのじょ,,女性を指す言葉。,,,
"bargain, advantage",A2,noun,得,とく,,利益や有利なこと。,,,
knowing,A2,,御存知,ごぞんじ,,知っているの尊敬語。,,,
"your house, your home",A2,,御宅,おたく,,相手の家を丁寧に言う言葉。,,,
thanks to,A2,,御蔭,おかげ,,助けを受けること。,,,
change,A2,noun,御釣り,おつり,,買い物で戻る金。,,,
feast,A2,noun,御馳走,ごちそう,,豪華な料理。,,,
review,A2,noun,復習,ふくしゅう,,学んだことを復習すること。,,,
mind,A2,noun,心,こころ,,感情を持つ部分。,,,
always,A2,,必ず,かならず,,必ず行うこと。,,,
"necessity, need",A2,,必要,ひつよう,,欠かせないこと。,,,
something forgotten,A2,noun,忘れ物,わすれもの,,置き忘れた物。,,,
get angry,A2,verb,怒る,おこる,,腹を立てること。,,,
scary,A2,adjective,怖い,こわい,,恐ろしく感じること。,,,
be afraid of,A2,verb,怖がる,こわがる,,恐れを感じること。,,,
remember,A2,verb,思い出す,おもいだす,,過去のことを心に浮かべること。,,,
think,A2,verb,思う,おもう,,考えを持つこと。,,,
sudden,A2,,急,きゅう,,突然の様子。,,,
"hurry, rush",A2,verb,急ぐ,いそぐ,,急いで行動すること。,,,
"express, hurrying",A2,,急行,きゅうこう,,速く走る列車。,,,
"embarrassed, ashamed",A2,adjective,恥ずかしい,はずかしい,,人前で恥ずかしく思うこと。,,,
son,A2,noun,息子,むすこ,,男性の子供。,,,
bad person,A2,noun,悪人,あくにん,,悪い行いをする人。,,,
sad,A2,adjective,悲しい,かなしい,,悲しむ気持ち。,,,
opinion,A2,noun,意見,いけん,,考えを述べたもの。,,,
get used to,A2,verb,慣れる,なれる,,慣れ親しむこと。,,,
as much as possible,A2,,成る可く,なるべく,,できるだけを示す言葉。,,,
I see,A2,,成る程,なるほど,,理解したときに言う言葉。,,,
war,A2,noun,戦争,せんそう,,国家間の武力闘争。,,,
return,A2,verb,戻る,もどる,,元の場所へ戻ること。,,,
help,A2,verb,手伝う,てつだう,,他人を助けること。,,,
glove,A2,noun,手袋,てぶくろ,,手を覆う衣類。,,,
"hit, strike",A2,verb,打つ,うつ,,手で打つこと。,,,
pay,A2,verb,払う,はらう,,代金を支払うこと。,,,
technology,A2,noun,技術,ぎじゅつ,,学問や技の方法。,,,
throw,A2,verb,投げる,なげる,,物を投げること。,,,
fold,A2,verb,折る,おる,,物を折り曲げること。,,,
be folded,A2,verb,折れる,おれる,,折れて二つになること。,,,
closet,A2,noun,押し入れ,おしいれ,,和室の収納。,,,
seeing,A2,noun,拝見,はいけん,,見るの謙譲語。,,,
pick up,A2,verb,拾う,ひろう,,地面の物を拾い上げること。,,,
finger,A2,noun,指,ゆび,,手の先の部分。,,,
ring,A2,noun,指輪,ゆびわ,,指にはめる飾り。,,,
catch,A2,verb,捕まえる,つかまえる,,逃げるものを捕えること。,,,
throw away,A2,verb,捨てる,すてる,,不要な物を捨てること。,,,
pickpocket,A2,noun,掏摸,すり,,他人の財布を盗む者。,,,
search for,A2,verb,探す,さがす,,探し求めること。,,,
"sway, shake",A2,verb,揺れる,ゆれる,,左右に揺れること。,,,
as you please,A2,,放題,ほうだい,,好きなだけすること。,,,
politics,A2,noun,政治,せいじ,,国家を治める活動。,,,
"failure, breakdown",A2,noun,故障,こしょう,,機械や器具の不調。,,,
ambulance,A2,noun,救急車,きゅうきゅうしゃ,,怪我人や病人を運ぶ車。,,,
church,A2,noun,教会,きょうかい,,キリスト教の建物。,,,
education,A2,noun,教育,きょういく,,人を育て教えること。,,,
mathematics,A2,noun,数学,すうがく,,数を扱う学問。,,,
culture,A2,noun,文化,ぶんか,,人間の営みの形。,,,
literature,A2,noun,文学,ぶんがく,,言葉で表す学問。,,,
grammar,A2,noun,文法,ぶんぽう,,言語の仕組み。,,,
axe,A2,noun,斧,おの,,木を切るための道具。,,,
like this,A2,adverb,斯う,こう,,このように、を示す言葉。,,,
Japanese-style hotel,A2,,旅館,りょかん,,日本風の宿泊施設。,,,
day,A2,,日,ひ,,一日の単位。,,,
diary,A2,,日記,にっき,,日々の出来事を書く記録。,,,
a long time ago,A2,,昔,むかし,,昔の時代。,,,
star,A2,,星,ほし,,夜空に見える光点。,,,
lunch break,A2,,昼休み,ひるやすみ,,昼の休憩時間。,,,
daytime,A2,,昼間,ひるま,,昼間の時間。,,,
era,A2,,時代,じだい,,ある時代。,,,
regular,A2,,普通,ふつう,,通常の様子。,,,
"scenery, landscape",A2,,景色,けしき,,自然の景観。,,,
indoor heating,A2,,暖房,だんぼう,,室内を暖める装置。,,,
for a moment,A2,,暫く,しばらく,,少しの間。,,,
initial,A2,,最初,さいしょ,,物事の始まり。,,,
final,A2,,最後,さいご,,物事の終わり。,,,
recently,A2,,最近,さいきん,,最近の時期。,,,
cotton,A2,,木綿,もめん,,繊維の材料。,,,
woods,A2,,林,はやし,,木が集まった場所。,,,
branch,A2,,枝,えだ,,木から伸びた部分。,,,
soft,A2,,柔らかい,やわらかい,,硬くなく柔らかいこと。,,,
judo,A2,,柔道,じゅうどう,,日本の武道の一つ。,,,
principal,A2,,校長,こうちょう,,学校の責任者。,,,
bargain,A2,,格安,かくやす,,値段が非常に安いこと。,,,
shelf,A2,,棚,たな,,物を置く板。,,,
forest,A2,,森,もり,,木が多い広い場所。,,,
plant,A2,verb,植える,うえる,,植物を土に植えること。,,,
enjoyment,A2,,楽しみ,たのしみ,,楽しみなこと。,,,
"enjoy, have fun",A2,verb,楽しむ,たのしむ,,楽しむこと。,,,
opportunity,A2,,機会,きかい,,機会やチャンス。,,,
stop,A2,,止む,やむ,,止むこと。,,,
stop doing,A2,verb,止める,やめる,,行動をやめること。,,,
stop,A2,verb,止める,とめる,,行動を中止すること。,,,
"correct, accurate",A2,,正しい,ただしい,,正確で間違いのないこと。,,,
"the other day, recently",A2,,此の間,このあいだ,,この前の時。,,,
after this,A2,,此れから,これから,,これから先。,,,
dentist,A2,,歯医者,はいしゃ,,歯を治す医師。,,,
history,A2,,歴史,れきし,,人類の過去。,,,
"almost, most",A2,,殆ど,ほとんど,,大部分を示す言葉。,,,
be left behind,A2,verb,残る,のこる,,残っていること。,,,
"regrettable, disappointing",A2,,残念,ざんねん,,期待に反して残念なこと。,,,
compare,A2,verb,比べる,くらべる,,比べ合わせること。,,,
"fur, wool, hair",A2,,毛,け,,動物や人の毛。,,,
spirit,A2,,気,き,,気配や精神。,,,
mood,A2,,気分,きぶん,,体や心の状態。,,,
feeling,A2,noun,気持ち,きもち,,感情の状態。,,,
aquarium,A2,noun,水族館,すいぞくかん,,水中の生き物を展示する施設。,,,
swimming,A2,noun,水泳,すいえい,,泳ぐ運動。,,,
water supply,A2,noun,水道,すいどう,,生活に必要な水の設備。,,,
get dirty,A2,verb,汚れる,よごれる,,汚れること。,,,
never,A2,adverb,決して,けっして,,絶対にしないこと。,,,
be decided,A2,verb,決まる,きまる,,決定されること。,,,
decide,A2,verb,決める,きめる,,選択を決めること。,,,
steam train,A2,noun,汽車,きしゃ,,蒸気で動く列車。,,,
boil,A2,verb,沸かす,わかす,,水を熱して沸かすこと。,,,
be boiling,A2,verb,沸く,わく,,水が熱して沸くこと。,,,
heal,A2,verb,治す,なおす,,病気を治すこと。,,,
recover,A2,verb,治る,なおる,,病気が治ること。,,,
stay somewhere overnight,A2,verb,泊まる,とまる,,泊まって夜を過ごすこと。,,,
law,A2,noun,法律,ほうりつ,,社会の規則。,,,
cry,A2,verb,泣く,なく,,涙を流すこと。,,,
thief,A2,noun,泥棒,どろぼう,,他人の物を盗む人。,,,
shot,A2,noun,注射,ちゅうしゃ,,薬を体に入れる行為。,,,
caution,A2,noun,注意,ちゅうい,,注意すること。,,,
shallow,A2,adjective,浅い,あさい,,深さが浅いこと。,,,
Asakusa,A2,noun,浅草,あさくさ,,東京にある地域の名。,,,
coast,A2,noun,海岸,かいがん,,海の岸辺。,,,
deep,A2,adjective,深い,ふかい,,深さがあること。,,,
"be busy, be crowded",A2,verb,混む,こむ,,人や車が込み合うこと。,,,
be done with,A2,verb,済む,すむ,,物事が終わること。,,,
habor,A2,noun,港,みなと,,船が出入りする所。,,,
lake,A2,noun,湖,みずうみ,,大きな水の集まり。,,,
hot water,A2,noun,湯,ゆ,,熱いお湯。,,,
"slide, glide",A2,verb,滑る,すべる,,滑って移動すること。,,,
comics,A2,noun,漫画,まんが,,絵や物語を描いた冊子。,,,
"soak, pickle",A2,verb,漬ける,つける,,野菜などを漬けること。,,,
"get wet, be wet",A2,verb,濡れる,ぬれる,,水に濡れること。,,,
fire,A2,noun,火,ひ,,火を使うこと。,,,
"fire, conflagration",A2,noun,火事,かじ,,大きな火。,,,
"point, mark",A2,noun,点,てん,,点数や印。,,,
"behalf, benefit",A2,noun,為,ため,,利益のため。,,,
do,A2,verb,為さる,なさる,,「する」の尊敬語。,,,
"be lost, be missing",A2,verb,無くなる,なくなる,,物がなくなること。,,,
"unreasonable, impossible",A2,,無理,むり,,無理なこと。,,,
"grill, bake",A2,verb,焼く,やく,,焼くこと。,,,
"be grilled, be baked",A2,verb,焼ける,やける,,焼けること。,,,
bear,A2,noun,熊,くま,,大型の哺乳動物で、森に住むもの。,,,
"fever, heat",A2,,熱,ねつ,,体温や熱。,,,
tidy up,A2,verb,片付ける,かたづける,,整理整頓すること。,,,
especially,A2,adverb,特に,とくに,,特別にを表す語。,,,
special,A2,,特別,とくべつ,,通常と異なること。,,,
limited express,A2,,特急,とっきゅう,,速い列車。,,,
toy,A2,noun,玩具,おもちゃ,,子供の遊ぶ物。,,,
"rare, unusual",A2,adjective,珍しい,めずらしい,,珍しいこと。,,,
ball game,A2,noun,球技,きゅうぎ,,ボールを使う競技。,,,
reason,A2,noun,理由,りゆう,,理由を説明するもの。,,,
gas,A2,noun,瓦斯,ガス,,燃料として使う気体。,,,
live,A2,verb,生きる,いきる,,生き続けること。,,,
lifestyle,A2,noun,生活,せいかつ,,暮らし。,,,
production,A2,noun,生産,せいさん,,物を生産すること。,,,
industry,A2,noun,産業,さんぎょう,,産業活動。,,,
something to do,A2,,用,よう,,必要な事柄。,,,
task,A2,,用事,ようじ,,日常の用件。,,,
preparation,A2,,用意,ようい,,準備すること。,,,
countryside,A2,,田舎,いなか,,田舎の地域。,,,
"say, tell, state",A2,verb,申し上げる,もうしあげる,,言うの謙譲語。,,,
say,A2,verb,申す,もうす,,言うの丁寧語。,,,
man,A2,,男性,だんせい,,成人男性。,,,
being away from home,A2,,留守,るす,,家にいないこと。,,,
program,A2,,番組,ばんぐみ,,放送される番組。,,,
get thin,A2,verb,痩せる,やせる,,体が細くなること。,,,
pronunciation,A2,,発音,はつおん,,言葉の発音。,,,
steal,A2,verb,盗む,ぬすむ,,他人の物を盗むこと。,,,
prosperous,A2,,盛ん,さかん,,活発で勢いがあること。,,,
fix,A2,verb,直す,なおす,,壊れたものを元に戻すこと。,,,
be fixed,A2,verb,直る,なおる,,壊れていたものが正常になること。,,,
nurse,A2,,看護師,かんごし,,病人を看護する職業の人。,,,
"middle, center",A2,,真ん中,まんなか,,中央の位置。,,,
sleepy,A2,adjective,眠い,ねむい,,眠気を感じること。,,,
sleep,A2,verb,眠る,ねむる,,目を閉じて休むこと。,,,
kimono,A2,noun,着物,きもの,,日本の伝統的な衣服。,,,
inform,A2,verb,知らせる,しらせる,,知らせを伝えること。,,,
stone,A2,noun,石,いし,,固い鉱物。,,,
sand,A2,noun,砂,すな,,粒が細かい地面の成分。,,,
beach,A2,noun,砂浜,すなはま,,砂のある海岸。,,,
research,A2,noun,研究,けんきゅう,,学問を深く調べること。,,,
laboratory,A2,noun,研究室,けんきゅうしつ,,研究を行う部屋。,,,
glass,A2,noun,硝子,ガラス,,透明な固体。,,,
hard,A2,adjective,硬い,かたい,,柔らかくない性質。,,,
certain,A2,adjective,確か,たしか,,確実であること。,,,
reliable,A2,,確り,しっかり,,堅実でしっかりしていること。,,,
society,A2,noun,社会,しゃかい,,人の集団が作る仕組み。,,,
company president,A2,noun,社長,しゃちょう,,会社をまとめる役職。,,,
pray,A2,verb,祈る,いのる,,神に願いを捧げること。,,,
grandmother,A2,noun,祖母,そぼ,,母の母。,,,
grandfather,A2,noun,祖父,そふ,,父の父。,,,
shrine,A2,noun,神社,じんじゃ,,神を祭る建物。,,,
Akihabara,A2,noun,秋葉原,あきはばら,,東京の電気街として有名な地域の名。,,,
autumn breeze,A2,noun,秋風,あきかぜ,,秋に吹く風。,,,
science,A2,noun,科学,かがく,,自然現象を調べる学問。,,,
move,A2,verb,移る,うつる,,位置を変えること。,,,
be hungry,A2,verb,空く,すく,,空腹になる。特に、腹が減る。,,,
air,A2,noun,空気,くうき,,大気。,,,
airport,A2,noun,空港,くうこう,,飛行機が発着する場所。,,,
"stand up, set up",A2,verb,立てる,たてる,,まっすぐ立てること。,,,
competition,A2,noun,競争,きょうそう,,優劣を競うこと。,,,
"laugh, smile",A2,verb,笑う,わらう,,口元をゆるめること。,,,
answer,A2,noun,答え,こたえ,,質問に対する言葉。,,,
"simple, easy",A2,noun,簡単,かんたん,,複雑でない様子。,,,
uncooked rice,A2,noun,米,こめ,,炊く前の穀物。,,,
"thread, yarn",A2,noun,糸,いと,,細い繊維。,,,
promise,A2,noun,約束,やくそく,,約定。,,,
fine,A2,adjective,細かい,こまかい,,細かく分かれていること。,,,
introduction,A2,noun,紹介,しょうかい,,人や物を紹介すること。,,,
the end,A2,noun,終わり,おわり,,物事の終了。,,,
economy,A2,noun,経済,けいざい,,金や物の流れを管理する仕組み。,,,
silk,A2,noun,絹,きぬ,,蚕から作られる繊維。,,,
be continued,A2,verb,続く,つづく,,物事が続くこと。,,,
continue,A2,verb,続ける,つづける,,物事を続けること。,,,
line,A2,noun,線,せん,,細長い筋。,,,
beautiful,A2,adjective,美しい,うつくしい,,見た目が美しい様子。,,,
beauty,A2,noun,美しさ,うつくしさ,,美しいという性質。,,,
"art gallery, art museum",A2,noun,美術館,びじゅつかん,,美術品を展示する建物。,,,
"habit, custom",A2,noun,習慣,しゅうかん,,繰り返される生活の型。,,,
translation,A2,noun,翻訳,ほんやく,,外国語を自国語に直すこと。,,,
think about,A2,verb,考える,かんがえる,,考えをめぐらすこと。,,,
hear,A2,verb,聞こえる,きこえる,,自然に耳に届くこと。,,,
"raise, rear",A2,verb,育てる,そだてる,,子を育てること。,,,
back,A2,noun,背中,せなか,,背面の部分。,,,
arm,A2,noun,腕,うで,,肩から手までの部分。,,,
freedom,A2,noun,自由,じゆう,,束縛されないこと。,,,
do,A2,verb,致す,いたす,,自分が行うことの謙譲語。,,,
interest,A2,noun,興味,きょうみ,,関心。,,,
ship,A2,noun,船,ふね,,水上を進む大型の乗り物。,,,
cherry blossom viewing,A2,noun,花見,はなみ,,花を鑑賞する行事。,,,
"art, craft, performance",A2,noun,芸,げい,,技や芸能のわざ。,,,
artist,A2,noun,芸術家,げいじゅつか,,芸術活動を行う人。,,,
"bully, torment",A2,verb,苛める,いじめる,,弱い者に苦痛を与えること。,,,
supposing,A2,,若し,もし,,仮定を示す言葉。,,,
bitter,A2,adjective,苦い,にがい,,舌に強い刺激を与える味。,,,
grass,A2,noun,草,くさ,,地面に生える植物。,,,
fall,A2,verb,落ちる,おちる,,上から下に移動すること。,,,
drop,A2,verb,落とす,おとす,,物を落とすこと。,,,
leaf,A2,noun,葉,は,,木の一部。,,,
grape,A2,noun,葡萄,ぶどう,,房になって実る果実。,,,
bug,A2,noun,虫,むし,,小さな生物。,,,
ant,A2,noun,蟻,あり,,小さな社会性の昆虫。,,,
blood,A2,noun,血,ち,,体を流れる赤い液体。,,,
undertake,A2,verb,行う,おこなう,,行為を実施すること。,,,
front,A2,noun,表,おもて,,表側。,,,
"opposite side, reverse",A2,noun,裏,うら,,裏側。,,,
complicated,A2,adjective,複雑,ふくざつ,,複雑で入り組んでいること。,,,
"praise, admire",A2,verb,褒める,ほめる,,優れた点を認めること。,,,
"the West, Western world",A2,noun,西洋,せいよう,,欧米の地域。,,,
"appearance, looks",A2,noun,見た目,みため,,外から見える様子。,,,
be found,A2,verb,見つかる,みつかる,,偶然に見つかること。,,,
find,A2,verb,見つける,みつける,,探し当てること。,,,
sightseeing,A2,noun,見物,けんぶつ,,観光すること。,,,
rule,A2,noun,規則,きそく,,守るべき決まり。,,,
parent,A2,noun,親,おや,,父母。,,,
kind,A2,adjective,親切,しんせつ,,思いやりがある様子。,,,
touch,A2,verb,触る,さわる,,肌で感じること。,,,
anniversary,A2,noun,記念日,きねんび,,特別な出来事を覚えておく日。,,,
visit,A2,verb,訪ねる,たずねる,,訪れること。,,,
reason,A2,noun,訳,わけ,,理由や原因。,,,
"game, match",A2,noun,試合,しあい,,競技。,,,
test,A2,noun,試験,しけん,,学力を測る試験。,,,
explanation,A2,noun,説明,せつめい,,説明すること。,,,
anyone,A2,pronoun,誰でも,だれでも,,どの人であっても。,,,
section manager,A2,noun,課長,かちょう,,課をまとめる役職。,,,
investigate,A2,verb,調べる,しらべる,,調査すること。,,,
lecture hall,A2,noun,講堂,こうどう,,大人数を収容する建物。,,,
lecture,A2,noun,講義,こうぎ,,授業として行う話。,,,
apologize,A2,verb,謝る,あやまる,,謝罪すること。,,,
police,A2,noun,警察,けいさつ,,治安を守る組織。,,,
lose a game,A2,verb,負ける,まける,,勝負に負けること。,,,
trade,A2,noun,貿易,ぼうえき,,国と国との取引。,,,
"gift, present",A2,noun,贈り物,おくりもの,,贈与する品。,,,
baby,A2,noun,赤ちゃん,あかちゃん,,幼児。,,,
"baby, infant",A2,noun,赤ん坊,あかんぼう,,生まれたばかりの子。,,,
begin to run,A2,verb,走り出す,はしりだす,,走り始めること。,,,
cause,A2,verb,起こす,おこす,,出来事を引き起こすこと。,,,
hobby,A2,noun,趣味,しゅみ,,趣味として楽しむこと。,,,
add numbers,A2,verb,足す,たす,,数を足すこと。,,,
be enough,A2,verb,足りる,たりる,,十分であること。,,,
ankle,A2,noun,足首,あしくび,,足と脚のつなぎ目。,,,
dance,A2,noun,踊り,おどり,,踊りの芸能。,,,
dance,A2,verb,踊る,おどる,,体を動かして踊ること。,,,
step on,A2,verb,踏む,ふむ,,足で踏むこと。,,,
lexicon,A2,noun,辞典,じてん,,語を集めた書物。,,,
"summon, invite",A2,verb,迎える,むかえる,,出迎えること。,,,
neighborhood,A2,noun,近所,きんじょ,,近い地域。,,,
response,A2,noun,返事,へんじ,,応答の言葉。,,,
hospital discharge,A2,noun,退院,たいいん,,病院を出ること。,,,
send,A2,verb,送る,おくる,,送信すること。,,,
"run away, escape",A2,verb,逃げる,にげる,,逃走すること。,,,
on the way,A2,,途中,とちゅう,,途中の場所。,,,
"commute, go back and forth",A2,verb,通う,かよう,,定期的に通うこと。,,,
pass,A2,verb,通る,とおる,,道を進むこと。,,,
as,A2,,連れて,つれて,,他の人や動物を伴うこと。,,,
contact,A2,noun,連絡,れんらく,,連絡すること。,,,
advance,A2,verb,進む,すすむ,,前に進むこと。,,,
"be delayed, be late",A2,verb,遅れる,おくれる,,遅れること。,,,
playing,A2,noun,遊び,あそび,,遊ぶ行為。,,,
carry,A2,verb,運ぶ,はこぶ,,荷を持ち運ぶこと。,,,
driver,A2,noun,運転手,うんてんしゅ,,自動車を操作する人。,,,
too much,A2,verb,過ぎる,すぎる,,度を超えること。,,,
tool,A2,noun,道具,どうぐ,,作業に使う器具。,,,
"reserve, constraint",A2,noun,遠慮,えんりょ,,遠慮する態度。,,,
suitable,A2,,適当,てきとう,,適していること。,,,
choose,A2,verb,選ぶ,えらぶ,,選択すること。,,,
suburbs,A2,noun,郊外,こうがい,,都市の外側。,,,
department head,A2,noun,部長,ぶちょう,,部をまとめる役職。,,,
convenience,A2,noun,都合,つごう,,都合のよさ。,,,
severe,A2,adjective,酷い,ひどい,,度を越して悪いこと。,,,
baseball,A2,noun,野球,やきゅう,,バットとボールを使う競技。,,,
catch a fish,A2,verb,釣る,つる,,魚を捕ること。,,,
mirror,A2,noun,鏡,かがみ,,姿を映すもの。,,,
slide open,A2,verb,開く,ひらく,,横に開くこと。,,,
between,A2,,間,あいだ,,二つの物のあいだ。,,,
be on time for,A2,verb,間に合う,まにあう,,決まった時に間に合うこと。,,,
make a mistake,A2,verb,間違える,まちがえる,,誤りをすること。,,,
relationship,A2,noun,関係,かんけい,,関わり合い。,,,
begin to rain,A2,verb,降り出す,ふりだす,,雨が降り始めること。,,,
"corner, inside corner",A2,noun,隅,すみ,,内側の角。,,,
be assembled,A2,verb,集まる,あつまる,,人が集まること。,,,
gather,A2,verb,集める,あつめる,,人を集めること。,,,
cloud,A2,noun,雲,くも,,空に浮かぶ水の粒。,,,
telegram,A2,noun,電報,でんぽう,,通信で送る文章。,,,
electric light,A2,noun,電灯,でんとう,,照明の光。,,,
Aomori,A2,noun,青森,あおもり,,日本の東北地方にある県の名。,,,
extremely,A2,adverb,非常に,ひじょうに,,程度が極めて大きいこと。,,,
sound,A2,noun,音,おと,,耳で感じるもの。,,,
airfield,A2,noun,飛行場,ひこうじょう,,飛行機が離着陸する場所。,,,
all you can eat,A2,noun,食べ放題,たべほうだい,,好きなだけ食べられる制度。,,,
decorate,A2,verb,飾る,かざる,,飾りを付けること。,,,
neck,A2,noun,首,くび,,頭と胴をつなぐ部分。,,,
parking lot,A2,noun,駐車場,ちゅうしゃじょう,,車を止める場所。,,,
make a racket,A2,verb,騒ぐ,さわぐ,,騒音を立てること。,,,
be surprised,A2,verb,驚く,おどろく,,驚きを感じること。,,,
high school,A2,noun,高校,こうこう,,中等教育の学校。,,,
hair,A2,noun,髪,かみ,,頭から生える毛。,,,
beard,A2,noun,髭,ひげ,,口やあごに生える毛。,,,
"cry, animal cry",A2,noun,鳴き声,なきごえ,,動物の声。,,,
"sound, ring",A2,verb,鳴る,なる,,音を発すること。,,,
"artist, musician",B1,noun,アーティスト,アーティスト,,芸術活動をする人。,,,
idea,B1,noun,アイデア,アイデア,,考えや思いつき。,,,
access,B1,noun,アクセス,アクセス,,接続する手段。,,,
advice,B1,noun,アドバイス,アドバイス,,助言。,,,
address,B1,noun,アドレス,アドレス,,住所を示すもの。,,,
application,B1,noun,アプリケーション,アプリケーション,,電子的な応用ソフト。,,,
album,B1,noun,アルバム,アルバム,,音楽や写真を収めた冊子。,,,
questionnaire,B1,noun,アンケート,アンケート,,回答者に質問して、意見や実態を調べること。また、その質問票。,,,
United Kingdom,B1,noun,イギリス,イギリス,,ヨーロッパの国。,,,
handsome man,B1,noun,イケメン,イケメン,,容姿が整った男性。,,,
Islam,B1,noun,イスラム教,イスラムきょう,,イスラムの宗教。,,,
impression,B1,noun,イメージ,イメージ,,心に浮かぶ印象。,,,
illustration,B1,noun,イラスト,イラスト,,絵を描いたもの。,,,
interview,B1,noun,インタビュー,インタビュー,,質問に答える形で話を聞くこと。,,,
India,B1,noun,インド,インド,,南アジアの国。,,,
intonation,B1,noun,イントネーション,イントネーション,,音の上がり下がり。,,,
influenza,B1,noun,インフルエンザ,インフルエンザ,,感染によって起こる高熱の病気。,,,
virus,B1,noun,ウイルス,ウイルス,,感染症などを引き起こす非常に小さな病原体。,,,
air conditioner,B1,noun,エアコン,エアコン,,室内の温度を調整する機械。,,,
Egypt,B1,noun,エジプト,エジプト,,北アフリカの国。,,,
elite,B1,noun,エリート,エリート,,優れた能力を持つ人。,,,
engine,B1,noun,エンジン,エンジン,,動力を生み出す装置。,,,
opening,B1,noun,オープン,オープン,,店や施設などを開くこと。また、公開すること。,,,
toaster oven,B1,noun,オーブントースター,オーブントースター,,小型の電気オーブン。,,,
office,B1,noun,オフィス,オフィス,,事務を行う場所。,,,
card,B1,noun,カード,カード,,四角い紙片や証明書。,,,
guard,B1,noun,ガード,ガード,,守る人。,,,
carpet,B1,noun,カーペット,カーペット,,床に敷く厚手の敷物。,,,
guide,B1,noun,ガイド,ガイド,,人を案内する人。また、案内すること。,,,
disappointed,B1,adverb,がっかり,がっかり,,期待を裏切られて落胆すること。,,,
"cut, haircut",B1,noun,カット,カット,,切ること。特に、髪などを切ること。,,,
cover,B1,noun,カバー,カバー,,外側を覆うもの。,,,
caffeine,B1,noun,カフェイン,カフェイン,,飲料に含まれる覚醒成分。,,,
"maybe, perhaps",B1,expression,かもしれない,かもしれない,,可能性があることを表す言い方。,,,
calorie,B1,noun,カロリー,カロリー,,食べ物のエネルギーを表す単位。,,,
keyword,B1,noun,キーワード,キーワード,,重要な語。,,,
properly,B1,adverb,きちんと,きちんと,,整然としている様子。,,,
"harsh, tight",B1,adjective,きつい,きつい,,強く厳しい状態。,,,
"camp, camping",B1,noun,キャンプ,キャンプ,,野外で寝泊まりする活動。,,,
soundly,B1,adverb,ぐっすり,ぐっすり,,熟睡する様子。,,,
graph,B1,noun,グラフ,グラフ,,数量や変化を図で表したもの。,,,
cream,B1,noun,クリーム,クリーム,,白い乳製品。,,,
Christmas,B1,noun,クリスマス,クリスマス,,キリストの誕生を祝う行事。,,,
group,B1,noun,グループ,グループ,,複数の人の集まり。,,,
"claim, complaint",B1,noun,クレーム,クレーム,,苦情や要求。,,,
case,B1,noun,ケース,ケース,,入れ物や事例。,,,
"game, video game",B1,noun,ゲーム,ゲーム,,遊びのための装置やソフト。,,,
course,B1,noun,コース,コース,,進む道筋や課程。,,,
coach,B1,noun,コーチ,コーチ,,指導者。,,,
corner,B1,noun,コーナー,コーナー,,場所の隅や一角。また、売り場などの一区画。,,,
goal,B1,noun,ゴール,ゴール,,目標地点。,,,
cost,B1,noun,コスト,コスト,,費用。,,,
"trick, knack",B1,noun,コツ,こつ,,物事をうまく行うための要領。,,,
"cook, chef",B1,noun,コック,コック,,料理をする人。,,,
trash,B1,noun,ごみ,ごみ,,不要になって捨てる物。,,,
communication,B1,noun,コミュニケーション,コミュニケーション,,人と人が情報や気持ちを伝え合うこと。,,,
comment,B1,noun,コメント,コメント,,意見や感想を述べること。また、その内容。,,,
concrete,B1,noun,コンクリート,コンクリート,,建物を作るための材料。,,,
contest,B1,noun,コンテスト,コンテスト,,技能や作品などを競う催し。,,,
"group, club, circle",B1,noun,サークル,サークル,,同じ目的で集まる団体。,,,
service,B1,noun,サービス,サービス,,提供される奉仕。,,,
signature,B1,noun,サイン,サイン,,署名。,,,
quickly,B1,adverb,さっさと,さっさと,,素早く行う様子。,,,
refreshed,B1,adverb,さっぱり,さっぱり,,気分が爽やかになる様子。,,,
company employee,B1,noun,サラリーマン,サラリーマン,,会社に勤める男性。,,,
season,B1,noun,シーズン,シーズン,,季節や時期。,,,
system,B1,noun,システム,システム,,複数の要素が組み合わさって働く仕組み。,,,
jazz,B1,noun,ジャズ,ジャズ,,アメリカで生まれた音楽の一ジャンル。,,,
genre,B1,noun,ジャンル,ジャンル,,芸術や作品などを内容や形式によって分けた種類。,,,
juice,B1,noun,ジュース,ジュース,,果汁を絞った飲み物。,,,
shock,B1,noun,ショック,ショック,,強い驚きや精神的な打撃。,,,
series,B1,noun,シリーズ,シリーズ,,関連して続く作品。,,,
negation marker,B1,particle,ず,ず,,否定を表す助詞。,,,
soup,B1,noun,スープ,スープ,,具を入れた汁料理。,,,
switch,B1,noun,スイッチ,スイッチ,,電気で入切を操作する装置。,,,
skiing,B1,noun,スキー,スキー,,雪上で滑る運動。,,,
"style, figure",B1,noun,スタイル,スタイル,,体型や服装の見た目。,,,
continuously,B1,adverb,ずっと,ずっと,,長く続ける様子。,,,
stage,B1,noun,ステージ,ステージ,,舞台。,,,
stress,B1,noun,ストレス,ストレス,,心や体に負担がかかって生じる緊張や不調。,,,
speech,B1,noun,スピーチ,スピーチ,,人前で話す行為。,,,
speed,B1,noun,スピード,スピード,,動く速さ。,,,
space,B1,noun,スペース,スペース,,空いている場所や空間。,,,
if so,B1,,すれば,すれば,,もしそうならを示す言葉。,,,
set,B1,noun,セット,セット,,ひとまとめにしたもの。,,,
"taste, sense",B1,noun,センス,センス,,物事を感じ取ったり、よいものを選んだりする感覚。,,,
center,B1,noun,センター,センター,,中心の場所。,,,
sofa,B1,noun,ソファ,ソファ,,背もたれのある椅子。,,,
timing,B1,noun,タイミング,タイミング,,何かをするのにちょうどよい時機。,,,
towel,B1,noun,タオル,タオル,,体を拭く布。,,,
"not only, but also",B1,,だけでなく,だけでなく,,〜だけでなくを示す言葉。,,,
only,B1,,たった,たった,,ごく少量。,,,
"full, plenty",B1,,たっぷり,たっぷり,,十分な量。,,,
television star,B1,noun,タレント,タレント,,テレビなどで活躍する芸能人。,,,
dance,B1,noun,ダンス,ダンス,,音楽に合わせて体を動かす芸能。,,,
cheese,B1,noun,チーズ,チーズ,,牛乳から作った食品。,,,
team,B1,noun,チーム,チーム,,一つの目標を持つ集団。,,,
chance,B1,noun,チャンス,チャンス,,機会。,,,
earnestly,B1,adverb,ちゃんと,ちゃんと,,きちんとした様子。,,,
be doing,B1,,つつある,つつある,,行為が進行していることを示す言葉。,,,
date,B1,noun,デート,デート,,男女が親しく過ごすこと。,,,
designer,B1,noun,デザイナー,デザイナー,,衣服や装飾を設計する人。,,,
design,B1,noun,デザイン,デザイン,,形や見た目、配置などを考えて設計すること。また、その形。,,,
try doing,B1,verb,てみる,てみる,,試みに行うこと。,,,
"even if, even though",B1,,ても,ても,,〜てもを示す表現。,,,
tent,B1,noun,テント,テント,,布製の仮設小屋。,,,
"if, when",B1,conjunction,と,と,,条件を示す言葉。,,,
topic,B1,noun,トピック,トピック,,話題。,,,
driver,B1,noun,ドライバー,ドライバー,,自動車などを運転する人。,,,
drive,B1,noun,ドライブ,ドライブ,,自動車で出かけること。,,,
truck,B1,noun,トラック,トラック,,荷を運ぶ大型車。,,,
trouble,B1,noun,トラブル,トラブル,,問題や事故などの困った出来事。,,,
drama,B1,noun,ドラマ,ドラマ,,舞台や映像の物語。,,,
dress,B1,noun,ドレス,ドレス,,女性が着る衣装。,,,
outrageous,B1,,とんでも,とんでも,,信じられない様子。,,,
what kind of,B1,,どんな,どんな,,どのようなを示す言葉。,,,
tunnel,B1,noun,トンネル,トンネル,,地下の通路。,,,
whether or not,B1,,なり,なり,,〜であれ〜であれを示す表現。,,,
needs,B1,noun,ニーズ,ニーズ,,需要。,,,
"material, information",B1,noun,ねた,ねた,,話題にする材料。,,,
assertive marker,B1,,のだ、んだ,のだ、んだ,,説明や断定を補う表現。,,,
knock,B1,noun,ノック,ノック,,戸を叩くこと。,,,
"only, nothing but",B1,,のみ,のみ,,限定を表す言葉。,,,
carefree,B1,adverb,のんびり,のんびり,,のんびりした様子。,,,
bar,B1,noun,バー,バー,,酒を飲む店。,,,
percent,B1,noun,パーセント,パーセント,,割合を示す単位。,,,
bartender,B1,noun,バーテン,バーテン,,酒場で働く人。,,,
"hard, tough",B1,adjective,ハード,ハード,,困難な様子。,,,
hiking,B1,noun,ハイキング,ハイキング,,山歩き。,,,
pilot,B1,noun,パイロット,パイロット,,飛行機を操縦する人。,,,
"pass, passing",B1,noun,パス,パス,,通過。,,,
passport,B1,noun,パスポート,パスポート,,国境を越える証明書。,,,
pachinko,B1,noun,パチンコ,パチンコ,,小さな玉を機械に打ち込んで遊ぶ日本の遊技。,,,
bag,B1,noun,バッグ,バッグ,,持ち運ぶ袋。,,,
happy ending,B1,noun,ハッピーエンド,ハッピーエンド,,物語の結末が幸せになること。,,,
panic,B1,noun,パニック,パニック,,極度の不安や混乱。,,,
barista,B1,noun,バリスタ,バリスタ,,コーヒーをいれる専門職。,,,
peak,B1,noun,ピーク,ピーク,,頂点。,,,
beer,B1,noun,ビール,ビール,,麦から作る発泡酒。,,,
picnic,B1,noun,ピクニック,ピクニック,,野外で食事を楽しむこと。,,,
business,B1,noun,ビジネス,ビジネス,,仕事や商売に関する活動。,,,
perfect,B1,,ぴったり,ぴったり,,正確に合う様子。,,,
video,B1,noun,ビデオ,ビデオ,,映像記録媒体。,,,
perhaps,B1,,ひょっとする,ひょっとする,,偶然を示す言葉。,,,
at once,B1,,ふっと,ふっと,,急にの意味。,,,
plus,B1,,プラス,プラス,,加える数。,,,
plan,B1,noun,プラン,プラン,,計画。,,,
brand,B1,noun,ブランド,ブランド,,製品の名前や印。,,,
"fluffy, puffy",B1,,プリプリ,プリプリ,,ふわふわした様子。,,,
pressure,B1,noun,プレッシャー,プレッシャー,,精神的な圧力。,,,
professional,B1,adjective,プロ,プロ,,専門家。,,,
project,B1,noun,プロジェクト,プロジェクト,,企画。,,,
process,B1,noun,プロセス,プロセス,,過程。,,,
prototype,B1,noun,プロトタイプ,プロトタイプ,,試作品。,,,
front desk,B1,noun,フロント,フロント,,ホテルなどで受付をする場所。,,,
base,B1,noun,ベース,ベース,,基礎や土台となるもの。,,,
vegetarian,B1,noun,ベジタリアン,ベジタリアン,,肉を食べない人。,,,
fluent,B1,adverb,ぺらぺら,ぺらぺら,,外国語を流暢に話す様子。,,,
belt,B1,noun,ベルト,ベルト,,腰に巻く帯。,,,
paint,B1,noun,ペンキ,ペンキ,,塗装に使う液。,,,
bench,B1,noun,ベンチ,ベンチ,,座る長い椅子。,,,
boat,B1,noun,ボート,ボート,,小型の船。,,,
platform,B1,noun,ホーム,ホーム,,鉄道の乗降場所。,,,
hall,B1,noun,ホール,ホール,,大勢の人が集まるための広い部屋や会場。,,,
"ball, bowl",B1,noun,ボール,ボール,,球体や競技用の玉。,,,
point,B1,noun,ポイント,ポイント,,要点や重要な点。,,,
dimly,B1,,ぼおっと,ぼおっと,,集中せずぼんやりする様子。,,,
podcast,B1,noun,ポッドキャスト,ポッドキャスト,,音声配信番組。,,,
rip-off,B1,noun,ぼっ手繰り,ぼったくり,,高すぎる値段。,,,
rip someone off,B1,verb,ぼっ手繰る,ぼったくる,,不当に金を取ること。,,,
almost,B1,adverb,ほぼ,ほぼ,,完全ではないが、ほとんど全部に近い様子。,,,
falling apart,B1,,ボロボロ,ボロボロ,,壊れて使えない様子。,,,
mark,B1,noun,マーク,マーク,,目印となる記号や印。,,,
market,B1,noun,マーケット,マーケット,,商品を売り買いする場。,,,
well,B1,interjection,まあ,まあ,,間をつなぐ言葉。,,,
microphone,B1,noun,マイク,マイク,,音を拾う装置。,,,
manners,B1,noun,マナー,マナー,,礼儀の作法。,,,
mom,B1,noun,ママ,ママ,,母を呼ぶ言葉。,,,
mistake,B1,noun,ミス,ミス,,誤り。,,,
music,B1,noun,ミュージック,ミュージック,,音楽。,,,
milk,B1,noun,ミルク,ミルク,,白い飲料。,,,
"main, principal",B1,noun,メイン,メイン,,中心となる部分。,,,
major,B1,noun,メジャー,メジャー,,主要なこと。,,,
media,B1,noun,メディア,メディア,,情報を多くの人に伝える媒体。,,,
note,B1,noun,メモ,メモ,,書き留めたもの。,,,
advantage,B1,noun,メリット,メリット,,利点。,,,
melody,B1,noun,メロディー,メロディー,,音の高低が連なってできる旋律。,,,
member,B1,noun,メンバー,メンバー,,仲間。,,,
monitor,B1,noun,モニター,モニター,,映像や情報を表示する画面。,,,
"delinquent, juvenile delinquent",B1,noun,ヤンキー,ヤンキー,,不良少年。,,,
Jewish,B1,noun,ユダヤ人,ユダヤじん,,ユダヤの民族。,,,
unique,B1,adjective,ユニーク,ユニーク,,他にはない特徴があって独特なこと。,,,
Europe,B1,noun,ヨーロッパ,ヨーロッパ,,ヨーロッパの地域。,,,
according to,B1,,よれば,よれば,,〜によればを示す言葉。,,,
"real, realistic",B1,adjective,リアル,リアル,,現実的な様子。,,,
request,B1,noun,リクエスト,リクエスト,,要望。,,,
risk,B1,noun,リスク,リスク,,危険性。,,,
x-ray,B1,noun,レントゲン,レントゲン,,X線を使って体の内部を撮影する検査。また、その写真。,,,
rocket,B1,noun,ロケット,ロケット,,宇宙に打ち上げる装置。,,,
romantic,B1,adjective,ロマンチック,ロマンチック,,恋愛的で、夢や情緒を感じさせる様子。,,,
wire,B1,noun,ワイヤ、ワイヤー,ワイヤ、ワイヤー,,金属の細い線。,,,
wine,B1,noun,ワイン,ワイン,,ぶどうから作る酒。,,,
one by one,B1,,一人一人,ひとりひとり,,一人ずつを指す表現。,,,
what in the world,B1,,一体,いったい,,強調して疑問を表す言葉。,,,
one round,B1,numeral,一周,いっしゅう,,一回りすること。,,,
"a family, a household",B1,,一家,いっか,,同居する家族。,,,
ever more,B1,,一層,いっそう,,程度が増すこと。,,,
single-family home,B1,noun,一戸建て,いっこだて,,一つの家族が住むための独立した住宅。,,,
"on the other hand, either",B1,,一方,いっぽ,,二つの事柄を対比する言葉。,,,
temporary,B1,,一時,いちじ,,一時的なこと。,,,
temporary,B1,,一時的,いちじてき,,長く続かず、短い間だけのこと。,,,
one night,B1,numeral,一泊,いっぱく,,一晩泊まること。,,,
a point,B1,,一点,いってん,,一つの場所や部分。,,,
for a moment,B1,,一瞬,いっしゅん,,瞬間的なこと。,,,
a kind,B1,,一種,いっしゅ,,種類。,,,
agreement,B1,,一致,いっち,,一致すること。,,,
being general,B1,,一般,いっぱん,,全体的なこと。,,,
general,B1,,一般的,いっぱんてき,,多くの人や場合に当てはまること。,,,
brief comment,B1,,一言,ひとこと,,短い発言。,,,
triangle,B1,,三角形,さんかっけい,,三つの辺と三つの角を持つ形。,,,
coming to Tokyo,B1,,上京,じょうきょう,,首都に移ること。,,,
good at,B1,,上手い,うまい,,技能が優れていること。,,,
Shanghai,B1,noun,上海,シャンハイ,,中国にある大都市。,,,
high-grade,B1,,上等,じょうとう,,質が高いこと。,,,
improvement,B1,,上達,じょうたつ,,能力が上達すること。,,,
give,B1,verb,下さる,くださる,,与えるの尊敬語。,,,
"drop, lower",B1,verb,下ろす,おろす,,物を下に移すこと。,,,
negative prefix,B1,,不,ふ,,否定を表す語。,,,
disadvantage,B1,,不利,ふり,,不利な立場。,,,
realtor,B1,,不動産屋,ふどうさんや,,土地や建物の売買や賃貸を仲介する店。,,,
suddenly,B1,,不図,ふと,,不意にを表す言葉。,,,
anxiety,B1,,不安,ふあん,,安心できない心。,,,
discontent,B1,,不平,ふへい,,不満を述べること。,,,
unhappiness,B1,,不幸,ふこう,,幸福でないこと。,,,
mysterious,B1,,不思議,ふしぎ,,不思議なこと。,,,
dissatisfaction,B1,,不満,ふまん,,満足できない気持ち。,,,
"discomfort, inconvenience",B1,,不自由,ふじゆう,,不便であること。,,,
deficiency,B1,,不足,ふそく,,足りないこと。,,,
give,B1,verb,与える,あたえる,,相手に与えること。,,,
"society, the world, the times",B1,noun,世の中,よのなか,,時代や世の流れ。,,,
Setagaya,B1,,世田谷,せたがや,,東京都にある区の名前。,,,
worldwide,B1,adjective,世界的,せかいてき,,世界全体に関係すること。,,,
century,B1,,世紀,せいき,,百年間。,,,
taking care of someone,B1,,世話,せわ,,人を助けること。,,,
the public,B1,,世間,せけん,,世間一般。,,,
hill,B1,,丘,おか,,小高い土地。,,,
monetary exchange,B1,,両替,りょうがえ,,貨幣を別の種類に替えること。,,,
both things,B1,,両者,りょうしゃ,,二つの人や物。,,,
considerably,B1,,中々,なかなか,,程度が大きい様子。,,,
used,B1,noun,中古,ちゅうこ,,以前に使われていたもの。,,,
center,B1,noun,中心,ちゅうしん,,中央部分。,,,
Middle East,B1,noun,中東,ちゅうとう,,アジア西部から北アフリカにかけての地域。,,,
stoppage,B1,noun,中止,ちゅうし,,活動をやめること。,,,
Chinese food,B1,noun,中華,ちゅうか,,中国の文化や料理に関係すること。,,,
Nakano,B1,noun,中野,なかの,,東京都にある区の名前。,,,
circle,B1,noun,丸,まる,,円形。,,,
just like,B1,,丸で,まるで,,そっくりを示す言葉。,,,
main,B1,adjective,主な,おもな,,中心になる、大切な。,,,
mainly,B1,adverb,主に,おもに,,主としてを示す言葉。,,,
housewife,B1,,主婦,しゅふ,,家庭を支える女性。,,,
"claim, assertion",B1,,主張,しゅちょう,,意見を強く述べること。,,,
doctrine,B1,,主義,しゅぎ,,思想体系。,,,
main,B1,,主要,しゅよう,,中心的で重要なこと。,,,
give a ride to,B1,verb,乗せる,のせる,,車などに人を乗せること。,,,
passenger,B1,,乗客,じょうきゃく,,運ばれる人。,,,
forecast,B1,,予報,よほう,,天候を予想すること。,,,
"expectation, forecast",B1,,予期,よき,,将来を予想すること。,,,
"prediction, estimation",B1,,予測,よそく,,未来の変化を推測すること。,,,
budget,B1,,予算,よさん,,支出入の見積もり。,,,
prevention,B1,,予防,よぼう,,病気を防ぐこと。,,,
thing,B1,noun,事,こと,,事柄。,,,
incident,B1,noun,事件,じけん,,突発的な出来事。,,,
"administration, office work",B1,noun,事務,じむ,,事務的な仕事。,,,
office,B1,noun,事務室,じむしつ,,,,,
fact,B1,noun,事実,じじつ,,真実。,,,
circumstances,B1,noun,事情,じじょう,,事情や背景。,,,
situation,B1,noun,事態,じたい,,事の状態。,,,
"each other, one another",B1,,互い,たがい,,互いにし合うこと。,,,
exchange,B1,noun,交換,こうかん,,取り替えること。,,,
artificial,B1,adjective,人工,じんこう,,人が作ったもの。,,,
popularity,B1,,人気,にんき,,多くの人に好まれること。,,,
crowd of people,B1,,人混み,ひとごみ,,人が集まった群れ。,,,
"character, person",B1,,人物,じんぶつ,,人物。,,,
life,B1,,人生,じんせい,,人生全体。,,,
race,B1,,人種,じんしゅ,,民族を区別する基準。,,,
human,B1,,人間,にんげん,,人類の成員。,,,
humanity,B1,,人類,じんるい,,人類全体。,,,
this time,B1,,今回,こんかい,,今回の機会。,,,
from now on,B1,,今後,こんご,,将来に向かうこと。,,,
hello,B1,,今日は,こんにちは,,日中の挨拶。,,,
the Buddha,B1,,仏,ほとけ,,仏教で尊ばれる存在。,,,
other people,B1,,他人,たにん,,他の人。,,,
"socializing, association",B1,,付き合い,つきあい,,人との付き合い。,,,
"agency, representation",B1,,代理,だいり,,代理で務めること。,,,
representative,B1,,代表,だいひょう,,集団を代表する人。,,,
"price, cost",B1,,代金,だいきん,,支払い金額。,,,
"before, previously",B1,,以前,いぜん,,以前の時期。,,,
"after which, since",B1,,以来,いらい,,それ以後を示す言葉。,,,
relationship,B1,,仲,なか,,人間関係。,,,
"group, circle of friends",B1,,仲間,なかま,,友人関係の集まり。,,,
entrust,B1,verb,任せる,まかせる,,責任をゆだねること。,,,
business,B1,,企業,きぎょう,,経済活動を行う組織。,,,
"rest, break",B1,,休憩,きゅうけい,,短時間の休息。,,,
vacation,B1,,休暇,きゅうか,,仕事や勉強を離れる期間。,,,
"meeting, assembly, party",B1,,会,かい,,集まり。,,,
"member, membership",B1,,会員,かいいん,,会の成員。,,,
accounting,B1,,会計,かいけい,,収支を管理すること。,,,
tradition,B1,,伝統,でんとう,,世代から伝わる習わし。,,,
grow long,B1,verb,伸ばす,のばす,,長くすること。,,,
"stretch, lengthen",B1,verb,伸びる,のびる,,伸びること。,,,
"ask, inquire",B1,verb,伺う,うかがう,,訪問するの謙譲語。,,,
"suit, match",B1,verb,似合う,にあう,,似合うこと。,,,
"grade, degree, extent",B1,,位,くらい,,地位や程度。,,,
position,B1,,位置,いち,,ある場所のしめる位置。,,,
residence,B1,,住宅,じゅうたく,,人が住む建物。,,,
resident,B1,,住民,じゅうみん,,そこに住む人。,,,
body temperature,B1,,体温,たいおん,,体の温度。,,,
physical education,B1,,体育,たいいく,,体を鍛える教育。,,,
something,B1,,何か,なにか,,不特定の物。,,,
something or other,B1,,何とか,なんとか,,どうにかすること。,,,
someday,B1,,何時か,いつか,,将来のある時。,,,
extra,B1,,余分,よぶん,,余計なもの。,,,
surplus,B1,,余裕,よゆう,,心や時間のゆとり。,,,
work of art,B1,,作品,さくひん,,芸術作品。,,,
"writer, author",B1,,作家,さっか,,文章を書く人。,,,
musical composition,B1,,作曲,さっきょく,,音楽を作ること。,,,
occupation,B1,,作業,さぎょう,,仕事の行動。,,,
etiquette,B1,,作法,さほう,,礼儀作法。,,,
crop,B1,,作物,さくもつ,,畑で収穫するもの。,,,
"use, application",B1,,使用,しよう,,用いること。,,,
example,B1,,例,れい,,例として挙げること。,,,
"request, commission",B1,,依頼,いらい,,頼み事。,,,
value,B1,,価値,かち,,大切さ。,,,
price,B1,,価格,かかく,,物の値段。,,,
"flight, mail, letter",B1,,便,びん,,郵便や航空の便。,,,
news from someone,B1,,便り,たより,,知らせ。,,,
being in charge,B1,,係,かかり,,係わりを持つ人。,,,
preservation,B1,,保存,ほぞん,,保存すること。,,,
guarantee,B1,,保証,ほしょう,,保証すること。,,,
believe,B1,verb,信じる,しんじる,,正しいと信じること。,,,
faith,B1,,信仰,しんこう,,信じて崇めること。,,,
signal,B1,,信号,しんごう,,交通を制御する合図。,,,
credit,B1,,信用,しんよう,,取引や信用。,,,
trust,B1,,信頼,しんらい,,人を信じること。,,,
"correction, revision",B1,,修正,しゅうせい,,内容を修正すること。,,,
"repair, fixing",B1,,修理,しゅうり,,壊れたものを直すこと。,,,
actor,B1,,俳優,はいゆう,,演技を仕事にする人。,,,
individual,B1,,個人,こじん,,一人の人。,,,
"knock down, defeat",B1,,倒す,たおす,,倒すこと。,,,
candidacy,B1,,候補,こうほ,,立候補。,,,
"debt, loan",B1,,借金,しゃっきん,,借りた金。,,,
"merit, worth",B1,,値,あたい,,物の値打ち。,,,
great,B1,,偉大,いだい,,非常に優れていること。,,,
then,B1,,偖,さて,,話を進めるときのつなぎ言葉。,,,
transit stop,B1,,停留所,ていりゅうじょ,,乗り物が止まる所。,,,
health,B1,,健康,けんこう,,心身の健やかさ。,,,
by chance,B1,,偶々,たまたま,,偶然に起こること。,,,
coincidence,B1,,偶然,ぐうぜん,,思いがけない一致。,,,
"furnish with, equip with",B1,verb,備える,そなえる,,必要な備えをすること。,,,
"wound, injury",B1,,傷,きず,,体や物の傷。,,,
"tendency, trend",B1,,傾向,けいこう,,ある傾向。,,,
"only, merely",B1,,僅か,わずか,,ごくわずか。,,,
"surpass, excel",B1,verb,優れる,すぐれる,,人より優れること。,,,
"victory, winning a prize",B1,,優勝,ゆうしょう,,競技などで勝つこと。,,,
excellence,B1,,優秀,ゆうしゅう,,能力が優れていること。,,,
origin,B1,,元,もと,,もとの状態。,,,
first of all,B1,,先ず,まず,,初めにを示す言葉。,,,
a few days ago,B1,,先日,せんじつ,,数日前。,,,
spectacle,B1,,光景,こうけい,,目に映る景色。,,,
conquest,B1,,克服,こくふく,,困難を克服すること。,,,
license,B1,,免許,めんきょ,,許可証。,,,
rabbit,B1,,兎,うさぎ,,長い耳を持つ動物。,,,
anyway,B1,,兎に角,とにかく,,とにかくを示す言葉。,,,
political party,B1,,党,とう,,政治的な組織。,,,
admission,B1,,入場,にゅうじょう,,入場すること。,,,
completely,B1,,全く,まったく,,完全にを示す言葉。,,,
everything,B1,,全て,すべて,,すべてを示す言葉。,,,
entirety,B1,,全体,ぜんたい,,全体。,,,
everyone,B1,,全員,ぜんいん,,参加している人全員。,,,
nationwide,B1,,全国,ぜんこく,,全国的。,,,
not at all,B1,,全然,ぜんぜん,,まったく〜ないを示す言葉。,,,
fairness,B1,,公平,こうへい,,公平なこと。,,,
together,B1,,共に,ともに,,いっしょに。,,,
"doing together, cooperation",B1,,共同,きょうどう,,協力して行うこと。,,,
common,B1,,共通,きょうつう,,共通していること。,,,
or,B1,,其れ共,それとも,,それともを示す言葉。,,,
"concrete, tangible, material",B1,,具体,ぐたい,,具体的であること。,,,
"archetype, type",B1,,典型,てんけい,,典型的な例。,,,
content,B1,,内容,ないよう,,中身。,,,
circle,B1,,円,えん,,円形。,,,
again,B1,,再び,ふたたび,,再度を示す言葉。,,,
adventure,B1,,冒険,ぼうけん,,危険を冒す行動。,,,
joke,B1,,冗談,じょうだん,,冗談を言うこと。,,,
calmness,B1,,冷静,れいせい,,落ち着いた様子。,,,
freeze,B1,verb,凍る,こおる,,氷になること。,,,
motionlessness,B1,,凝乎,じっと,,じっと動かない様子。,,,
"processing, treatment",B1,,処理,しょり,,処理すること。,,,
encounter,B1,,出会い,であい,,偶然に人と会うこと。,,,
encounter,B1,verb,出会う,であう,,出会うこと。,,,
attendance,B1,,出席,しゅっせき,,出席すること。,,,
as much as possible,B1,,出来るだけ,できるだけ,,できる限りを示す言葉。,,,
event,B1,,出来事,できごと,,起こった出来事。,,,
publishing,B1,,出版,しゅっぱん,,本を出すこと。,,,
departure,B1,,出発,しゅっぱつ,,旅立つこと。,,,
origin,B1,,出身,しゅっしん,,出身地。,,,
single-edged sword,B1,,刀,かたな,,片刃の武器。,,,
"part, portion",B1,,分,ぶん,,全体の一部分。,,,
divide,B1,verb,分ける,わける,,分割すること。,,,
analysis,B1,,分析,ぶんせき,,物事を要素に分けて考えること。,,,
field of expertise,B1,,分野,ぶんや,,専門とする領域。,,,
"clip, trim",B1,verb,刈る,かる,,草を刈ること。,,,
detective,B1,,刑事,けいじ,,犯罪を扱う職業の人。,,,
"row, line",B1,,列,れつ,,横に並んだ列。,,,
train,B1,,列車,れっしゃ,,鉄道の車両。,,,
judgment,B1,,判断,はんだん,,物事を評価して結論を出すこと。,,,
not especially,B1,,別に,べつに,,特にを示す言葉。,,,
separation,B1,,別れ,わかれ,,人との別れ。,,,
function,B1,,利く,きく,,機能すること。,,,
"smart, clever",B1,,利口,りこう,,頭がよく抜け目のない様子。,,,
profit,B1,,利益,りえき,,利益やもうけ。,,,
arrival,B1,,到着,とうちゃく,,目的地に着くこと。,,,
system,B1,,制度,せいど,,仕組みや組織。,,,
restriction,B1,,制限,せいげん,,制限すること。,,,
stimulus,B1,,刺激,しげき,,外からの刺激となる作用。,,,
the former,B1,,前者,ぜんしゃ,,二つのうち前の方。,,,
"break, smash",B1,verb,割る,わる,,物をこわすこと。,,,
"drama, play",B1,,劇,げき,,舞台で演じられる作品。,,,
theater,B1,,劇場,げきじょう,,演劇を行う建物。,,,
add,B1,verb,加える,くわえる,,付け加えること。,,,
be added,B1,verb,加わる,くわわる,,新しく入ること。,,,
extent,B1,,加減,かげん,,程度や加減。,,,
be inferior,B1,verb,劣る,おとる,,劣っていること。,,,
"help, save",B1,verb,助ける,たすける,,危険から救うこと。,,,
assistant,B1,,助手,じょしゅ,,補助をする人。,,,
effort,B1,,努力,どりょく,,目標に向かって尽くすこと。,,,
labor,B1,,労働,ろうどう,,肉体を使って働くこと。,,,
"work, function",B1,,効く,きく,,作用すること。,,,
"effect, effectiveness",B1,,効果,こうか,,結果として表れる働き。,,,
courage,B1,,勇気,ゆうき,,危険に立ち向かう心。,,,
move something,B1,,動かす,うごかす,,位置を変えること。,,,
verb,B1,,動詞,どうし,,動詞の文法上の品詞。,,,
"intuition, hunch",B1,,勘,かん,,直感的な感覚。,,,
"calculation, count, bill",B1,,勘定,かんじょう,,金銭の計算や勘定。,,,
"impetus, energy",B1,,勢い,いきおい,,勢いのある力。,,,
"service, duty",B1,,勤め,つとめ,,職務に従事すること。,,,
recommend,B1,verb,勧める,すすめる,,人にすすめること。,,,
of course,B1,,勿論,もちろん,,当然を示す言葉。,,,
"odor, scent",B1,,匂い,におい,,におい。,,,
package,B1,,包み,つつみ,,紙や布で包んだ物。,,,
chemistry,B1,,化学,かがく,,物質の性質を研究する学問。,,,
makeup,B1,,化粧,けしょう,,顔に施す装飾。,,,
distinction,B1,,区別,くべつ,,区分して違いをはっきりさせること。,,,
healthcare,B1,,医療,いりょう,,医療行為。,,,
middle,B1,,半ば,なかば,,ちょうど真ん中。,,,
cooperation,B1,,協力,きょうりょく,,協力して働くこと。,,,
"mere, just",B1,,単なる,たんなる,,ただの、単なること。,,,
unit,B1,,単位,たんい,,学習の単位。,,,
"simple, plain",B1,,単純,たんじゅん,,複雑でなく単純なこと。,,,
word,B1,,単語,たんご,,語彙の一つ。,,,
"PhD, doctor",B1,,博士,はかせ,,学位を持つ人。,,,
museum,B1,,博物館,はくぶつかん,,資料を展示する施設。,,,
"occupy, take up",B1,verb,占める,しめる,,一定の割合をしめること。,,,
mark,B1,noun,印,しるし,,目印。,,,
printing,B1,noun,印刷,いんさつ,,文字や絵を刷ること。,,,
impression,B1,noun,印象,いんしょう,,心に残る感覚。,,,
"that is to say, namely",B1,,即ち,すなわち,,すなわちを示す言葉。,,,
"trouble, burden",B1,,厄介,やっかい,,扱いに困ること。,,,
field,B1,,原,はら,,広い原っぱ。,,,
"leave, pass",B1,verb,去る,さる,,場所を去ること。,,,
participation,B1,,参加,さんか,,活動に加わること。,,,
consultation,B1,,参考,さんこう,,参考にすること。,,,
friend,B1,,友,とも,,親しい相手。,,,
friend,B1,,友人,ゆうじん,,友のこと。,,,
friendship,B1,,友情,ゆうじょう,,友情関係。,,,
twins,B1,,双子,ふたご,,同じ日に生まれた兄弟姉妹。,,,
resistance,B1,,反抗,はんこう,,権力に逆らうこと。,,,
supply,B1,verb,収める,おさめる,,納めること。,,,
income,B1,,収入,しゅうにゅう,,得た金。,,,
harvest,B1,,収穫,しゅうかく,,農作物を取り入れること。,,,
"be taken, come off",B1,verb,取れる,とれる,,自然に外れること。,,,
take in,B1,verb,受け取る,うけとる,,受け取ること。,,,
account,B1,noun,口座,こうざ,,銀行でお金を管理するための記録。,,,
"hit, strike, pat, knock",B1,verb,叩く,たたく,,手でたたくこと。,,,
"free, just, only",B1,,只,ただ,,無料を示す言葉。,,,
shout,B1,verb,叫ぶ,さけぶ,,大声をあげること。,,,
"passable, acceptable",B1,,可,か,,許されること。,,,
quite,B1,,可也,かなり,,かなりを示す言葉。,,,
"pitiful, sad, pathetic",B1,,可哀想,かわいそう,,気の毒である様子。,,,
"lovely, sweet",B1,,可愛らしい,かわいらしい,,かわいらしい様子。,,,
be possible,B1,,可能,かのう,,実現できること。,,,
"pedestal, stand, stage",B1,,台,だい,,物を置く台。,,,
scold,B1,verb,叱る,しかる,,子どもをしかること。,,,
be surprised,B1,,吃驚,びっくり,,驚くこと。,,,
match,B1,verb,合わせる,あわせる,,一致させること。,,,
cue,B1,,合図,あいず,,合図。,,,
passing a test,B1,,合格,ごうかく,,試験に通ること。,,,
total,B1,,合計,ごうけい,,合計。,,,
"identical, same",B1,,同一,どういつ,,まったく同じこと。,,,
colleague,B1,,同僚,どうりょう,,同じ職場の人。,,,
same time,B1,,同時,どうじ,,同じ時刻。,,,
"similar, just like",B1,,同様,どうよう,,同じような様子。,,,
name,B1,,名,な,,個人を区別する名。,,,
"master, expert",B1,,名人,めいじん,,技芸に優れた人。,,,
"vomit, throw up",B1,,吐く,はく,,口から吐き出すこと。,,,
"turn towards, face",B1,,向く,むく,,方向を向くこと。,,,
"turn towards, point",B1,verb,向ける,むける,,対象に向けること。,,,
howl,B1,verb,吠える,ほえる,,獣が声をあげること。,,,
"denial, ruling out",B1,,否定,ひてい,,打ち消すこと。,,,
contain,B1,verb,含む,ふくむ,,含んで持つこと。,,,
absorption,B1,,吸収,きゅうしゅう,,取り込むこと。,,,
"circumference, surroundings",B1,,周囲,しゅうい,,周囲。,,,
ally,B1,,味方,みかた,,味方をする人。,,,
breathing,B1,,呼吸,こきゅう,,息をすること。,,,
life,B1,,命,いのち,,人や動物の命。,,,
"command, appoint",B1,verb,命じる,めいじる,,命じること。,,,
"order, command",B1,,命令,めいれい,,命令。,,,
cough,B1,,咳,せき,,せき。,,,
goods,B1,,品,しな,,品物。,,,
philosophy,B1,,哲学,てつがく,,哲学的な学問。,,,
"only, just",B1,,唯,ただ,,ただを示す言葉。,,,
"sole, one and only",B1,,唯一,ゆいいち,,唯一の存在。,,,
"merchant, trader",B1,,商人,しょうにん,,商業に従事する人。,,,
product,B1,,商品,しょうひん,,販売する品。,,,
"trade, business, commerce",B1,,商売,しょうばい,,商売。,,,
"question, query",B1,,問い,とい,,質問すること。,,,
throat,B1,,喉,のど,,飲み物や食べ物を通す体の器官。,,,
"talk, chat",B1,verb,喋る,しゃべる,,話すこと。,,,
"business, operations",B1,,営業,えいぎょう,,営利活動。,,,
lie,B1,,嘘,うそ,,虚偽のこと。,,,
rumor,B1,,噂,うわさ,,世間話として広まる話。,,,
"clever, skillful",B1,,器用,きよう,,器用なこと。,,,
turn,B1,,回す,まわす,,回転させること。,,,
rotation,B1,,回り,まわり,,回転すること。,,,
recovery,B1,,回復,かいふく,,健康を取り戻すこと。,,,
"organization, group",B1,,団体,だんたい,,団体。,,,
difficulty,B1,,困難,こんなん,,困難。,,,
surround,B1,,囲む,かこむ,,囲むこと。,,,
"drawing, diagram",B1,,図,ず,,物事を示す図形。,,,
books,B1,,図書,としょ,,読むための書物。,,,
national Diet,B1,,国会,こっかい,,国の最高機関。,,,
border,B1,,国境,こっきょう,,国の境。,,,
nation,B1,,国家,こっか,,国。,,,
citizenry,B1,,国民,こくみん,,国民。,,,
"national language, Japanese",B1,,国語,こくご,,日本語を中心とした言語。,,,
soil,B1,,土,つち,,地面を作る成分。,,,
land,B1,,土地,とち,,耕作や建築に利用される場所。,,,
souvenir,B1,,土産,みやげ,,旅行先から持ち帰る贈り物。,,,
"place, earth, ground",B1,,地,ち,,地面。,,,
above the ground,B1,,地上,ちじょう,,地面の上。,,,
underground,B1,,地下,ちか,,地表の下。,,,
status,B1,,地位,ちい,,社会的な立場。,,,
"area, district",B1,,地区,ちく,,小さな区域。,,,
region,B1,,地域,ちいき,,一定の広がりを持つ地域。,,,
horizon,B1,,地平線,ちへいせん,,空と地面の境。,,,
region,B1,,地方,ちほう,,国や地域の一部。,,,
earth,B1,,地球,ちきゅう,,人類が住む惑星。,,,
"model, type",B1,,型,かた,,形のひな型。,,,
dust,B1,,埃,ほこり,,舞い上がる微細なごみ。,,,
castle,B1,,城,しろ,,堀に囲まれた建物。,,,
be based on,B1,verb,基づく,もとづく,,根拠にすること。,,,
basics,B1,,基本,きほん,,基盤。,,,
be unbearable,B1,,堪らない,たまらない,,耐えられないこと。,,,
report,B1,,報告,ほうこく,,経過を知らせる文書や報告。,,,
"place, spot",B1,,場,ば,,特定の場所。,,,
scene,B1,,場面,ばめん,,場面の様子。,,,
tower,B1,,塔,とう,,高くそびえる建築物。,,,
dust,B1,noun,塵,ちり,,細かいごみ。,,,
"border, boundary",B1,,境,さかい,,領域を分ける境目。,,,
tomb,B1,,墓,はか,,人を葬る場所。,,,
increase,B1,verb,増す,ます,,量が増えること。,,,
growth,B1,,増加,ぞうか,,人数や量の増加。,,,
be sold,B1,verb,売れる,うれる,,商品が買われること。,,,
change,B1,,変化,へんか,,状態が変わること。,,,
"change, modify",B1,,変更,へんこう,,内容を改めること。,,,
remove,B1,,外す,はずす,,取り外すこと。,,,
diplomacy,B1,,外交,がいこう,,国家間の交渉。,,,
going out,B1,,外出,がいしゅつ,,家から外に出ること。,,,
"some, somewhat",B1,,多少,たしょう,,わずかな程度。,,,
middle of the night,B1,,夜中,よなか,,夜の時間。,,,
dawn,B1,,夜明け,よあけ,,太陽が昇る時刻。,,,
crazy about,B1,,夢中,むちゅう,,一つのことに熱中する様子。,,,
greatly,B1,,大いに,おおいに,,大きく。,,,
"considerable, great",B1,,大した,たいした,,立派であること。,,,
quiet,B1,,大人しい,おとなしい,,静かな性格。,,,
tournament,B1,,大会,たいかい,,競技や学問の集まり。,,,
ambassador,B1,,大使,たいし,,国を代表する外交官。,,,
"majority, more than half",B1,,大半,たいはん,,全体の過半数。,,,
landlord,B1,,大家,おおや,,家を所有して貸す人。,,,
great war,B1,,大戦,たいせん,,国家間で行われる大規模な戦い。,,,
atmosphere,B1,,大気,たいき,,大気を構成する空気。,,,
president,B1,,大統領,だいとうりょう,,国家元首の職。,,,
minister in government,B1,,大臣,だいじん,,行政を担当する高官。,,,
most part,B1,,大部分,だいぶぶん,,全体の大部分。,,,
continent,B1,,大陸,たいりく,,広大な陸地。,,,
"weather, climate",B1,,天候,てんこう,,気象の状態。,,,
"naturalness, natural",B1,,天然,てんねん,,自然そのもの。,,,
sun,B1,,太陽,たいよう,,地球を照らす恒星。,,,
"each, respectively",B1,,夫々,それぞれ,,それぞれ。,,,
"wife, madam",B1,,夫人,ふじん,,既婚女性に対する敬称。,,,
married couple,B1,,夫婦,ふうふ,,結婚している男女。,,,
lose,B1,,失う,うしなう,,持っていたものを失うこと。,,,
hopelessness,B1,,失望,しつぼう,,望みが絶えること。,,,
unemployment,B1,,失業,しつぎょう,,職を失うこと。,,,
odd,B1,,奇妙,きみょう,,普通と違って変なこと。,,,
contract,B1,,契約,けいやく,,取り決め。,,,
inside,B1,,奥,おく,,内部の奥まった場所。,,,
rob,B1,,奪う,うばう,,力ずくで奪い取ること。,,,
actress,B1,,女優,じょゆう,,演技をする女性。,,,
girl,B1,,女子,じょし,,女性。,,,
queen,B1,,女王,じょおう,,国を治める女性の君主。,,,
liking,B1,,好み,このみ,,個人の好み。,,,
like,B1,,好む,このむ,,気に入ること。,,,
at any cost,B1,,如何しても,どうしても,,どうしてもを示す言葉。,,,
strangeness,B1,,妙,みょう,,普通でなく不思議な様子。,,,
"origin, beginning",B1,,始まり,はじまり,,物事の始まり。,,,
committee member,B1,,委員,いいん,,委員会の構成員。,,,
form,B1,,姿,すがた,,体の形。,,,
engagement,B1,,婚約,こんやく,,結婚の約束。,,,
"bride, daughter-in-law",B1,,嫁,よめ,,結婚した女性や嫁いだ女性。,,,
"hate, loathe",B1,,嫌う,きらう,,強く嫌がること。,,,
happy,B1,,嬉しい,うれしい,,喜びを感じること。,,,
existence,B1,,存在,そんざい,,存在していること。,,,
"learning, scholarship",B1,,学,がく,,学びや知識。,,,
learn,B1,,学ぶ,まなぶ,,知識や技術を身につけること。,,,
scholarship,B1,,学問,がくもん,,体系的な知識の研究。,,,
academy,B1,,学園,がくえん,,学校やその施設の総称。,,,
academic term,B1,,学期,がっき,,学校の学期。,,,
learning,B1,,学習,がくしゅう,,知識を得る行為。,,,
scholar,B1,,学者,がくしゃ,,学問を専門にする人。,,,
grandchild,B1,,孫,まご,,子の子。,,,
"house, home",B1,,宅,たく,,人が住む家。,,,
"outer space, universe",B1,,宇宙,うちゅう,,地球の外の広がり。,,,
protect,B1,verb,守る,まもる,,危険から守ること。,,,
stability,B1,,安定,あんてい,,状態が安定していること。,,,
conclusion,B1,,完了,かんりょう,,物事が終わること。,,,
completeness,B1,,完全,かんぜん,,欠けることのない状態。,,,
complete,B1,,完成,かんせい,,仕上げること。,,,
religion,B1,,宗教,しゅうきょう,,信仰の体系。,,,
fixed period,B1,,定期,ていき,,一定の期間。,,,
good,B1,adjective,宜しい,よろしい,,良いこと。,,,
kindly,B1,adverb,宜しく,よろしく,,よろしくを表すあいさつ。,,,
treasure,B1,,宝,たから,,大切な物。,,,
gem,B1,,宝石,ほうせき,,貴重な石。,,,
carrying out,B1,,実施,じっし,,実際に行うこと。,,,
actualization,B1,,実現,じつげん,,現実にすること。,,,
"practicality, reality",B1,,実際,じっさい,,事実であること。,,,
experiment,B1,,実験,じっけん,,科学的に確かめる行為。,,,
housework,B1,,家事,かじ,,家庭内の仕事。,,,
furniture,B1,,家具,かぐ,,生活に必要な道具。,,,
rent,B1,,家賃,やちん,,家を借りる費用。,,,
"easy, simple",B1,,容易,ようい,,容易であること。,,,
lodging,B1,,宿,やど,,人を泊める建物。,,,
accommodation,B1,,宿泊,しゅくはく,,宿に泊まること。,,,
donation,B1,,寄付,きふ,,金品を差し出すこと。,,,
"trial, judgement",B1,,審判,しんぱん,,裁判や試合で判定すること。,,,
"pair, couple, set",B1,,対,つい,,二つで一組。,,,
"face, confront",B1,verb,対する,たいする,,向き合うこと。,,,
target,B1,,対象,たいしょう,,目標や対象となるもの。,,,
academic major,B1,,専攻,せんこう,,学問の専攻分野。,,,
respect,B1,,尊敬,そんけい,,人を敬うこと。,,,
smallness,B1,,小,しょう,,小さいこと。,,,
parcel,B1,,小包,こづつみ,,小さな荷物。,,,
hut,B1,,小屋,こや,,小さな建物。,,,
wheat,B1,,小麦,こむぎ,,パンや麺の原料。,,,
a moment,B1,,少々,しょうしょう,,短い時間。,,,
girl,B1,,少女,しょうじょ,,年少の女子。,,,
boy,B1,,少年,しょうねん,,年少の男子。,,,
hold a position,B1,,就く,つく,,職務につくこと。,,,
getting a job,B1,,就職,しゅうしょく,,仕事に就くこと。,,,
butt,B1,,尻,しり,,体の後部。,,,
bureau,B1,,局,きょく,,官庁や機関。,,,
"be, exist",B1,verb,居る,おる,,存在すること。,,,
nodding off,B1,,居眠り,いねむり,,眠ってしまうこと。,,,
living room,B1,,居間,いま,,家族が集まる部屋。,,,
"reach, arrive",B1,verb,届く,とどく,,届くこと。,,,
"report, notification",B1,noun,届け出,とどけで,,,,,
roof,B1,noun,屋根,やね,,建物の上部を覆うもの。,,,
viewing platform,B1,noun,展望台,てんぼうだい,,,,,
"again and again, often",B1,,屡々,しばしば,,,,,
"put on, put on shoes",B1,verb,履く,はく,,靴を身につけること。,,,
wildfire,B1,noun,山火事,やまかじ,,,,,
summit,B1,noun,山頂,さんちょう,,,,,
rock,B1,noun,岩,いわ,,大きな石。,,,
shore,B1,noun,岸,きし,,陸と海の境。,,,
island country,B1,noun,島国,しまくに,,,,,
storm,B1,,嵐,あらし,,,,,
"state, province",B1,,州,しゅう,,,,,
nest,B1,,巣,す,,,,,
"left and right, determination",B1,,左右,さゆう,,,,,
huge,B1,,巨大,きょだい,,,,,
difference,B1,,差,さ,,,,,
discrimination,B1,,差別,さべつ,,,,,
"market, fair",B1,,市,いち,,,,,
market,B1,,市場,いちば,,,,,
cloth,B1,,布,ぬの,,,,,
hope,B1,,希望,きぼう,,,,,
"sash, belt",B1,,帯,おび,,,,,
returning home,B1,,帰宅,きたく,,,,,
always,B1,,常に,つねに,,,,,
common sense,B1,,常識,じょうしき,,,,,
width,B1,,幅,はば,,,,,
curtain,B1,,幕,まく,,,,,
flat,B1,,平ら,たいら,,,,,
peace,B1,,平和,へいわ,,,,,
average,B1,,平均,へいきん,,,,,
equality,B1,,平等,びょうどう,,,,,
throughout the year,B1,,年中,ねんじゅう,,,,,
"age, era",B1,,年代,ねんだい,,,,,
elderly person,B1,,年寄り,としより,,,,,
period of a year,B1,,年間,ねんかん,,,,,
age,B1,,年齢,ねんれい,,,,,
"fortunate, lucky, happy",B1,,幸い,さいわい,,,,,
happiness,B1,,幸せ,しあわせ,,,,,
"fulfillment, happiness",B1,,幸福,こうふく,,,,,
"good luck, good fortune",B1,,幸運,こううん,,,,,
"jouvenile, childish",B1,,幼い,おさない,,,,,
spread,B1,verb,広がる,ひろがる,,,,,
advertisement,B1,,広告,こうこく,,,,,
floor,B1,,床,ゆか,,,,,
bottom,B1,,底,そこ,,,,,
"degree, every time",B1,,度,たび,,,,,
frequently,B1,,度々,たびたび,,,,,
seat,B1,,座席,ざせき,,,,,
postponement,B1,,延期,えんき,,,,,
architecture,B1,,建築,けんちく,,,,,
construction,B1,,建設,けんせつ,,,,,
lunchbox,B1,,弁当,べんとう,,,,,
draw tight,B1,verb,引っ張る,ひっぱる,,,,,
quote,B1,,引用,いんよう,,,,,
retirement,B1,,引退,いんたい,,,,,
"powerful, strong​",B1,,強力,きょうりょく,,,,,
robbery,B1,,強盗,ごうとう,,,,,
emphasis,B1,,強調,きょうちょう,,,,,
"bullet, shell",B1,,弾,たま,,,,,
be hit,B1,verb,当たる,あたる,,,,,
hit,B1,verb,当てる,あてる,,,,,
at that time,B1,,当時,とうじ,,,,,
shadow,B1,,影,かげ,,,,,
influence,B1,,影響,えいきょう,,,,,
purpose,B1,,役,やく,,,,,
role,B1,,役割,やくわり,,,,,
they,B1,pronoun,彼ら,かれら,,,,,
"here and there, several places",B1,,彼方此方,あちこち,,,,,
the latter,B1,,後者,こうしゃ,,,,,
"gradual, steady",B1,,徐々,じょじょ,,,,,
"obey, follow",B1,,従う,したがう,,,,,
"therefore, accordingly",B1,,従って,したがって,,,,,
male cousin,B1,,従兄弟,いとこ,,,,,
get,B1,verb,得る,える,,,,,
"good at, forte",B1,,得意,とくい,,,,,
"each other, one another",B1,,御互い,おたがい,,,,,
I am sorry,B1,,御免なさい,ごめんなさい,,,,,
you,B1,,御前,おまえ,,,,,
lunch,B1,,御昼,おひる,,,,,
congratulations,B1,,御目出度う,おめでとう,,,,,
"subtle, questionable, delicate",B1,,微妙,びみょう,,,,,
smile,B1,,微笑む,ほほえむ,,,,,
staying up all night,B1,,徹夜,てつや,,,,,
thoroughness,B1,,徹底,てってい,,,,,
psychology,B1,,心理,しんり,,,,,
heart,B1,,心臓,しんぞう,,,,,
worry,B1,,心配,しんぱい,,,,,
"frantic, desperate",B1,,必死,ひっし,,,,,
"respond, comply with",B1,verb,応じる,おうじる,,,,,
comfort,B1,,快適,かいてき,,,,,
memories,B1,,思い出,おもいで,,,,,
unthinkingly,B1,,思わず,おもわず,,,,,
"idea, ideology",B1,,思想,しそう,,,,,
be lazy,B1,verb,怠ける,なまける,,,,,
suddenly,B1,,急に,きゅうに,,,,,
rapidity,B1,,急激,きゅうげき,,,,,
"speed, rapidity",B1,,急速,きゅうそく,,,,,
personal nature,B1,,性,せい,,,,,
personality,B1,,性格,せいかく,,,,,
injury,B1,,怪我,けが,,,,,
"romance, love",B1,,恋,こい,,,,,
romantic partner,B1,,恋人,こいびと,,,,,
"perhaps, I dare say, likely",B1,,恐らく,おそらく,,,,,
"fear, be afraid of",B1,verb,恐れる,おそれる,,,,,
"dreadful, terrible",B1,,恐ろしい,おそろしい,,,,,
"fear, dread",B1,,恐怖,きょうふ,,,,,
"favor, obligation",B1,,恩,おん,,,,,
breath,B1,,息,いき,,,,,
medical patient,B1,,患者,かんじゃ,,,,,
be worried,B1,,悩む,なやむ,,,,,
slander,B1,,悪口,わるぐち,,,,,
prank,B1,,悪戯,いたずら,,,,,
devil,B1,,悪魔,あくま,,,,,
"feel sad, mourn, regret",B1,,悲しむ,かなしむ,,,,,
tragedy,B1,,悲劇,ひげき,,,,,
information,B1,,情報,じょうほう,,,,,
imagination,B1,,想像,そうぞう,,,,,
"unexpected, surprising",B1,,意外,いがい,,,,,
will,B1,,意志,いし,,,,,
"intention, wish, purpose",B1,,意思,いし,,,,,
"consciousness, awareness",B1,,意識,いしき,,,,,
love,B1,noun,愛,あい,,,,,
love,B1,verb,愛する,あいする,,,,,
"love, affection",B1,,愛情,あいじょう,,,,,
"feeling, impression",B1,,感じ,かんじ,,,,,
feel,B1,verb,感じる,かんじる,,,,,
"being moved, being affected",B1,,感動,かんどう,,,,,
admiration,B1,,感心,かんしん,,,,,
emotion,B1,,感情,かんじょう,,,,,
sensation,B1,,感覚,かんかく,,,,,
gratitude,B1,,感謝,かんしゃ,,,,,
on purpose,B1,,態と,わざと,,,,,
"attitude, behavior",B1,,態度,たいど,,,,,
"careful, cautious",B1,,慎重,しんちょう,,,,,
constitution,B1,,憲法,けんぽう,,,,,
adult,B1,,成人,せいじん,,,,,
success,B1,,成功,せいこう,,,,,
grade,B1,,成績,せいせき,,,,,
"growth, development",B1,,成長,せいちょう,,,,,
we,B1,pronoun,我々,われわれ,,,,,
selfishness,B1,,我が儘,わがまま,,,,,
forbearance,B1,,我慢,がまん,,,,,
"a certain, some",B1,,或,ある,,,,,
alternatively,B1,,或いは,あるいは,,,,,
"fight, battle",B1,,戦い,たたかい,,,,,
"fight, wage war",B1,verb,戦う,たたかう,,,,,
put back,B1,verb,戻す,もどす,,,,,
"fault, blame",B1,,所為,せい,,,,,
so-called,B1,,所謂,いわゆる,,,,,
help,B1,,手伝い,てつだい,,,,,
means,B1,,手段,しゅだん,,,,,
surgery,B1,,手術,しゅじゅつ,,,,,
"time, labor",B1,,手間,てま,,,,,
talent,B1,,才能,さいのう,,,,,
handle,B1,verb,扱う,あつかう,,,,,
"criticism, judgement",B1,,批判,ひはん,,,,,
"critique, review",B1,,批評,ひひょう,,,,,
"knowledge, awareness",B1,,承知,しょうち,,,,,
"approval, consent",B1,,承認,しょうにん,,,,,
"engineer, technician",B1,,技士,ぎし,,,,,
voting,B1,,投票,とうひょう,,,,,
"omit, leave out",B1,verb,抜く,ぬく,,,,,
"be omitted, be left out",B1,verb,抜ける,ぬける,,,,,
"hold, have",B1,verb,抱える,かかえる,,,,,
"embrace, hold, hug",B1,verb,抱く,いだく,,,,,
being in charge,B1,,担当,たんとう,,,,,
applause,B1,,拍手,はくしゅ,,,,,
invite,B1,verb,招く,まねく,,,,,
invitation,B1,,招待,しょうたい,,,,,
magnification,B1,,拡大,かくだい,,,,,
point,B1,verb,指す,さす,,,,,
guidance,B1,,指導,しどう,,,,,
"wave, shake",B1,verb,振る,ふる,,,,,
be caught,B1,verb,捕まる,つかまる,,,,,
"recommendation, endorsement",B1,,推薦,すいせん,,,,,
bulletin,B1,,掲示,けいじ,,,,,
draw,B1,verb,描く,えがく,,,,,
draw,B1,verb,描く,かく,,,,,
submission,B1,,提出,ていしゅつ,,,,,
proposal,B1,,提案,ていあん,,,,,
"replace, exchange",B1,verb,換える,かえる,,,,,
"grasp, grip",B1,verb,握る,にぎる,,,,,
handshake,B1,,握手,あくしゅ,,,,,
"support, aid",B1,,援助,えんじょ,,,,,
"damage, injury, loss",B1,,損,そん,,,,,
"damage, injury, loss",B1,,損害,そんがい,,,,,
shoot,B1,verb,撃つ,うつ,,,,,
operation,B1,,操作,そうさ,,,,,
support,B1,verb,支える,ささえる,,,,,
expenses,B1,,支出,ししゅつ,,,,,
branch office,B1,,支店,してん,,,,,
arrangements,B1,,支度,したく,,,,,
payment,B1,noun,支払い,しはらい,,,,,
pay,B1,verb,支払う,しはらう,,,,,
"provision, supply",B1,,支給,しきゅう,,,,,
dominion,B1,,支配,しはい,,,,,
improvement,B1,,改善,かいぜん,,,,,
"attack, offense",B1,,攻撃,こうげき,,,,,
release,B1,verb,放す,はなす,,,,,
broadcast,B1,noun,放送,ほうそう,,,,,
government,B1,,政府,せいふ,,,,,
"home town, birthplace",B1,,故郷,ふるさと,,,,,
rescue,B1,verb,救う,すくう,,,,,
teacher,B1,,教師,きょうし,,,,,
professor,B1,,教授,きょうじゅ,,,,,
textbook,B1,,教科書,きょうかしょ,,,,,
"respect, honor",B1,,敬意,けいい,,,,,
number,B1,,数,かず,,,,,
count,B1,verb,数える,かぞえる,,,,,
numerical digit,B1,,数字,すうじ,,,,,
organization,B1,,整理,せいり,,,,,
enemy,B1,,敵,てき,,,,,
sentence,B1,noun,文,ぶん,,,,,
"complaint, objection",B1,noun,文句,もんく,,,,,
writing,B1,noun,文字,もじ,,,,,
civilization,B1,noun,文明,ぶんめい,,,,,
"fee, charge, fare",B1,noun,料金,りょうきん,,,,,
"refuse, reject",B1,verb,断る,ことわる,,,,,
"new, novel",B1,adjective,新た,あらた,,,,,
fresh,B1,noun,新鮮,しんせん,,,,,
"direction, side",B1,noun,方,ほう,,,,,
people,B1,noun,方々,かたがた,,,,,
direction,B1,noun,方向,ほうこう,,,,,
method,B1,noun,方法,ほうほう,,,,,
trip,B1,noun,旅,たび,,,,,
already,B1,verb,既に,すでに,,,,,
during the day,B1,adverb,日中,にっちゅう,,,,,
date,B1,noun,日付,ひづけ,,,,,
sunlight,B1,noun,日光,にっこう,,,,,
everyday,B1,adjective,日常,にちじょう,,,,,
Japan,B1,noun,日本,にほん,,,,,
"light, glow, lamp",B1,noun,明かり,あかり,,,,,
clear,B1,adjective,明らか,あきらか,,,,,
clarity,B1,,明確,めいかく,,,,,
"indeed, very much",B1,,是非,ぜひ,,,,,
lunch,B1,,昼食,ちゅうしょく,,,,,
time,B1,,時,とき,,,,,
time,B1,,時刻,じこく,,,,,
period,B1,,時期,じき,,,,,
usual,B1,,普段,ふだん,,,,,
economic conditions,B1,,景気,けいき,,,,,
memorization,B1,,暗記,あんき,,,,,
live,B1,verb,暮らす,くらす,,,,,
in addition,B1,,更に,さらに,,,,,
"study, home office",B1,,書斎,しょさい,,,,,
books,B1,,書物,しょもつ,,,,,
document,B1,,書類,しょるい,,,,,
replace,B1,verb,替える,かえる,,,,,
most,B1,,最も,もっとも,,,,,
while,B1,,最中,さいちゅう,,,,,
"worst, lowest",B1,,最低,さいてい,,,,,
"last, final",B1,,最終,さいしゅう,,,,,
"best, highest",B1,,最高,さいこう,,,,,
moon,B1,,月,つき,,,,,
"every, each",B1,verb,有らゆる,あらゆる,,,,,
thank you,B1,,有り難う,ありがとう,,,,,
advantageous,B1,,有利,ゆうり,,,,,
valid,B1,,有効,ゆうこう,,,,,
competent,B1,,有能,ゆうのう,,,,,
costume,B1,,服装,ふくそう,,,,,
hope,B1,,望み,のぞみ,,,,,
desire,B1,,望む,のぞむ,,,,,
expectation,B1,,期待,きたい,,,,,
"period, term",B1,,期間,きかん,,,,,
future,B1,,未来,みらい,,,,,
"end, last",B1,,末,すえ,,,,,
the person in question,B1,,本人,ほんにん,,,,,
authenticity,B1,,本物,ほんもの,,,,,
"material, ingredient",B1,,材料,ざいりょう,,,,,
bundle,B1,,束,たば,,,,,
"condition, term",B1,,条件,じょうけん,,,,,
pine tree,B1,,松,まつ,,,,,
"board, plank",B1,,板,いた,,,,,
pattern,B1,,柄,がら,,,,,
handle,B1,,柄,え,,,,,
nutrition,B1,,栄養,えいよう,,,,,
stock,B1,,株,かぶ,,,,,
root,B1,,根,ね,,,,,
"appearance, form",B1,,格好,かっこう,,,,,
"proposal, suggestion",B1,,案,あん,,,,,
guidance,B1,,案内,あんない,,,,,
plum,B1,,梅,うめ,,,,,
rainy season,B1,,梅雨,つゆ,,,,,
stick,B1,,棒,ぼう,,,,,
plant,B1,,植物,しょくぶつ,,,,,
inspection,B1,,検査,けんさ,,,,,
consideration,B1,,検討,けんとう,,,,,
"pole, climax, extremity",B1,,極,きょく,,,,,
"ease, relaxation",B1,,楽,らく,,,,,
"mind, care",B1,,構う,かまう,,,,,
composition,B1,,構成,こうせい,,,,,
various,B1,,様々,さまざま,,,,,
situational appearance,B1,,様子,ようす,,,,,
"pattern, design",B1,,模様,もよう,,,,,
rights,B1,,権利,けんり,,,,,
"cross, traverse",B1,,横切る,よこぎる,,,,,
crossing,B1,,横断,おうだん,,,,,
mood,B1,,機嫌,きげん,,,,,
machine,B1,,機械,きかい,,,,,
"function, feature",B1,,機能,きのう,,,,,
"engine, agency",B1,,機関,きかん,,,,,
"be chipped, be broken",B1,,欠ける,かける,,,,,
absence,B1,,欠席,けっせき,,,,,
disadvantage,B1,,欠点,けってん,,,,,
defect,B1,,欠陥,けっかん,,,,,
one after another,B1,,次々,つぎつぎ,,,,,
depending on,B1,,次第,しだい,,,,,
singer,B1,,歌手,かしゅ,,,,,
welcome,B1,,歓迎,かんげい,,,,,
"true, regular",B1,,正,せい,,,,,
just,B1,,正に,まさに,,,,,
noon,B1,,正午,しょうご,,,,,
"true form, formal, official",B1,,正式,せいしき,,,,,
honest,B1,,正直,しょうじき,,,,,
accurate,B1,,正確,せいかく,,,,,
weapon,B1,,武器,ぶき,,,,,
sidewalk,B1,,歩道,ほどう,,,,,
dying,B1,,死亡,しぼう,,,,,
leave behind,B1,,残す,のこす,,,,,
step,B1,,段,だん,,,,,
kill,B1,,殺す,ころす,,,,,
mother,B1,,母親,ははおや,,,,,
poison,B1,,毒,どく,,,,,
comparison,B1,,比較,ひかく,,,,,
blanket,B1,,毛布,もうふ,,,,,
"like, be pleased with",B1,,気に入る,きにいる,,,,,
pitiful,B1,,気の毒,きのどく,,,,,
notice,B1,,気付く,きづく,,,,,
climate,B1,,気候,きこう,,,,,
"sensation, feeling",B1,,気味,きみ,,,,,
air temperature,B1,,気温,きおん,,,,,
level,B1,,水準,すいじゅん,,,,,
ice,B1,,氷,こおり,,,,,
permanence,B1,,永久,えいきゅう,,,,,
eternity,B1,,永遠,えいえん,,,,,
seek,B1,,求める,もとめる,,,,,
sweat,B1,,汗,あせ,,,,,
pollution,B1,,汚染,おせん,,,,,
"rule, regulation",B1,,決まり,きまり,,,,,
decision,B1,,決定,けってい,,,,,
determination,B1,,決心,けっしん,,,,,
sink,B1,,沈む,しずむ,,,,,
oil,B1,,油,あぶら,,,,,
"method, law",B1,,法,ほう,,,,,
"bubble, foam",B1,,泡,あわ,,,,,
wave,B1,,波,なみ,,,,,
mud,B1,,泥,どろ,,,,,
note,B1,,注,ちゅう,,,,,
pour,B1,,注ぐ,そそぐ,,,,,
order,B1,,注文,ちゅうもん,,,,,
"attention, notice",B1,,注目,ちゅうもく,,,,,
activity,B1,,活動,かつどう,,,,,
"energy, liveliness",B1,,活気,かっき,,,,,
utilization,B1,,活用,かつよう,,,,,
"shed, spill",B1,,流す,ながす,,,,,
flow,B1,,流れ,ながれ,,,,,
flow out,B1,,流れる,ながれる,,,,,
"fashion, fad",B1,,流行,りゅうこう,,,,,
overseas,B1,,海外,かいがい,,,,,
consumption,B1,,消費,しょうひ,,,,,
fire fighting,B1,,消防,しょうぼう,,,,,
tear,B1,,涙,なみだ,,,,,
"seriousness, severeness",B1,,深刻,しんこく,,,,,
confusion,B1,,混乱,こんらん,,,,,
"congestion, crowding",B1,,混雑,こんざつ,,,,,
cleanliness,B1,,清潔,せいけつ,,,,,
get done with,B1,,済ませる,すませる,,,,,
"excuse me, I am sorry",B1,,済みません,すみません,,,,,
traffic congestion,B1,,渋滞,じゅうたい,,,,,
decrease something,B1,,減らす,へらす,,,,,
decrease,B1,,減る,へる,,,,,
temperature,B1,,温度,おんど,,,,,
"warm, mild, temperate",B1,,温暖,おんだん,,,,,
measure,B1,,測る,はかる,,,,,
bay,B1,,湾,わん,,,,,
be full,B1,,満ちる,みちる,,,,,
satisfaction,B1,,満足,まんぞく,,,,,
preparation,B1,,準備,じゅんび,,,,,
"rarely, seldom",B1,,滅多に,めったに,,,,,
stay,B1,,滞在,たいざい,,,,,
musical performance,B1,,演奏,えんそう,,,,,
acting,B1,,演技,えんぎ,,,,,
speech,B1,,演説,えんぜつ,,,,,
intense,B1,,激しい,はげしい,,,,,
"strong, intense, thick",B1,,濃い,こい,,,,,
conflagration,B1,,火災,かさい,,,,,
"light, lamp, torch",B1,,灯,ひ,,,,,
ash,B1,,灰,はい,,,,,
"flame, blaze",B1,,炎,ほのお,,,,,
"without incident, safely",B1,,無事,ぶじ,,,,,
free of charge,B1,,無料,むりょう,,,,,
ignoring,B1,,無視,むし,,,,,
waste,B1,,無駄,むだ,,,,,
nevertheless,B1,,然も,しかも,,,,,
smoke,B1,,煙,けむり,,,,,
tropical,B1,,熱帯,ねったい,,,,,
enthusiasm,B1,,熱心,ねっしん,,,,,
burn,B1,,燃える,もえる,,,,,
explosion,B1,,爆発,ばくはつ,,,,,
father,B1,,父親,ちちおや,,,,,
cow,B1,,牛,うし,,,,,
things,B1,,物事,ものごと,,,,,
cost of living,B1,,物価,ぶっか,,,,,
physics,B1,,物理,ぶつり,,自然の法則を研究する学問。,,,
fable,B1,,物語,ものがたり,,話やストーリー。,,,
matter,B1,,物質,ぶっしつ,,形や重さを持つもの。,,,
sounds,B1,,物音,ものおと,,何かが動いて出る音。,,,
characteristic feature,B1,,特徴,とくちょう,,他と違う目立つ点。,,,
criminal,B1,,犯人,はんにん,,犯罪を行った人。,,,
crime,B1,,犯罪,はんざい,,法律に反する悪い行い。,,,
"condition, current status",B1,,状態,じょうたい,,あるときの様子。,,,
situation,B1,,状況,じょうきょう,,物事のまわりの事情。,,,
go crazy,B1,,狂う,くるう,,正常でなくなること。,,,
uniqueness,B1,,独特,どくとく,,他にない特別な性質。,,,
independence,B1,,独立,どくりつ,,他に頼らず自分で成り立つこと。,,,
unmarried,B1,,独身,どくしん,,結婚していないこと。,,,
monkey,B1,,猿,さる,,人に似た動物で木に登るのが得意。,,,
rate,B1,,率,りつ,,全体に対する割合。,,,
ball,B1,,玉,たま,,丸い形をした物。,,,
"king, monarch",B1,,王,おう,,国の支配者。,,,
prince,B1,,王子,おうじ,,国の息子。,,,
king,B1,,王様,おうさま,,国を治める最高の立場の人。,,,
appear,B1,,現れる,あらわれる,,見えるようになる。,,,
modernity,B1,,現代,げんだい,,今の時代。,,,
currently,B1,,現在,げんざい,,今この時。,,,
scene,B1,,現場,げんば,,出来事が起きた場所。,,,
reality,B1,,現実,げんじつ,,実際にあること。,,,
"status quo, present situation",B1,,現状,げんじょう,,今の状態。,,,
phenomenon,B1,,現象,げんしょう,,自然や社会で見られる変化や出来事。,,,
cash,B1,,現金,げんきん,,紙幣や硬貨のお金。,,,
"sphere, ball",B1,,球,きゅう,,丸い立体の形。,,,
ideal,B1,,理想,りそう,,望ましい最高の状態。,,,
"comprehension, understanding",B1,,理解,りかい,,意味をよく分かること。,,,
environment,B1,,環境,かんきょう,,人や生き物を取り巻く周りの状態。,,,
bottle,B1,,瓶,びん,,液体などを入れる容器。,,,
raw,B1,,生,なま,,生きていること、または加熱していないこと。,,,
creature,B1,,生き物,いきもの,,命を持っているもの。,,,
"produce, yield, cause",B1,,生じる,しょうじる,,出来事が起こること。,,,
life,B1,,生命,せいめい,,生きていること。,,,
material,B1,,生地,きじ,,布や料理のもとになる材料。,,,
unfortunately,B1,,生憎,あいにく,,運が悪いこと。,,,
organism,B1,,生物,せいぶつ,,動物や植物など命を持つもの。,,,
"make use of, adopt",B1,,用いる,もちいる,,使うこと。,,,
precaution,B1,,用心,ようじん,,危険を避けるために注意すること。,,,
rice field,B1,,田,た,,米を作るための水を張った畑。,,,
excuse,B1,,申し訳,もうしわけ,,謝る気持ちを表す言葉。,,,
apply for,B1,,申し込む,もうしこむ,,希望して手続きをすること。,,,
man,B1,,男の人,おとこのひと,,成人した男性。,,,
young man,B1,,男子,だんし,,男性の子どもや若者。,,,
"artist, painter",B1,,画家,がか,,絵を職業として描く人。,,,
field,B1,,畑,はたけ,,野菜や作物を育てる土地。,,,
studying abroad,B1,,留学,りゅうがく,,外国の学校で学ぶこと。,,,
turn,B1,,番,ばん,,順番の位置。,,,
differ,B1,,異なる,ことなる,,違っていること。,,,
abnormality,B1,,異常,いじょう,,普通ではないこと。,,,
doubt,B1,,疑う,うたがう,,本当かどうか信じないこと。,,,
"doubt, suspicion",B1,,疑問,ぎもん,,分からずに不思議に思うこと。,,,
tiredness,B1,,疲れ,つかれ,,体や心が弱っている状態。,,,
symptom,B1,,症状,しょうじょう,,病気やけがの具体的なあらわれ。,,,
pain,B1,,痛み,いたみ,,体に感じる苦しい感覚。,,,
habit,B1,,癖,くせ,,習慣になった行動や性質。,,,
development,B1,,発展,はってん,,大きくなって進むこと。,,,
invention,B1,,発明,はつめい,,新しいものを考え出すこと。,,,
publication,B1,,発行,はっこう,,本や雑誌などを作って出すこと。,,,
"announcement, presentation",B1,,発表,はっぴょう,,考えや結果を人に伝えること。,,,
discovery,B1,,発見,はっけん,,新しいものを見つけること。,,,
train departure,B1,,発車,はっしゃ,,電車やバスが出発すること。,,,
development,B1,,発達,はったつ,,能力や体が成長すること。,,,
mountain climbing,B1,,登山,とざん,,山に登ること。,,,
"peel, pelt",B1,,皮,かわ,,動物や果物などの外側の部分。,,,
plate,B1,,皿,さら,,食べ物をのせる容器。,,,
more and more,B1,,益々,ますます,,時間がたつにつれてもっと。,,,
"peak, prime",B1,,盛り,さかり,,一番強い時期や状態。,,,
"director, direction",B1,,監督,かんとく,,指導や管理をする人。,,,
goal,B1,,目標,もくひょう,,達成しようとする具体的なもの。,,,
purpose,B1,,目的,もくてき,,行動の最終的なねらい。,,,
at once,B1,,直ちに,ただちに,,すぐに。,,,
"directly, firsthand",B1,,直に,じかに,,直接会うこと。,,,
directness,B1,,直接,ちょくせつ,,人や物を通さずに行うこと。,,,
corresponding to,B1,,相当,そうとう,,かなり多い、または大きいこと。,,,
partner,B1,,相手,あいて,,向かい合う人。,,,
inheritance,B1,,相続,そうぞく,,財産や権利を受け継ぐこと。,,,
consultation,B1,,相談,そうだん,,意見を聞いて一緒に考えること。,,,
omit,B1,,省く,はぶく,,不要なものを取り除くこと。,,,
prefecture,B1,,県,けん,,日本の地方自治体の単位。,,,
"truth, fact",B1,,真,まこと,,本当のこと。,,,
bright red,B1,,真っ赤,まっか,,全体が強い赤色になること。,,,
imitation,B1,,真似,まね,,他人のやり方をまねること。,,,
seriousness,B1,,真剣,しんけん,,真面目に取り組む様子。,,,
never,B1,,真逆,まさか,,全く反対であること。,,,
earnest,B1,,真面目,まじめ,,規律を守り、真剣に行う態度。,,,
"scene, view",B1,,眺め,ながめ,,遠くに見える景色。,,,
"gaze at, get a view of",B1,,眺める,ながめる,,景色などを見ること。,,,
sleep,B1,,睡眠,すいみん,,眠ること。,,,
moment,B1,,瞬間,しゅんかん,,ごく短い時間。,,,
as expected,B1,,矢張り,やはり,,思った通りになること。,,,
"news, information",B1,,知らせ,しらせ,,伝える知らせや情報。,,,
governor,B1,,知事,ちじ,,都道府県を治める代表。,,,
wisdom,B1,,知恵,ちえ,,生活の工夫や知識。,,,
intelligence,B1,,知能,ちのう,,考える力。,,,
knowledge,B1,,知識,ちしき,,学んで得た知の集まり。,,,
petroleum,B1,,石油,せきゆ,,燃料として使われる液体の資源。,,,
coal,B1,,石炭,せきたん,,燃料として使われる黒い石。,,,
desert,B1,,砂漠,さばく,,雨が少なく植物の少ない土地。,,,
"violate, rip",B1,,破る,やぶる,,紙や布などを引き裂くこと。,,,
bankruptcy,B1,,破産,はさん,,借金が返せずつぶれること。,,,
coin,B1,,硬貨,こうか,,金属で作られた小さなお金。,,,
confirm,B1,,確かめる,たしかめる,,確かにそうか調べること。,,,
"certainty, reliability",B1,,確実,かくじつ,,間違いなく確かなこと。,,,
confirmation,B1,,確認,かくにん,,もう一度見て確かにすること。,,,
display,B1,,示す,しめす,,例や形を示すこと。,,,
"thanks, gratitude, bow",B1,,礼,れい,,感謝の気持ち。,,,
celebrate,B1,,祝う,いわう,,祝いの気持ちを表すこと。,,,
god,B1,,神,かみ,,人間を超える存在。,,,
nerve,B1,,神経,しんけい,,体や心の働きをつかさどる器官。,,,
festival,B1,,祭り,まつり,,地域の人が集まって楽しむ行事。,,,
prohibition,B1,,禁止,きんし,,してはいけないと定めること。,,,
tobacco ban,B1,,禁煙,きんえん,,たばこを吸うことを禁止すること。,,,
school subject,B1,,科目,かもく,,学校で学ぶ教科。,,,
second,B1,,秒,びょう,,六十分の一分。,,,
secret,B1,,秘密,ひみつ,,他の人に隠すこと。,,,
move,B1,,移す,うつす,,物を他の場所に動かすこと。,,,
movement,B1,,移動,いどう,,物や人を場所から場所へ動かすこと。,,,
"degree, extent",B1,,程,ほど,,おおよその長さや時間。,,,
"degree, amount",B1,,程度,ていど,,程度の高低や差。,,,
tax,B1,,税,ぜい,,国に納める金。,,,
"tax, duty",B1,,税金,ぜいきん,,法律で納める税のお金。,,,
seed,B1,,種,たね,,植物が育つもとになるもの。,,,
"kind, sort, variety",B1,,種類,しゅるい,,物事を区分けした種類。,,,
rice plant,B1,,稲,いね,,米をとる植物。,,,
earn,B1,,稼ぐ,かせぐ,,働いてお金を得ること。,,,
pile up,B1,,積もる,つもる,,雪などが重なって積むこと。,,,
"positive, active, assertive",B1,,積極的,せっきょくてき,,前向きに取り組む様子。,,,
"calm, gentle",B1,,穏やか,おだやか,,静かで落ち着いた様子。,,,
hole,B1,,穴,あな,,地面などに開いた穴。,,,
"space, vacancy",B1,,空き,あき,,空いていて使われていないこと。,,,
sudden,B1,,突然,とつぜん,,急に起こること。,,,
"stand up, rise up",B1,,立ち上がる,たちあがる,,座っていた人が立つこと。,,,
position,B1,,立場,たちば,,人が置かれている立ちどころ。,,,
"chapter, section, medal",B1,,章,しょう,,文章のまとまり。,,,
"end, tip, point",B1,,端,はし,,物の端やへり。,,,
"game, match, competition",B1,,競技,きょうぎ,,スポーツなどの競い合い。,,,
laughter,B1,,笑い,わらい,,楽しそうな声。,,,
smile,B1,,笑顔,えがお,,笑っている顔。,,,
brush,B1,,筆,ふで,,文字や絵を書く道具。,,,
equal,B1,,等しい,ひとしい,,ほとんど同じであること。,,,
strings,B1,,筋,すじ,,細くて長い部分。,,,
muscle,B1,,筋肉,きんにく,,体を動かす組織。,,,
exam paper,B1,,答案,とうあん,,試験の答えを書いた紙。,,,
"pipe, tube",B1,,管,かん,,中を通る管状のもの。,,,
"control, management",B1,,管理,かんり,,物事をまとめて行うこと。,,,
"joint, knuckle",B1,,節,ふし,,竹や木の節目。,,,
"savings, thrift, frugality",B1,,節約,せつやく,,無駄をなくして使うこと。,,,
extent,B1,,範囲,はんい,,広さや及ぶ範囲。,,,
basket,B1,,籠,かご,,編んで作った入れ物。,,,
powder,B1,,粉,こな,,小さな粒にしたもの。,,,
"at most, at best",B1,,精々,せいぜい,,最大限の程度。,,,
spirit,B1,,精神,せいしん,,心の働き。,,,
approximately,B1,,約,やく,,おおよそ。,,,
pay,B1,,納める,おさめる,,税や品物を納めること。,,,
consent,B1,,納得,なっとく,,理由を理解して同意すること。,,,
string,B1,,紐,ひも,,細長いひも状のもの。,,,
nice,B1,,素敵,すてき,,魅力的で良いこと。,,,
wonderful,B1,,素晴らしい,すばらしい,,非常に良いこと。,,,
finish,B1,,終える,おえる,,物事を終わらせること。,,,
group,B1,,組,くみ,,一つのまとまり。,,,
"cross, link, unite",B1,,組む,くむ,,協力して作ること。,,,
union,B1,,組合,くみあい,,労働者の団体。,,,
organization,B1,,組織,そしき,,人が集まって動く仕組み。,,,
elapse,B1,,経つ,たつ,,時間が過ぎること。,,,
management,B1,,経営,けいえい,,会社や商売を運営すること。,,,
"going through, going via",B1,,経由,けいゆ,,ある経路を通って行くこと。,,,
experience,B1,,経験,けいけん,,自分で実際にやってみること。,,,
tie,B1,,結ぶ,むすぶ,,二つのものをつなぐこと。,,,
after all,B1,,結局,けっきょく,,最終的な結果。,,,
result,B1,,結果,けっか,,行った後に出ること。,,,
conclusion,B1,,結論,けつろん,,考えをまとめた答え。,,,
salary,B1,,給料,きゅうりょう,,働きへの報酬。,,,
painting,B1,,絵画,かいが,,絵として描いた作品。,,,
absoluteness,B1,,絶対,ぜったい,,必ずそうであること。,,,
extinction,B1,,絶滅,ぜつめつ,,生き物がなくなること。,,,
continuation,B1,,続き,つづき,,続いている部分。,,,
"maintenance, preservation",B1,,維持,いじ,,同じ状態を保つこと。,,,
"tension, strain, nervousness",B1,,緊張,きんちょう,,心や体が張りつめること。,,,
"fate, destiny",B1,,縁,えん,,人や事との関わり。,,,
"rope, cord",B1,,縄,なわ,,なわで作ったひも。,,,
"connect, link together",B1,,繋ぐ,つなぐ,,物と物を結び合わせること。,,,
repeat,B1,,繰り返す,くりかえす,,同じことをもう一度行うこと。,,,
can,B1,,缶,かん,,金属で作った容器。,,,
offense,B1,,罪,つみ,,法律に違反する行い。,,,
signature,B1,,署名,しょめい,,自分の名前を書くこと。,,,
beautiful woman,B1,,美人,びじん,,見た目が美しい女性。,,,
tasty,B1,,美味い,うまい,,味がとてもよいこと。,,,
duty,B1,,義務,ぎむ,,人がしなければならない務め。,,,
"blade, feather",B1,,羽,はね,,鳥の体にあるもの。,,,
wing,B1,,翼,つばさ,,鳥や飛行機が飛ぶための部分。,,,
elderly,B1,,老い,おい,,年をとっていくこと。,,,
elderly person,B1,,老人,ろうじん,,年をとった人。,,,
thought,B1,,考え,かんがえ,,考えた内容。,,,
consideration,B1,,考慮,こうりょ,,事情を考えて判断すること。,,,
person,B1,,者,もの,,人を指す言葉。,,,
"trade, skill",B1,,職,しょく,,職に就いて働くこと。,,,
"career, occupation, trade",B1,,職業,しょくぎょう,,生計を立てるための仕事。,,,
skin,B1,,肌,はだ,,体の表面。,,,
shoulder,B1,,肩,かた,,腕の付け根の部分。,,,
be raised,B1,,育つ,そだつ,,育ち成長すること。,,,
"stomach, belly",B1,,胃,い,,食べ物を消化する器官。,,,
chest,B1,,胸,むね,,胸の部分。,,,
"talent, gift, function",B1,,能,のう,,舞や芸を行う古い芸能。,,,
"ability, proficiency",B1,,能力,のうりょく,,物事をする力。,,,
armpit,B1,,脇,わき,,体の横の部分。,,,
"rot, go bad",B1,,腐る,くさる,,物が悪くなって使えなくなること。,,,
"hip, waist, lower back",B1,,腰,こし,,背中と足をつなぐ部分。,,,
abdomen,B1,,腹,はら,,みぞおちから下の部分。,,,
abdominal muscles,B1,,腹筋,ふっきん,,お腹の筋肉。,,,
knee,B1,,膝,ひざ,,足を曲げる関節。,,,
automatic,B1,,自動,じどう,,自動で動くこと。,,,
"pride, boast",B1,,自慢,じまん,,自分を誇って言うこと。,,,
suicide,B1,,自殺,じさつ,,自分の命を絶つこと。,,,
nature,B1,,自然,しぜん,,自然界のこと。,,,
oneself,B1,,自身,じしん,,自分そのもの。,,,
bad smell,B1,,臭い,におい,,匂いを感じること。,,,
smelly,B1,,臭い,くさい,,いやな匂いがすること。,,,
reach,B1,,至る,いたる,,ある場所に達すること。,,,
tongue,B1,,舌,した,,口の中にある器官。,,,
stage,B1,,舞台,ぶたい,,演劇などが行われる場所。,,,
aviation,B1,,航空,こうくう,,空を飛ぶこと。,,,
airmail,B1,,航空便,こうくうびん,,空を飛んで送る便。,,,
acting,B1,,芝居,しばい,,演劇。,,,
lawn,B1,,芝生,しばふ,,庭にある短い草。,,,
art,B1,,芸術,げいじゅつ,,人間の心を表す表現活動。,,,
be irritated,B1,,苛々,いらいら,,気持ちが落ち着かず不安になること。,,,
distressing,B1,,苦しい,くるしい,,体や心がつらい。,,,
suffer,B1,,苦しむ,くるしむ,,体や心に強い苦しさを感じること。,,,
hardship,B1,,苦労,くろう,,困難なことをして大変な思いをすること。,,,
bad at,B1,,苦手,にがて,,得意ではなく扱いが難しいこと。,,,
agony,B1,,苦痛,くつう,,体や心に感じるつらさ。,,,
green tea,B1,,茶,ちゃ,,葉をお湯に入れて飲む飲み物。,,,
enormous,B1,,莫大,ばくだい,,非常に大きいこと。,,,
"candy, snacks",B1,,菓子,かし,,砂糖などで作った甘い食べ物。,,,
author,B1,,著者,ちょしゃ,,本などを書いた人。,,,
tiger,B1,noun,虎,とら,,大きなネコ科の動物。,,,
dental cavity,B1,,虫歯,むしば,,歯が病気になって痛むこと。,,,
manners,B1,,行儀,ぎょうぎ,,礼儀正しくふるまう様子。,,,
"behavior, actions",B1,,行動,こうどう,,考えに基づいて実際に動くこと。,,,
satellite,B1,,衛星,えいせい,,宇宙を回っている人工の機械。,,,
collision,B1,,衝突,しょうとつ,,物が強くぶつかること。,,,
clothes,B1,,衣服,いふく,,身につけるもの。,,,
"table, chart",B1,,表,ひょう,,外に示された一覧。,,,
express,B1,,表す,あらわす,,意味や気持ちを形にすること。,,,
facial expression,B1,,表情,ひょうじょう,,顔に表れる気持ちのようす。,,,
expression,B1,,表現,ひょうげん,,考えや気持ちを言葉や行動で示すこと。,,,
surface,B1,,表面,ひょうめん,,物の外側。,,,
bag,B1,,袋,ふくろ,,物を入れる入れ物。,,,
sleeve,B1,,袖,そで,,服の腕を通す部分。,,,
wear on one's head,B1,,被る,かぶる,,頭にのせること。,,,
"damage, injury, harm",B1,,被害,ひがい,,被害を受けることによって生じた損失。,,,
"trial, judgement",B1,,裁判,さいばん,,法律に基づいて行う裁き。,,,
equipment,B1,,装置,そうち,,ある働きをする機械。,,,
betray,B1,,裏切る,うらぎる,,信頼を破って反すること。,,,
naked,B1,,裸,はだか,,衣服をつけていないこと。,,,
manufactured product,B1,,製品,せいひん,,作って売るもの。,,,
manufacturing,B1,,製造,せいぞう,,工場などで物を作ること。,,,
in short,B1,,要するに,ようするに,,つまり、まとめて言えば。,,,
demand,B1,,要求,ようきゅう,,人に何かを求めること。,,,
main point,B1,,要点,ようてん,,大切な中心部分。,,,
component,B1,,要素,ようそ,,全体を成り立たせる基本。,,,
"cover, hide, conceal",B1,,覆う,おおう,,上から覆い隠すこと。,,,
splendid,B1,,見事,みごと,,素晴らしく優れていること。,,,
"estimate, guess",B1,,見当,けんとう,,おおよその見積もり。,,,
"opinion, point of view",B1,,見解,けんかい,,ある事に対する考え方。,,,
"seeing off, saying farewell",B1,,見送り,みおくり,,人を送って別れること。,,,
wake up,B1,,覚ます,さます,,眠りから目を開かせること。,,,
awaken,B1,,覚まる,さまる,,眠りなどから自然に気持ちがはっきりすること。,,,
wake up,B1,,覚める,さめる,,眠りから目が開くこと。,,,
"preparedness, resolution",B1,,覚悟,かくご,,困難に備える決心。,,,
"familiar, close",B1,,親しい,したしい,,仲がよく心が近いこと。,,,
best friend,B1,,親友,しんゆう,,特に親しくしている友だち。,,,
relative,B1,,親戚,しんせき,,親や親族にあたる人。,,,
tourism,B1,,観光,かんこう,,名所などを見に行くこと。,,,
audience,B1,,観客,かんきゃく,,舞台や会場で見る人々。,,,
observation,B1,,観察,かんさつ,,物事をよく注意して見ること。,,,
"solve, be solved",B1,,解く,とく,,問題を答えで処理すること。,,,
solve,B1,,解ける,とける,,問題が解かれて理解できること。,,,
resolution,B1,,解決,かいけつ,,問題やもめごとが片付くこと。,,,
interpretation,B1,,解釈,かいしゃく,,言葉や文をどのように理解するか。,,,
"touch, feel",B1,,触れる,ふれる,,物に軽く触ること。,,,
so to speak,B1,,言わば,いわば,,例えて言うなら。,,,
language,B1,,言語,げんご,,人が使う言葉。,,,
measure,B1,,計る,はかる,,数を量ること。,,,
plan,B1,,計画,けいかく,,前もって立てる計画。,,,
calculation,B1,,計算,けいさん,,数を使って求めること。,,,
"training, drill",B1,,訓練,くんれん,,技能や力を身につける練習。,,,
newspaper article,B1,,記事,きじ,,新聞や雑誌に載る文章。,,,
entry,B1,,記入,きにゅう,,用紙に書き入れること。,,,
memorial,B1,,記念,きねん,,出来事を記録して残すもの。,,,
"memory, storage",B1,,記憶,きおく,,昔を思い出す心の働き。,,,
journalist,B1,,記者,きしゃ,,新聞社などで取材して書く人。,,,
record,B1,,記録,きろく,,事実を文章や数字で残すこと。,,,
visit,B1,,訪問,ほうもん,,人の家や場所を訪れること。,,,
equipment,B1,,設備,せつび,,建物や施設のための道具や仕組み。,,,
"plan, design, layout",B1,,設計,せっけい,,建物や機械の構造を考えて図にすること。,,,
"let, allow",B1,,許す,ゆるす,,他人の過ちを責めないこと。,,,
permission,B1,,許可,きょか,,行うことを正式に許すこと。,,,
translation,B1,,訳,やく,,意味を他の言葉で表したもの。,,,
sue,B1,,訴える,うったえる,,裁判に訴え出ること。,,,
physical examination,B1,,診察,しんさつ,,医者が体を調べること。,,,
proof,B1,,証明,しょうめい,,事実であると示すこと。,,,
evaluation,B1,,評価,ひょうか,,物事を価値づけて判断すること。,,,
reputation,B1,,評判,ひょうばん,,人々の評する声。,,,
try,B1,,試す,ためす,,ためしに行うこと。,,,
poetry,B1,,詩,し,,思いや感情を表した短い文章。,,,
poet,B1,,詩人,しじん,,詩を書く人。,,,
that is to say,B1,,詰まり,つまり,,要するに、というつなぎの言葉。,,,
"stuff into, cram, jam",B1,,詰める,つめる,,物を詰めて入れること。,,,
discuss,B1,,話し合う,はなしあう,,互いに意見を出し合うこと。,,,
discussion topic,B1,,話題,わだい,,話の中心となる事柄。,,,
detailed,B1,,詳しい,くわしい,,細かく知っていること。,,,
pride,B1,,誇り,ほこり,,自分にとって名誉になるもの。,,,
"acknowledge, accept, admit",B1,,認める,みとめる,,事実として受け入れること。,,,
birth,B1,,誕生,たんじょう,,新しく生まれること。,,,
"invite, tempt, lure",B1,,誘う,さそう,,人を誘って一緒に行動させること。,,,
"language, word",B1,,語,ご,,言葉の単位。,,,
talk,B1,,語る,かたる,,自分の考えや経験を話すこと。,,,
language study,B1,,語学,ごがく,,外国の言葉を学ぶこと。,,,
truly,B1,,誠に,まことに,,本当に、心から。,,,
misunderstanding,B1,,誤解,ごかい,,正しく理解できずに間違えること。,,,
theory,B1,,説,せつ,,物事を説明した考え。,,,
reading,B1,,読書,どくしょ,,本を読むこと。,,,
"lesson, section",B1,,課,か,,学習や仕事の単位。,,,
"shape, condition",B1,noun,調子,ちょうし,,体や機械などの調子。,,,
"investigation, survey",B1,noun,調査,ちょうさ,,実際に調べること。,,,
"claim, demand, request",B1,noun,請求,せいきゅう,,代金を求めること。,,,
"discuss, dispute",B1,verb,論じる,ろんじる,,意見を言って論ずること。,,,
"dispute, controversy",B1,noun,論争,ろんそう,,対立して言い合うこと。,,,
thesis,B1,noun,論文,ろんぶん,,研究してまとめた文章。,,,
give up,B1,verb,諦める,あきらめる,,望みを捨てること。,,,
proverb,B1,noun,諺,ことわざ,,昔から伝わる短い言葉。,,,
mystery,B1,noun,謎,なぞ,,理由や意味がわからないこと。,,,
course,B1,noun,講座,こうざ,,学問のための授業。,,,
"lecture, address, speech",B1,noun,講演,こうえん,,人前で話すこと。,,,
warning,B1,noun,警告,けいこく,,注意を与えること。,,,
"congress, parliament",B1,noun,議会,ぎかい,,国や地域で話し合いを行う場。,,,
legislator,B1,noun,議員,ぎいん,,議会に属する人。,,,
"discussion, argument, debate",B1,noun,議論,ぎろん,,意見を出し合って討論すること。,,,
chairperson,B1,noun,議長,ぎちょう,,議会で話をまとめる人。,,,
hand over,B1,verb,譲る,ゆずる,,自分の物や権利を他人に渡すこと。,,,
valley,B1,noun,谷,たに,,山に挟まれた低い土地。,,,
bean,B1,noun,豆,まめ,,小さな粒状の食べ物。,,,
rich,B1,adjective,豊か,ゆたか,,心や生活が満ち足りていること。,,,
plentiful,B1,adjective,豊富,ほうふ,,数や量が多いこと。,,,
elephant,B1,noun,象,ぞう,,鼻の長い大きな動物。,,,
luxurious,B1,,豪華,ごうか,,豪華で立派な様子。,,,
property,B1,,財産,ざいさん,,お金や土地などの財物。,,,
poor,B1,,貧しい,まずしい,,生活が苦しく、豊かでないこと。,,,
sales,B1,,販売,はんばい,,商品を売ること。,,,
"blame, accuse",B1,,責める,せめる,,相手の過ちをとがめること。,,,
responsibility,B1,,責任,せきにん,,人が負わなければならない務め。,,,
"putting money aside, savings",B1,,貯金,ちょきん,,お金をためること。,,,
receive,B1,,貰う,もらう,,他人から物を受け取ること。,,,
"precious, valuable",B1,,貴重,きちょう,,とても大切で価値があること。,,,
cost,B1,,費用,ひよう,,使うために必要なお金。,,,
financial capital,B1,,資本,しほん,,経済の基盤となる元のお金。,,,
resource,B1,,資源,しげん,,生活や産業に役立つ自然の物。,,,
"approval, agreement",B1,,賛成,さんせい,,他人の意見に賛同すること。,,,
award,B1,,賞,しょう,,優れた行いに与えられるもの。,,,
"wise, clever",B1,,賢い,かしこい,,頭が良いこと。,,,
quality,B1,,質,しつ,,物の性質や程度。,,,
luxury,B1,,贅沢,ぜいたく,,必要以上にぜいたくに使うこと。,,,
give a gift,B1,,贈る,おくる,,物を人に渡すこと。,,,
"occur, happen",B1,,起こる,おこる,,出来事が生じること。,,,
activation,B1,,起動,きどう,,機械などを動かし始めること。,,,
cross,B1,,越える,こえる,,山や川を通り越すこと。,,,
cross over something,B1,,越す,こす,,他の場所に移ること。,,,
"trace, tracks",B1,,跡,あと,,何かがあったあとに残るもの。,,,
"body, oneself",B1,,身,み,,人の体。,,,
human height,B1,,身長,しんちょう,,体の高さ。,,,
"before long, soon",B1,,軈て,やがて,,そのうちに、いずれ。,,,
"army, troops",B1,,軍,ぐん,,国を守る組織。,,,
armed forces,B1,,軍隊,ぐんたい,,軍の組織。,,,
"fall down, fall over",B1,,転ぶ,ころぶ,,歩いて転ぶこと。,,,
place on,B1,,載せる,のせる,,物を上に置くこと。,,,
shine,B1,,輝く,かがやく,,強く光ること。,,,
import,B1,,輸入,ゆにゅう,,外国から品物を入れること。,,,
export,B1,,輸出,ゆしゅつ,,外国へ品物を出すこと。,,,
"painful, tough",B1,,辛い,つらい,,苦しくてつらい。,,,
quit,B1,,辞める,やめる,,職や仕事をやめること。,,,
farmer,B1,,農家,のうか,,農業を営む家。,,,
agriculture,B1,,農業,のうぎょう,,土地を耕して作物を育てること。,,,
farmer,B1,,農民,のうみん,,農業をする人。,,,
modern times,B1,,近代,きんだい,,現代に近い時代。,,,
recently,B1,,近頃,ちかごろ,,最近。,,,
"state, mention",B1,,述べる,のべる,,意見や考えを述べること。,,,
lost child,B1,,迷子,まいご,,親からはぐれた子ども。,,,
"annoyance, bother",B1,,迷惑,めいわく,,他人に迷惑をかけること。,,,
catch up with,B1,,追い付く,おいつく,,追いつくこと。,,,
follow,B1,,追う,おう,,後ろから追いかけること。,,,
boredom,B1,,退屈,たいくつ,,やることがなくて退屈すること。,,,
opposite,B1,,逆,ぎゃく,,反対の方向や関係。,,,
go against,B1,,逆らう,さからう,,相手に従わず逆に向かうこと。,,,
"just as, as soon as",B1,,途端,とたん,,ある瞬間に急に起こること。,,,
lead to,B1,,通じる,つうじる,,意味や気持ちが通じること。,,,
pass by,B1,,通す,とおす,,物や人を通すこと。,,,
street,B1,,通り,とおり,,町の通り道。,,,
communication,B1,,通信,つうしん,,情報をやり取りすること。,,,
commuting to school,B1,,通学,つうがく,,学校に通うこと。,,,
passage,B1,,通行,つうこう,,道を通って行くこと。,,,
passage,B1,,通過,つうか,,場所や関門を通り抜けること。,,,
"velocity, speed",B1,,速度,そくど,,物事の速さ。,,,
companion,B1,,連れ,つれ,,一緒に連れて行く人。,,,
association,B1,,連想,れんそう,,ある事から別の事を思い浮かべること。,,,
continuation,B1,,連続,れんぞく,,続いて起こること。,,,
arrest,B1,,逮捕,たいほ,,警察が悪い人を捕まえること。,,,
week,B1,,週,しゅう,,七日間。,,,
period of a week,B1,,週間,しゅうかん,,七日間のまとまり。,,,
advance something,B1,,進める,すすめる,,物事を進めること。,,,
advancing in school,B1,,進学,しんがく,,上の学校に進むこと。,,,
progress,B1,,進歩,しんぽ,,技術や社会が進んで良くなること。,,,
"lateness, tardiness",B1,,遅刻,ちこく,,決められた時間に遅れること。,,,
"luck, fortune",B1,,運,うん,,人が持つ運勢。,,,
exercise,B1,,運動,うんどう,,体を動かすこと。,,,
driving,B1,,運転,うんてん,,乗り物を動かすこと。,,,
pass time,B1,,過ごす,すごす,,時間を使って生活すること。,,,
past,B1,,過去,かこ,,以前にあった時間や出来事。,,,
morality,B1,,道徳,どうとく,,正しい行いや心のあり方。,,,
road,B1,,道路,どうろ,,車や人が通る道。,,,
reach,B1,,達する,たっする,,ある目標に到達すること。,,,
without doubt,B1,,違いない,ちがいない,,必ずそうだと考えられること。,,,
violation,B1,,違反,いはん,,決まりに反すること。,,,
"fit, suit",B1,,適する,てきする,,条件に合うこと。,,,
appropriate,B1,,適切,てきせつ,,ふさわしいこと。,,,
moderate degree,B1,,適度,てきど,,多すぎず少なすぎない程度。,,,
"application, adoption",B1,,適用,てきよう,,決まりに従って当てはめること。,,,
athlete,B1,,選手,せんしゅ,,スポーツをする人。,,,
choice,B1,,選択,せんたく,,いくつかの中から選ぶこと。,,,
avoid,B1,,避ける,さける,,危険や不都合を避けること。,,,
obstacle,B1,,邪魔,じゃま,,人の邪魔をすること。,,,
part,B1,,部分,ぶぶん,,全体の一部。,,,
mail,B1,,郵便,ゆうびん,,手紙や荷物を送る制度。,,,
capital,B1,,都,みやこ,,東京都のこと。,,,
"urban, city",B1,,都会,とかい,,都会にある場所。,,,
city,B1,,都市,とし,,人が多く集まって住む場所。,,,
delivery,B1,,配達,はいたつ,,郵便物を届けること。,,,
alcohol,B1,,酒,さけ,,人を酔わせる飲み物。,,,
intoxicated,B1,,酔う,よう,,酒を飲んで意識が乱れること。,,,
oxygen,B1,,酸素,さんそ,,生物に必要な気体。,,,
"important, serious",B1,,重大,じゅうだい,,とても大事なこと。,,,
important,B1,,重要,じゅうよう,,価値が高く欠かせないこと。,,,
regarding as important,B1,,重視,じゅうし,,特に重んじること。,,,
field,B1,,野,の,,広い野原や野山。,,,
quantity,B1,,量,りょう,,物の重さや量。,,,
measure,B1,,量る,はかる,,重さを計ること。,,,
gold,B1,noun,金,きん,,黄色い光沢を持つ貴金属の一つ。,,,
metal,B1,,金属,きんぞく,,硬くて貴重な金属。,,,
safe,B1,,金庫,きんこ,,お金や貴重品をしまう箱。,,,
finance,B1,,金融,きんゆう,,金融取引や銀行業務。,,,
"money, cash",B1,,金銭,きんせん,,金に関すること。,,,
amount of money,B1,,金額,きんがく,,支払うべき金の量。,,,
needle,B1,,針,はり,,細くとがった金属の道具。,,,
fishing,B1,,釣り,つり,,魚を釣ること。,,,
iron,B1,,鉄,てつ,,硬くて強い金属。,,,
railway,B1,,鉄道,てつどう,,鉄でできた道。,,,
silver,B1,,銀,ぎん,,白く輝く金属。,,,
gun,B1,,銃,じゅう,,弾を撃つ道具。,,,
copper coin,B1,,銅貨,どうか,,銅で作った小さなお金。,,,
scissors,B1,,鋏,はさみ,,物を切る道具。,,,
pot,B1,,鍋,なべ,,料理に使う深い器。,,,
chain,B1,,鎖,くさり,,金属でできた鎖。,,,
"close, shut",B1,,閉じる,とじる,,閉めること。,,,
commencement,B1,,開始,かいし,,始めること。,,,
mistake,B1,,間違い,まちがい,,正しくないこと。,,,
be related,B1,,関する,かんする,,関係があること。,,,
concern,B1,,関心,かんしん,,心を向けること。,,,
relevance,B1,,関連,かんれん,,つながり。,,,
prevent,B1,,防ぐ,ふせぐ,,悪いことを防ぐこと。,,,
limit,B1,,限る,かぎる,,範囲を限ること。,,,
limits,B1,,限界,げんかい,,これ以上できない境目。,,,
"remove, exclude",B1,,除く,のぞく,,外すこと。,,,
shadows,B1,,陰,かげ,,光の当たらない所。,,,
"land, shore",B1,,陸,りく,,地面や陸地。,,,
"cheerful, merry",B1,,陽気,ようき,,明るく元気な様子。,,,
"very, extremely",B1,,随分,ずいぶん,,思ったよりも多く。,,,
occasion,B1,,際,さい,,ちょうどの時。,,,
"disorder, disability, blockage",B1,,障害,しょうがい,,物事を妨げるもの。,,,
hide something,B1,,隠す,かくす,,見えないようにすること。,,,
"hide, be hidden",B1,,隠れる,かくれる,,人の目に見えない所に行くこと。,,,
meeting,B1,,集まり,あつまり,,人が集まること。,,,
concentration,B1,,集中,しゅうちゅう,,一つに集めること。,,,
group,B1,,集団,しゅうだん,,一緒に行動する人々。,,,
"employ, hire",B1,,雇う,やとう,,人を雇って働かせること。,,,
"separate, keep apart",B1,,離す,はなす,,離れた所へ動かすこと。,,,
be separated from,B1,,離れる,はなれる,,近くから離れること。,,,
divorce,B1,,離婚,りこん,,夫婦の関係をやめること。,,,
ambiance,B1,,雰囲気,ふんいき,,場の空気や感じ。,,,
thunder,B1,,雷,かみなり,,空で大きな音と光を出す自然現象。,,,
electronics,B1,,電子,でんし,,電子の働きを使ったもの。,,,
demand,B1,,需要,じゅよう,,必要とされること。,,,
tremble,B1,,震える,ふるえる,,体が小刻みに動くこと。,,,
frost,B1,,霜,しも,,寒さでできる氷の粒。,,,
fog,B1,,霧,きり,,空気中の小さな水滴でできる白いもや。,,,
"youth, young man",B1,,青年,せいねん,,若い男性。,,,
emergency,B1,,非常,ひじょう,,普通でない大切な事態。,,,
"side, page, surface",B1,,面,めん,,物の表面。,,,
trouble,B1,,面倒,めんどう,,手間がかかること。,,,
leather,B1,,革,かわ,,動物の皮。,,,
let's eat,B1,,頂きます,いただきます,,食事を始める前に言うあいさつ。,,,
receive from above,B1,,頂く,いただく,,もらうことの丁寧な言い方。,,,
summit,B1,,頂上,ちょうじょう,,山の一番高い所。,,,
receiving from above,B1,,頂戴,ちょうだい,,もらうことを願う言い方。,,,
time,B1,,頃,ころ,,だいたいの時間。,,,
order,B1,,順,じゅん,,順序。,,,
sequential order,B1,,順番,じゅんばん,,順序に従って並ぶこと。,,,
favorable,B1,,順調,じゅんちょう,,物事がうまく進むこと。,,,
leave in someone's keeping,B1,,預ける,あずける,,物を人に預けること。,,,
cheek,B1,,頬,ほお,,顔の横の部分。,,,
headache,B1,,頭痛,ずつう,,頭が痛いこと。,,,
frequently,B1,,頻りに,しきりに,,何度も続けて。,,,
rely on,B1,,頼る,たよる,,頼みにすること。,,,
"title, subject, theme, topic",B1,,題,だい,,書物などの題。,,,
forehead,B1,noun,額,ひたい,,顔の上部で、眉と髪の生え際の間の部分。,,,
frame,B1,noun,額,がく,,絵や写真などを入れて飾る枠。,,,
request,B1,,願い,ねがい,,望み。,,,
"wish, desire",B1,,願う,ねがう,,望むこと。,,,
scenery,B1,,風景,ふうけい,,景色。,,,
let fly,B1,,飛ばす,とばす,,空を飛ぶこと。,,,
jump out,B1,,飛び出す,とびだす,,急に飛び出ること。,,,
aviation,B1,,飛行,ひこう,,飛ぶこと。,,,
meal,B1,,食事,しょくじ,,食べること。,,,
dining room table,B1,,食卓,しょくたく,,食事のための机。,,,
"food, provisions",B1,,食料,しょくりょう,,食べるための材料。,,,
appetite,B1,,食欲,しょくよく,,食べたい気持ち。,,,
"food, foodstuff",B1,,食物,しょくもつ,,食べるもの。,,,
cooked rice,B1,,飯,めし,,ご飯。,,,
"keep, have, rear",B1,,飼う,かう,,動物を育てること。,,,
"lose interest in, get tired of",B1,,飽きる,あきる,,同じことに飽きていやになること。,,,
"feed, fodder, bait",B1,,餌,えさ,,動物に与える食べ物。,,,
prime minister,B1,,首相,しゅしょう,,国を治める代表。,,,
capital city,B1,,首都,しゅと,,国の中心の町。,,,
fragrance,B1,,香り,かおり,,よいにおい。,,,
horse,B1,,馬,うま,,走ることができる動物。,,,
idiot,B1,,馬鹿,ばか,,愚かなこと。,,,
"no good, useless",B1,,駄目,だめ,,してはいけないこと。,,,
parking,B1,,駐車,ちゅうしゃ,,車を止めること。,,,
disturbance,B1,,騒ぎ,さわぎ,,大きな音や混乱。,,,
disturbing noise,B1,,騒音,そうおん,,うるさい音。,,,
bone,B1,,骨,ほね,,体を支える固い部分。,,,
bone fracture,B1,,骨折,こっせつ,,骨が折れること。,,,
expensive,B1,,高価,こうか,,値段が高いこと。,,,
high-speed,B1,,高速,こうそく,,速く進むこと。,,,
hair,B1,,髪の毛,かみのけ,,頭に生える毛。,,,
"ogre, demon",B1,,鬼,おに,,恐ろしい姿のもの。,,,
"charm, appeal",B1,,魅力,みりょく,,人を引きつける力。,,,
"appealing, attractive",B1,,魅力的,みりょくてき,,強く人をひきつけるさま。,,,
chalkboard,B1,,黒板,こくばん,,授業などで使う黒い板。,,,
be silent,B1,,黙る,だまる,,口を閉じて話さないこと。,,,
"rat, mouse",B1,,鼠,ねずみ,,小さな動物。,,,
appeal,B2,noun,アピール,アピール,,自分を目立たせるための表現。,,,
Argentina,B2,noun,アルゼンチン,アルゼンチン,,南米の国。,,,
allergy,B2,noun,アレルギー,アレルギー,,体が特定の物に反応すること。,,,
equal,B2,noun,イコール,イコール,,等しいこと。また、同じであること。,,,
Iran,B2,noun,イラン,イラン,,中東の国。,,,
information,B2,noun,インフォメーション,インフォメーション,,情報や案内。,,,
wool,B2,noun,ウール,ウール,,羊の毛。,,,
thoughtlessly,B2,adverb,うっかり,うっかり,,気づかずに間違えること。,,,
be fed up with,B2,adverb,うんざり,うんざり,,同じことが続くなどして、すっかり嫌になる様子。,,,
episode,B2,noun,エピソード,エピソード,,具体的な出来事や体験。,,,
Olympics,B2,noun,オリンピック,オリンピック,,世界的に開かれるスポーツ大会。,,,
cheating,B2,noun,カンニング,カンニング,,試験で不正に答えを見ること。,,,
career,B2,noun,キャリア,キャリア,,仕事上の経歴や経験。,,,
Christ,B2,noun,キリスト,キリスト,,キリストと呼ばれる人物。,,,
Christianity,B2,noun,キリスト教,キリストきょう,,キリストを信じる宗教。,,,
gay,B2,noun,ゲイ,ゲイ,,同性愛者。特に、男性の同性愛者を指すことが多い。,,,
secretly,B2,adverb,こっそり,こっそり,,人に見られないようにする様子。,,,
competition,B2,noun,コンクール,コンクール,,芸術などの競技会。,,,
control,B2,noun,コントロール,コントロール,,状態や動きを調整して、思いどおりにすること。,,,
summit,B2,noun,サミット,サミット,,国の代表が集まる会議。,,,
"often, frequently",B2,adverb,しょっちゅう,しょっちゅう,,非常に頻繁に。何度も繰り返して。,,,
dilemma,B2,noun,ジレンマ,ジレンマ,,二つの選択に迷う状態。,,,
"smart, stylish",B2,noun,スマート,スマート,,姿や態度が整っていること。,,,
come to think of it,B2,,そう言えば,そういえば,,思い出したように話を切り出す言葉。,,,
"softly, gently",B2,,そっと,そっと,,やさしく静かに行う様子。,,,
Soviet Union,B2,noun,ソ連,ソれん,,旧ソビエト連邦。,,,
diamond,B2,noun,ダイヤモンド,ダイヤモンド,,硬く透明な宝石。,,,
"sloppy, untidy",B2,adjective,だらし無い,だらしない,,身なりが整っていないこと。,,,
chalk,B2,noun,チョーク,チョーク,,黒板に書くための棒状の道具。,,,
"theme, topic",B2,noun,テーマ,テーマ,,主題や題目。,,,
formal copula,B2,verb,である,である,,硬い表現で使う文の終わり方。,,,
"terror, terrorism",B2,noun,テロ,テロ,,恐ろしい行為による暴力。,,,
thumping,B2,,ドキドキ,ドキドキ,,心臓が速く打つこと。,,,
spark joy,B2,,ときめく,ときめく,,心が強く動かされること。,,,
however,B2,,とは言え,とはいえ,,それでも、と言う意味の言葉。,,,
drag queen,B2,noun,ドラァグクイーン,ドラァグクイーン,,女装して舞台に立つ人。,,,
nylon,B2,noun,ナイロン,ナイロン,,人工の繊維。,,,
smilingly,B2,,ニコニコ,ニコニコ,,笑顔を浮かべる様子。,,,
balance,B2,noun,バランス,バランス,,釣り合い。,,,
underwear,B2,noun,パンツ,パンツ,,下着やズボン。,,,
band,B2,noun,バンド,バンド,,音楽を演奏する集まり。,,,
handle,B2,noun,ハンドル,ハンドル,,車を動かすための取っ手。,,,
vitamin,B2,noun,ビタミン,ビタミン,,体に必要な栄養素。,,,
pink,B2,noun,ピンク,ピンク,,色の一つ。,,,
"boom, fad",B2,noun,ブーム,ブーム,,ある物事が急に広く流行すること。,,,
fascism,B2,noun,ファシズム,ファシズム,,独裁的な政治の仕組み。,,,
frying pan,B2,noun,フライパン,フライパン,,料理に使う浅い鍋。,,,
plastic,B2,noun,プラスチック,プラスチック,,人工の合成材料。,,,
"hang, suspend",B2,verb,ぶら下げる,ぶらさげる,,物を下にぶらさげること。,,,
program,B2,noun,プログラム,プログラム,,計画や手順を書いたもの。,,,
helicopter,B2,noun,ヘリコプター,ヘリコプター,,回転して飛ぶ乗り物。,,,
poster,B2,noun,ポスター,ポスター,,宣伝や告知のための紙。,,,
passable,B2,,まあまあ,まあまあ,,普通程度であること。,,,
"minus, negative",B2,,マイナス,マイナス,,差し引き、負の数。,,,
mask,B2,noun,マスク,マスク,,顔を覆うもの。,,,
mass media,B2,noun,マスコミ,マスコミ,,新聞やテレビなど、大勢の人に情報を伝える報道機関。,,,
scarf,B2,noun,マフラー,マフラー,,首に巻く布や衣類。,,,
marathon,B2,noun,マラソン,マラソン,,長距離を走る競技。,,,
condominium,B2,noun,マンション,マンション,,集合住宅。,,,
mood,B2,noun,ムード,ムード,,その場や人が作り出す雰囲気。,,,
mechanism,B2,noun,メカニズム,メカニズム,,物の仕組み。,,,
menu,B2,noun,メニュー,メニュー,,料理の一覧。,,,
mentality,B2,noun,メンタリティー,メンタリティー,,心の持ち方。,,,
motor,B2,noun,モーター,モーター,,機械を動かすもの。,,,
modern,B2,noun,モダン,モダン,,新しい様式。,,,
model,B2,noun,モデル,モデル,,手本となる人や形。,,,
"but, although",B2,,ものの,ものの,,とはいえ、という逆接の表現。,,,
monorail,B2,noun,モノレール,モノレール,,一本のレールで走る乗り物。,,,
lunch,B2,noun,ランチ,ランチ,,昼の食事。,,,
running,B2,noun,ランニング,ランニング,,運動の一つ。,,,
rhythm,B2,noun,リズム,リズム,,規則的な動きや音。,,,
resource,B2,noun,リソース,リソース,,使える資源。,,,
layoff,B2,noun,レイオフ,レイオフ,,人員整理のための解雇。,,,
level,B2,noun,レベル,レベル,,段階や水準。,,,
lens,B2,noun,レンズ,レンズ,,カメラに使うガラスの部品。,,,
dress,B2,noun,ワンピース,ワンピース,,女性用の衣服の一つ。,,,
one by one,B2,,一々,いちいち,,一つ一つ丁寧に。,,,
one cause,B2,numeral,一因,いちいん,,物事が起こる原因の一つ。,,,
"fix, set",B2,,一定,いってい,,決められて変わらないこと。,,,
for the time being,B2,,一応,いちおう,,仮に、という控えめな表現。,,,
all at once,B2,,一斉,いっせい,,一度にそろって。,,,
"one step, even more",B2,numeral,一段,いちだん,,一つの段階。,,,
first-class,B2,,一流,いちりゅう,,非常に優れていること。,,,
"a part, a link",B2,,一環,いっかん,,全体の中の一部分。,,,
a glance,B2,,一見,いっけん,,ぱっと見た感じ。,,,
list,B2,,一覧,いちらん,,事柄をまとめた表。,,,
consistency,B2,,一貫,いっかん,,はじめから終わりまで通すこと。,,,
all at once,B2,,一遍,いっぺん,,一度。,,,
turkey,B2,,七面鳥,しちめんちょう,,食用の大きな鳥。,,,
three-dimensional,B2,,三次元,さんじげん,,縦・横・高さをもつ空間。,,,
tripod,B2,,三脚,さんきゃく,,三本の足をもつ台。,,,
triangle shape,B2,,三角,さんかく,,三つの角をもつ形。,,,
up and down,B2,,上下,じょうげ,,上と下。,,,
upstream,B2,,上流,じょうりゅう,,川の上の部分。,,,
advanced,B2,,上級,じょうきゅう,,高い段階。,,,
mentioned above,B2,,上記,じょうき,,前に書かれた部分。,,,
"upper house, Senate",B2,,上院,じょういん,,アメリカの上院。,,,
hand down,B2,,下す,くだす,,決断を下すこと。,,,
"trivial, stupid",B2,,下らない,くだらない,,価値がないこと。,,,
go down,B2,,下る,くだる,,下へ進むこと。,,,
vulgar,B2,,下品,げひん,,品がない様子。,,,
rough draft,B2,,下書き,したがき,,文章の下書き。,,,
sewage,B2,,下水,げすい,,排水。,,,
downtown,B2,,下町,したまち,,古くからの町。,,,
"check, having a look",B2,,下見,したみ,,事前に見ること。,,,
"lower house, House of Reps.",B2,,下院,かいん,,アメリカの下院。,,,
Japanese wooden clogs,B2,,下駄,げた,,日本の伝統的な履物。,,,
unpleasant,B2,,不快,ふかい,,気分が悪いこと。,,,
"uncanny, eerie",B2,,不気味,ぶきみ,,異様で気味が悪いこと。,,,
unclean,B2,,不潔,ふけつ,,清潔でないこと。,,,
irregularity,B2,,不規則,ふきそく,,規則がないこと。,,,
suspension,B2,,不通,ふつう,,交通が途絶えること。,,,
bad luck,B2,,不運,ふうん,,悪い運。,,,
hilltop,B2,,丘上,きゅうじょう,,丘の上。,,,
both sides,B2,,両側,りょうがわ,,左右の両方。,,,
row of trees,B2,,並木,なみき,,道に沿って植えられた木。,,,
parallel,B2,,並行,へいこう,,平行に並ぶこと。,,,
"medieval times, middle ages",B2,noun,中世,ちゅうせい,,中世の時代。,,,
middle age,B2,noun,中年,ちゅうねん,,年をとった中ごろ。,,,
middle finger,B2,noun,中指,なかゆび,,手の真ん中の指。,,,
halfway up,B2,noun,中腹,ちゅうふく,,山腹の部分。,,,
contents,B2,noun,中身,なかみ,,中に入っているもの。,,,
"unfinished, incomplete",B2,noun,中途半端,ちゅうとはんぱ,,中途で止まること。,,,
halfway,B2,noun,中間,ちゅうかん,,二つの間。,,,
skewer,B2,noun,串,くし,,細い棒に刺した食べ物。,,,
"red earth, vermilion",B2,,丹,に,,赤い色の顔料。,,,
"head, master",B2,noun,主,ぬし,,中心になる人。,,,
leading role,B2,,主役,しゅやく,,物語の中心になる役。,,,
grammatical subject,B2,,主語,しゅご,,文の主となる語。,,,
porcelain bowl,B2,,丼,どんぶり,,深い器に盛った料理。,,,
flight attendant,B2,,乗務員,じょうむいん,,乗り物で働く人。,,,
riding,B2,,乗車,じょうしゃ,,乗り物に乗ること。,,,
violence,B2,,乱暴,らんぼう,,乱れた行い。,,,
dry something,B2,,乾かす,かわかす,,物を乾かすこと。,,,
toast,B2,,乾杯,かんぱい,,祝いの飲み言葉。,,,
drying,B2,,乾燥,かんそう,,水分をなくすこと。,,,
spare,B2,,予備,よび,,予備に備えること。,,,
compete,B2,,争う,あらそう,,互いに争うこと。,,,
case,B2,noun,事例,じれい,,,,,
encyclopedia,B2,noun,事典,じてん,,,,,
carbon dioxide,B2,noun,二酸化炭素,にさんかたんそ,,,,,
water wall,B2,,井戸,いど,,水をくみ上げる穴。,,,
alternation,B2,noun,交代,こうたい,,交代すること。,,,
cultural exchange,B2,noun,交流,こうりゅう,,交流すること。,,,
human resources,B2,noun,人事,じんじ,,,,,
labor costs,B2,noun,人件費,じんけんひ,,,,,
human life,B2,noun,人命,じんめい,,人の命。,,,
artificial,B2,,人造,じんぞう,,人工でつくったもの。,,,
anthropology,B2,,人類学,じんるいがく,,人類を研究する学問。,,,
good evening,B2,,今晩は,こんばんは,,あいさつの言葉。,,,
be finished,B2,,仕上がる,しあがる,,仕上げができること。,,,
go out with,B2,,付き合う,つきあう,,人と付き合うこと。,,,
affiliation,B2,,付属,ふぞく,,付け加わること。,,,
"neighborhood, vicinity",B2,,付近,ふきん,,近いところ。,,,
pronoun,B2,,代名詞,だいめいし,,人称の代わりに使う語。,,,
algebra,B2,,代数学,だいすうがく,,代数を学ぶ数学。,,,
thereafter,B2,,以降,いこう,,ある時以降。,,,
kana syllabary,B2,,仮名,かな,,日本語の表記に使う文字。,,,
supposition,B2,,仮定,かてい,,仮に定めること。,,,
reconciliation,B2,,仲直り,なかなおり,,仲直りすること。,,,
close friend,B2,,仲良し,なかよし,,仲がよいこと。,,,
"relief, relaxation",B2,,休息,きゅうそく,,休んで体を休めること。,,,
being closed,B2,,休業,きゅうぎょう,,営業を休むこと。,,,
cancellation of a class,B2,,休講,きゅうこう,,授業を休むこと。,,,
recuperation,B2,,休養,きゅうよう,,休んで力を回復すること。,,,
accountant,B2,,会計士,かいけいし,,会計の資格をもつ人。,,,
be communicated,B2,,伝わる,つたわる,,伝えられること。,,,
infection,B2,,伝染,でんせん,,病気がうつること。,,,
be infected,B2,,伝染る,うつる,,病気が人に移ること。,,,
biography,B2,,伝記,でんき,,人の生涯を記した記録。,,,
accompaniment,B2,,伴奏,ばんそう,,音楽で伴って奏でること。,,,
however,B2,,但し,ただし,,ただし、と限定する言葉。,,,
fall,B2,,低下,ていか,,下がること。,,,
residence,B2,,住まい,すまい,,住む場所。,,,
"establishment, order",B2,,体制,たいせい,,体の仕組みや制度。,,,
gymnastics,B2,,体操,たいそう,,体を動かす運動。,,,
volume,B2,,体積,たいせき,,体の体積。,,,
"system, organization",B2,,体系,たいけい,,体系的な仕組み。,,,
"anyhow, at any rate",B2,,何しろ,なにしろ,,とにかく。,,,
anyhow,B2,,何せ,なにせ,,いずれにしても。,,,
"quite, really",B2,,何とも,なんとも,,どうしても。,,,
without knowing why,B2,,何と無く,なんとなく,,なんとなく。,,,
unnoticed,B2,,何時の間にか,いつのまにか,,知らない間に。,,,
"remain, be left over",B2,,余る,あまる,,必要以上に残ること。,,,
"another place, another matter",B2,,余所,よそ,,他の場所。,,,
aftershock,B2,,余震,よしん,,大きな地震のあとに起こる揺れ。,,,
creation,B2,,作成,さくせい,,作り出すこと。,,,
"author, writer",B2,,作者,さくしゃ,,その作品を書いた人。,,,
manufacturing,B2,,作製,さくせい,,ものを作り出すこと。,,,
annexation,B2,,併合,へいごう,,二つ以上を一つにまとめること。,,,
use,B2,,使途,しと,,使い道。,,,
compare,B2,,例える,たとえる,,ほかのものに例えて説明すること。,,,
exception,B2,,例外,れいがい,,普通と違って特別に認められること。,,,
"be caused by, depend on",B2,,依る、因る,よる,,原因や理由として基づくこと。,,,
addiction,B2,,依存症,いぞんしょう,,依存が強くなり抜け出せない状態。,,,
invasion,B2,,侵入,しんにゅう,,許可なく入り込むこと。,,,
toilet,B2,,便所,べんじょ,,トイレ。,,,
stationery,B2,,便箋,びんせん,,手紙を書く紙。,,,
healthcare,B2,,保健,ほけん,,健康を守ること。,,,
"repair, mending",B2,,修繕,しゅうぜん,,壊れたものを直すこと。,,,
abbey,B2,,修道院,しゅうどういん,,修道士や修道女が生活する施設。,,,
haiku,B2,,俳句,はいく,,日本の短い詩の形式。,,,
warehouse,B2,,倉庫,そうこ,,物を入れて保管する建物。,,,
"follow, emulate, imitate",B2,,倣う,ならう,,人のまねをすること。,,,
great,B2,,偉い,えらい,,立派で尊敬されること。,,,
"lean, be unbalanced",B2,,偏る,かたよる,,一方にかたよること。,,,
"suspension, stoppage",B2,,停止,ていし,,止まること。,,,
coming to a halt,B2,,停車,ていしゃ,,乗り物が止まること。,,,
power outage,B2,,停電,ていでん,,電気が止まること。,,,
aide,B2,,側近,そっきん,,そばで仕える人。,,,
even number,B2,,偶数,ぐうすう,,二で割り切れる数。,,,
"meeting, event, ceremony",B2,,催し,もよおし,,行事やイベント。,,,
"pressing, demanding",B2,,催促,さいそく,,催促すること。,,,
lean,B2,,傾く,かたむく,,片方に傾くこと。,,,
ceremony,B2,,儀式,ぎしき,,決まりに従って行う行事。,,,
as it is,B2,,儘,まま,,あるがままのこと。,,,
originally,B2,,元々,もともと,,最初から。,,,
allot,B2,,充てる,あてる,,割り当てること。,,,
ancestor,B2,,先祖,せんぞ,,先に生きた家族。,,,
just now,B2,,先程,さきほど,,少し前の時。,,,
"tip, end, apex",B2,,先端,せんたん,,先の端。,,,
"advance, seniority",B2,,先進,せんしん,,先を進んでいること。,,,
"head, lead, vanguard",B2,,先頭,せんとう,,列の最初。,,,
"light ray, beam",B2,,光線,こうせん,,光の線。,,,
tax exemption,B2,,免税,めんぜい,,税金を免除すること。,,,
anyway,B2,,兎も角,ともかく,,とにかく。,,,
container,B2,,入れ物,いれもの,,物を入れる容器。,,,
joining a company,B2,,入社,にゅうしゃ,,会社に入ること。,,,
"whole body, whole system",B2,,全身,ぜんしん,,体全体。,,,
complete works,B2,,全集,ぜんしゅう,,作品をまとめた全集。,,,
public,B2,,公共,こうきょう,,みんなが利用すること。,,,
pollution,B2,,公害,こうがい,,人に害を与える環境の問題。,,,
"formality, formula",B2,,公式,こうしき,,公式に決まったこと。,,,
public performance,B2,,公演,こうえん,,舞台で演じること。,,,
publishing,B2,,公表,こうひょう,,広く発表すること。,,,
"army, troops, soldiers",B2,,兵,へい,,戦う人。,,,
barracks,B2,,兵営,へいえい,,兵士が生活する施設。,,,
"soldier, sailor",B2,,兵隊,へいたい,,軍隊に属する人。,,,
serve two functions,B2,,兼ねる,かねる,,同時に他の役割を持つこと。,,,
internal medicine,B2,,内科,ないか,,内科の診療。,,,
indoor wiring,B2,,内線,ないせん,,建物内の電話線。,,,
circumference,B2,,円周,えんしゅう,,円の周囲。,,,
arc,B2,,円弧,えんこ,,円の一部を切り取った曲線。,,,
again and again,B2,,再三,さいさん,,何度も繰り返すこと。,,,
"affect, attack",B2,,冒す,おかす,,危険や困難を冒すこと。,,,
be photographed,B2,,写る,うつる,,映し出されること。,,,
sketching,B2,,写生,しゃせい,,実物を見て描くこと。,,,
crown,B2,,冠,かんむり,,頭にかぶるもの。,,,
get cold,B2,,冷める,さめる,,温度が下がって冷たくなること。,,,
"bad luck, wickedness",B2,,凶,きょう,,悪い運。,,,
going to work,B2,,出勤,しゅっきん,,会社に行くこと。,,,
attendance rate,B2,,出席率,しゅっせきりつ,,出席した割合。,,,
business trip,B2,,出張,しゅっちょう,,仕事で出かけること。,,,
"meeting, reception",B2,,出迎え,でむかえ,,来た人を迎えること。,,,
nonsense,B2,,出鱈目,でたらめ,,根拠のないこと。,,,
diverge,B2,,分かれる,わかれる,,いくつかに分かれること。,,,
distribution,B2,,分布,ぶんぷ,,分かれて広がること。,,,
fraction,B2,,分数,ぶんすう,,分母と分子を持つ数。,,,
"disassembly, decomposition",B2,,分解,ぶんかい,,分けて細かくすること。,,,
"amount, quantity",B2,,分量,ぶんりょう,,物の量。,,,
category,B2,,分類,ぶんるい,,種類ごとに分けること。,,,
impetus,B2,,切っ掛け,きっかけ,,物事のきっかけ。,,,
archipelago,B2,,列島,れっとう,,列になった島々。,,,
first of all,B2,,初めに,はじめに,,最初に。,,,
nice to meet you,B2,,初めまして,はじめまして,,初対面のあいさつ。,,,
elementary,B2,,初級,しょきゅう,,学習の初めの段階。,,,
"judge, justice",B2,,判事,はんじ,,裁判官。,,,
seal,B2,,判子,はんこ,,判子や印章。,,,
separately,B2,,別々,べつべつ,,別れていること。,,,
vacation home,B2,,別荘,べっそう,,休暇用の建物。,,,
"work, production",B2,,制作,せいさく,,作品をつくること。,,,
print,B2,,刷る,する,,印刷すること。,,,
get stuck in,B2,,刺さる,ささる,,とがったものが中に入ること。,,,
"stab, sting",B2,,刺す,さす,,鋭いもので突くこと。,,,
raw fish or meat,B2,,刺身,さしみ,,生の魚の料理。,,,
chop,B2,,刻む,きざむ,,細かく切ること。,,,
shave,B2,,剃る,そる,,ひげをそること。,,,
razor,B2,,剃刀,かみそり,,ひげを剃る道具。,,,
cut down,B2,,削る,けずる,,不要な部分を削り取ること。,,,
deletion,B2,,削除,さくじょ,,不要なものを取り去ること。,,,
"before and after, back and forth",B2,,前後,ぜんご,,前と後ろ。,,,
appetizer,B2,,前菜,ぜんさい,,食事の前に出す料理。,,,
aforementioned,B2,,前述,ぜんじゅつ,,前に述べたこと。,,,
adverse effect,B2,,副作用,ふくさよう,,薬の副作用。,,,
adverb,B2,,副詞,ふくし,,動詞を修飾する言葉。,,,
"relatively, quite",B2,,割と,わりと,,割合に。,,,
percent-off discount,B2,,割引,わりびき,,値段を減らすこと。,,,
fabrication,B2,,創作,そうさく,,新しく作ること。,,,
"powerful, strong",B2,,力強い,ちからづよい,,力が強いこと。,,,
heating,B2,,加熱,かねつ,,熱を加えること。,,,
acceleration,B2,,加速,かそく,,速さを増すこと。,,,
"be helped, be saved",B2,,助かる,たすかる,,助けを受けてよい状態になること。,,,
assistant professor,B2,,助教授,じょきょうじゅ,,大学で教授を補助する人。,,,
do one's best,B2,,努める,つとめる,,努力すること。,,,
"effect, potency",B2,,効力,こうりょく,,効き目。,,,
brave,B2,,勇ましい,いさましい,,勇気があって強いこと。,,,
operation,B2,,動作,どうさ,,体を動かすこと。,,,
artery,B2,,動脈,どうみゃく,,体に血を送る管。,,,
"mistake, error",B2,,勘違い,かんちがい,,誤って思うこと。,,,
victory or defeat,B2,,勝負,しょうぶ,,勝ち負けを決めること。,,,
recruitment,B2,,募集,ぼしゅう,,人を集めること。,,,
wastefulness,B2,,勿体ない,もったいない,,もったいなくて惜しいこと。,,,
smell good,B2,,匂う,におう,,においがすること。,,,
kitchen knife,B2,,包丁,ほうちょう,,料理に使う包丁。,,,
bandage,B2,,包帯,ほうたい,,けがを治すための布。,,,
"packing, packaging",B2,,包装,ほうそう,,物を包むこと。,,,
north pole,B2,,北極,ほっきょく,,北極地方。,,,
Arctic Circle,B2,,北極圏,ほっきょくけん,,北極周辺の地域。,,,
spoon,B2,,匙,さじ,,,,,
artisan,B2,,匠,たくみ,,技を持つ人。,,,
"division, section",B2,,区分,くぶん,,区別して分けること。,,,
partition,B2,,区切る,くぎる,,区切ること。,,,
zone,B2,,区域,くいき,,区切られた範囲。,,,
anonymity,B2,,匿名,とくめい,,名前を隠すこと。,,,
peninsula,B2,,半島,はんとう,,海に突き出た陸地。,,,
radius,B2,,半径,はんけい,,円の中心から外までの距離。,,,
south pole,B2,,南極,なんきょく,,南極地方。,,,
Antarctica,B2,,南極大陸,なんきょくたいりく,,南極の大陸。,,,
South America,B2,,南米,なんべい,,南アメリカの地域。,,,
tell a fortune,B2,,占う,うらなう,,未来を占うこと。,,,
astrology,B2,,占星術,せんせいじゅつ,,星を使った占い。,,,
origin,B2,,原始,げんし,,人類の初めの時代。,,,
raw materials,B2,,原料,げんりょう,,物を作る材料。,,,
principle,B2,,原理,げんり,,物事の基本になる仕組み。,,,
place of origin,B2,,原産,げんさん,,生産地。,,,
"manuscript, draft",B2,,原稿,げんこう,,原稿用紙に書かれた文。,,,
"strictness, severeness",B2,,厳重,げんじゅう,,きびしく注意深いこと。,,,
another,B2,,又の,またの,,別の。,,,
amity,B2,,友好,ゆうこう,,仲よくすること。,,,
anti-Chinese,B2,,反中,はんちゅう,,中国に反対すること。,,,
anti-establishment,B2,,反体制,はんたいせい,,政府に逆らうこと。,,,
antonym,B2,,反対語,はんたいご,,反対の意味を持つ語。,,,
anti-Japanese,B2,,反日,はんにち,,日本に反対すること。,,,
reflection,B2,,反映,はんえい,,映して影響を及ぼすこと。,,,
antimatter,B2,,反物質,はんぶっしつ,,物質と逆の性質を持つとされるもの。,,,
introspection,B2,,反省,はんせい,,自分の行いを振り返ること。,,,
anti-American,B2,,反米,はんべい,,アメリカに反対すること。,,,
"embrace, harvest, reap",B2,,取り入れる,とりいれる,,外から取り込むこと。,,,
take out,B2,,取り出す,とりだす,,中から取り出すこと。,,,
cancel,B2,,取り消す,とりけす,,一度決めたことを取りやめること。,,,
acquisition,B2,,取得,しゅとく,,権利や物を手に入れること。,,,
take charge of,B2,,受け持つ,うけもつ,,担当すること。,,,
taking a test,B2,,受験,じゅけん,,試験を受けること。,,,
"excuse, pretext",B2,,口実,こうじつ,,言い訳に使う言葉。,,,
lipstick,B2,,口紅,くちべに,,唇に塗る化粧品。,,,
bad breath,B2,,口臭,こうしゅう,,口から出る嫌なにおい。,,,
argument,B2,,口論,こうろん,,言い争い。,,,
classic,B2,,古典,こてん,,昔の文学や芸術。,,,
"love, cherish",B2,,可愛がる,かわいがる,,大事に扱うこと。,,,
"passing a bill, approval",B2,,可決,かけつ,,会議などで賛成多数で認められること。,,,
"chairman, host",B2,,司会,しかい,,進行や司会をすること。,,,
hiccup,B2,,吃逆,しゃっくり,,しゃっくり。,,,
each place,B2,,各地,かくち,,いろいろな地域。,,,
each person,B2,,各自,かくじ,,それぞれ自分。,,,
merging,B2,,合流,ごうりゅう,,一緒に合わさること。,,,
rationality,B2,,合理,ごうり,,理にかなっていること。,,,
assembly,B2,,合衆,がっしゅう,,合衆国を表す語。,,,
"hang, suspend",B2,,吊る,つる,,物をつり下げること。,,,
hang up,B2,,吊るす,つるす,,物を上から下げること。,,,
at the same place,B2,,同地,どうち,,同じ場所。,,,
business card,B2,,名刺,めいし,,仕事などで渡す小さな名札。,,,
family name,B2,,名字,みょうじ,,苗字。,,,
famous place,B2,,名所,めいしょ,,観光で有名な場所。,,,
famous product,B2,,名物,めいぶつ,,その土地の名物。,,,
noun,B2,,名詞,めいし,,物の名前を表す言葉。,,,
nausea,B2,,吐き気,はきけ,,吐きたい気持ち。,,,
include,B2,,含める,ふくめる,,一緒に含めること。,,,
blizzard,B2,,吹雪,ふぶき,,雪と風が強い天気。,,,
"be amazed, be shocked",B2,,呆れる,あきれる,,驚いてあきれること。,,,
vicinity,B2,,周辺,しゅうへん,,周りの地域。,,,
taste,B2,,味わう,あじわう,,味を楽しむこと。,,,
summon,B2,,呼び出す,よびだす,,人を呼び出すこと。,,,
"command, appoint",B2,,命ずる,めいずる,,命令すること。,,,
Japanese clothing,B2,,和服,わふく,,日本の伝統的な服。,,,
lips,B2,,唇,くちびる,,口の外側の部分。,,,
"abrupt, sudden",B2,,唐突,とうとつ,,急で不意なこと。,,,
store,B2,,商店,しょうてん,,商品を売る店。,,,
"business, commercialism",B2,,商業,しょうぎょう,,商売や産業。,,,
trading company,B2,,商社,しょうしゃ,,貿易などを行う会社。,,,
inquiry,B2,,問い合わせ,といあわせ,,問い合わせること。,,,
questions and answers,B2,,問答,もんどう,,質問と答え。,,,
Adam's apple,B2,noun,喉仏,のどぼとけ,,喉の前に出ている部分。,,,
asthma,B2,,喘息,ぜんそく,,発作的に起こる呼吸の病気。,,,
"noisy, loud, strict",B2,,喧しい,やかましい,,音が大きくやかましいこと。,,,
"utensil, device",B2,,器具,きぐ,,道具。,,,
fountain,B2,,噴水,ふんすい,,水を吹き上げる設備。,,,
eruption,B2,,噴火,ふんか,,火山が噴き出すこと。,,,
sneeze,B2,,嚏,くしゃみ,,くしゃみ。,,,
four seasons,B2,,四季,しき,,春夏秋冬の季節。,,,
detour,B2,,回り道,まわりみち,,遠回りの道。,,,
frequency,B2,,回数,かいすう,,繰り返す数。,,,
reply,B2,,回答,かいとう,,答えること。,,,
rotation,B2,,回転,かいてん,,回って動くこと。,,,
apartment complex,B2,,団地,だんち,,計画的に作られた住宅地。,,,
acorn,B2,,団栗,どんぐり,,木の実。,,,
"cheeky, shameless",B2,,図々しい,ずうずうしい,,恥知らずで厚かましいこと。,,,
figure,B2,,図形,ずけい,,形を表した図。,,,
"chart, diagram, graph",B2,,図表,ずひょう,,数や事実を表した表。,,,
"illustrated book, field guide",B2,,図鑑,ずかん,,動植物などを集めて説明する本。,,,
"mass, lump",B2,,固まり,かたまり,,固くなったもの。,,,
become hard,B2,,固まる,かたまる,,固くなること。,,,
national,B2,,国立,こくりつ,,国が設立したもの。,,,
nationality,B2,,国籍,こくせき,,その人の国籍。,,,
gardening,B2,,園芸,えんげい,,園芸をすること。,,,
compression,B2,,圧縮,あっしゅく,,圧力を加えて縮めること。,,,
attending school,B2,,在学,ざいがく,,学校に在籍していること。,,,
abroad in Japan,B2,,在日,ざいにち,,日本に住んでいること。,,,
basement,B2,,地下室,ちかしつ,,地下にある部屋。,,,
groundwater,B2,,地下水,ちかすい,,地下にある水。,,,
place name,B2,,地名,ちめい,,土地の名前。,,,
"simple, down to earth",B2,,地味,じみ,,派手でないこと。,,,
perpendicular,B2,,垂直,すいちょく,,真っすぐ立っていること。,,,
hedge,B2,,垣根,かきね,,庭や土地を区切る垣。,,,
bury,B2,,埋める,うめる,,中に入れてふさぐこと。,,,
military base,B2,,基地,きち,,軍の基地。,,,
standard,B2,,基準,きじゅん,,判断のもとになる標準。,,,
"foundation, basis",B2,,基盤,きばん,,土台。,,,
foundation,B2,,基礎,きそ,,物事の基礎となるもの。,,,
"bank, dike",B2,,堤,つつみ,,水をせき止める土手。,,,
"bear, endure",B2,,堪る,たまる,,こらえること。,,,
base in baseball,B2,,塁,るい,,野球の守備位置。,,,
close up,B2,,塞ぐ,ふさぐ,,道をふさぐこと。,,,
"toilet paper, tissue paper",B2,,塵紙,ちりがみ,,ちり紙。,,,
boundary,B2,,境界,きょうかい,,境目。,,,
"increase, add to",B2,,増やす,ふやす,,数を増すこと。,,,
augmentation,B2,,増大,ぞうだい,,大きくなること。,,,
"sales, proceeds",B2,,売り上げ,うりあげ,,商品を売った合計金額。,,,
sold-out,B2,,売り切れ,うりきれ,,商品が全部売れてしまうこと。,,,
be sold out,B2,,売り切れる,うりきれる,,商品が全部なくなること。,,,
buying and selling,B2,,売買,ばいばい,,商品を売り買いすること。,,,
"exterior, outside",B2,,外部,がいぶ,,外の部分。,,,
traveling at night,B2,,夜行,やこう,,夜に走ること。,,,
nighttime,B2,,夜間,やかん,,夜の時間。,,,
aorta,B2,,大動脈,だいどうみゃく,,心臓から出る太い血管。,,,
graduate school,B2,,大学院,だいがくいん,,大学の上の課程。,,,
carpenter,B2,,大工,だいく,,木材を扱う職人。,,,
as soon as possible,B2,,大至急,だいしきゅう,,すぐに。,,,
Atlantic Ocean,B2,,大西洋,たいせいよう,,大西洋。,,,
main street,B2,,大通り,おおどおり,,広い通り。,,,
barley,B2,,大麦,おおむぎ,,麦の一種。,,,
astronomy,B2,,天文学,てんもんがく,,宇宙の学問。,,,
Emperor of Japan,B2,,天皇,てんのう,,日本の天皇。,,,
drum,B2,,太鼓,たいこ,,打楽器の一つ。,,,
broken heart,B2,,失恋,しつれん,,恋を失うこと。,,,
woman,B2,,女の人,おんあのひと,,女性。,,,
wife,B2,,女房,にょうぼう,,妻。,,,
likes and dislikes,B2,,好き嫌い,すききらい,,好き嫌いの気持ち。,,,
anyhow,B2,,如何せ,どうせ,,どうにかすること。,,,
any,B2,,如何なる,いかなる,,どんなこと。,,,
"reasonable, valid, proper",B2,,妥当,だとう,,適切であること。,,,
from beginning to end,B2,,始終,しじゅう,,初めから終わりまで。,,,
niece,B2,,姪,めい,,姉妹の子ども。,,,
stance,B2,,姿勢,しせい,,体の姿勢。,,,
be arrogant,B2,,威張る,いばる,,偉そうにすること。,,,
entertainment,B2,,娯楽,ごらく,,楽しみ。,,,
"hate, dislike",B2,,嫌がる,いやがる,,いやだと思うこと。,,,
descendant,B2,,子孫,しそん,,子や孫など。,,,
become pregnant,B2,,孕む,はらむ,,子を宿すこと。,,,
"think, feel, consider, know",B2,,存じる,ぞんじる,,「知る」のへりくだった言い方。,,,
"think, feel, consider, know",B2,,存ずる,ぞんずる,,「知る」のへりくだった言い方。,,,
academic conference,B2,,学会,がっかい,,学問の発表をする集まり。,,,
academic degree,B2,,学位,がくい,,大学の学位。,,,
academic ability,B2,,学力,がくりょく,,勉強する力。,,,
academic year,B2,,学年,がくねん,,学校の学年。,,,
academic subject,B2,,学科,がっか,,学校の教科。,,,
academic pursuits,B2,,学術,がくじゅつ,,学問や技術。,,,
academic department,B2,,学部,がくぶ,,大学の学部。,,,
astronaut,B2,,宇宙飛行士,うちゅうひこうし,,宇宙で活動する人。,,,
easiness,B2,,安易,あんい,,安易で軽いこと。,,,
government office,B2,,官庁,かんちょう,,国の役所。,,,
regular holiday,B2,,定休日,ていきゅうび,,決められた休みの日。,,,
capacity of people,B2,,定員,ていいん,,決められた人数。,,,
ruler,B2,,定規,じょうぎ,,物差し。,,,
"address, destination",B2,,宛先,あてさき,,手紙の宛て先。,,,
recipient's name and address,B2,,宛名,あてな,,手紙の受取人の名前。,,,
ripen,B2,,実る,みのる,,実を結ぶこと。,,,
"proficiency, true ability",B2,,実力,じつりょく,,身についた力。,,,
actual feeling,B2,,実感,じっかん,,はっきり感じること。,,,
pratical use,B2,,実用,じつよう,,実際に使うこと。,,,
guest seating,B2,,客席,きゃくせき,,客が座る席。,,,
"promotion, publicity",B2,,宣伝,せんでん,,広めるための宣伝。,,,
reception,B2,,宴会,えんかい,,人が集まって飲食する会。,,,
house,B2,,家屋,かおく,,家。,,,
container,B2,,容器,ようき,,物を入れる容器。,,,
"come near, bring near",B2,,寄せる,よせる,,近くに寄せること。,,,
"send, hand over",B2,,寄越す,よこす,,送ること。,,,
bed,B2,,寝台,しんだい,,寝るための台。,,,
"dimensions, extent",B2,,寸法,すんぽう,,物の長さや大きさ。,,,
temple,B2,,寺院,じいん,,仏教の建物。,,,
confrontation,B2,,対立,たいりつ,,意見がぶつかり合うこと。,,,
"measure, step",B2,,対策,たいさく,,問題に対する手段。,,,
life span,B2,,寿命,じゅみょう,,生きられる期間。,,,
shine,B2,,射す,さす,,光が差し込むこと。,,,
archer,B2,,射手,いて,,弓を使う人。,,,
"shogi, Japanese game",B2,,将棋,しょうぎ,,日本の伝統的な将棋盤の遊び。,,,
urine,B2,,小便,しょうべん,,小便をすること。,,,
elementary school student,B2,,小学生,しょうがくせい,,小学校に通う子ども。,,,
asteroid,B2,,小惑星,しょうわくせい,,惑星より小さい天体。,,,
little finger,B2,,小指,こゆび,,手の小さな指。,,,
decimal,B2,,小数,しょうすう,,整数より小さい数。,,,
adzuki beans,B2,,小豆,あずき,,食べられる小さな豆。,,,
pocket money,B2,,小遣い,こづかい,,自由に使える少額のお金。,,,
at least,B2,,少なくとも,すくなくとも,,最低限。,,,
"about, concerning",B2,,就いて,ついて,,～について。,,,
inauguration,B2,,就任,しゅうにん,,新しい役職につくこと。,,,
tail,B2,,尻尾,しっぽ,,動物の後ろの部分。,,,
outdoors,B2,,屋外,おくがい,,外の場所。,,,
development,B2,noun,展開,てんかい,,物事を広げて行うこと。,,,
belong,B2,verb,属する,ぞくする,,集団や組織に属すること。,,,
footwear,B2,noun,履き物,はきもの,,,,,
edible wild plants,B2,noun,山菜,さんさい,,,,,
parade float,B2,noun,山車,だし,,,,,
bedrock,B2,noun,岩盤,がんばん,,固い岩のかたまり。,,,
cape,B2,noun,岬,みさき,,海に突き出た土地。,,,
"mountain pass, ridge, peak",B2,noun,峠,とうげ,,山の頂上を越える道。,,,
all over the island,B2,,島中,とうちゅう,,島全体。,,,
"destroy, demolish",B2,,崩す,くずす,,形をくずすこと。,,,
"collapse, crumble",B2,,崩れる,くずれる,,形がくずれて壊れること。,,,
"insert, put on",B2,,嵌める,はめる,,物をはめ込むこと。,,,
go around,B2,,巡る,めぐる,,あちこちを回ること。,,,
police officer,B2,,巡査,じゅんさ,,警察官。,,,
construction work,B2,,工事,こうじ,,工事を行う作業。,,,
factory worker,B2,,工員,こういん,,工場で働く人。,,,
scheme,B2,,工夫,くふう,,考えや方法を工夫すること。,,,
handicraft,B2,,工芸,こうげい,,伝統的な手工芸。,,,
"farewell, goodbye",B2,,左様なら,さようなら,,別れのあいさつ。,,,
"roll up, wind",B2,,巻く,まく,,巻きつけること。,,,
send home,B2,,帰す,かえす,,人を帰らせること。,,,
"always, 24-hours",B2,,常時,じょうじ,,常に。,,,
"air, dry, drain",B2,,干す,ほす,,洗濯物などを外に干すこと。,,,
hiragana syllabary,B2,,平仮名,ひらがな,,日本語の音を表す文字。,,,
"boring, ordinary",B2,,平凡,へいぼん,,普通で特別でないこと。,,,
weekday,B2,,平日,へいじつ,,平日の勤務日。,,,
composure,B2,,平気,へいき,,平気な様子。,,,
plain,B2,,平野,へいや,,広い平地。,,,
fiscal year,B2,,年度,ねんど,,年度の区切り。,,,
"young child, toddler",B2,,幼児,ようじ,,小さい子ども。,,,
"immature, childish, infancy",B2,,幼稚,ようち,,子どもっぽいこと。,,,
kindergarten,B2,,幼稚園,ようちえん,,小さな子どもが通う園。,,,
"somewhat, to some extent",B2,,幾分,いくぶん,,少し。,,,
"extensive, spacious",B2,,広々,ひろびろ,,広く感じる様子。,,,
spread something out,B2,,広げる,ひろげる,,広くすること。,,,
"extent, vastness",B2,,広さ,ひろさ,,広さの程度。,,,
town square,B2,,広場,ひろば,,人が集まる場所。,,,
Japanese cushion for seating,B2,,座布団,ざぶとん,,床に敷く座布。,,,
tatami room,B2,,座敷,ざしき,,畳の部屋。,,,
extention,B2,,延長,えんちょう,,時間を延ばすこと。,,,
be built,B2,,建つ,たつ,,建物が建てられること。,,,
architect,B2,,建築家,けんちくか,,建物を設計する人。,,,
archery,B2,,弓道,きゅうどう,,弓を使う武道。,,,
attract,B2,,引き付ける,ひきつける,,人をひきつけること。,,,
tie game,B2,,引き分け,ひきわけ,,勝敗が決まらないこと。,,,
take on,B2,,引き受ける,ひきうける,,仕事などを引き受けること。,,,
detain,B2,,引き止める,ひきとめる,,やめさせること。,,,
moving house,B2,,引っ越し,ひっこし,,住む場所を移すこと。,,,
"weakness, weak spot",B2,,弱点,じゃくてん,,弱い点。,,,
"reinforcement, strengthening",B2,,強化,きょうか,,力を強めること。,,,
"overbearing, coercive",B2,,強引,ごういん,,無理に行うこと。,,,
authoritarianism,B2,,強権,きょうけん,,強い権力。,,,
"confident, assured",B2,,強気,つよき,,強気な態度。,,,
obvious,B2,,当たり前,あたりまえ,,当然のこと。,,,
on that day,B2,,当日,とうじつ,,その日。,,,
person in charge,B2,,当番,とうばん,,当番としての役割。,,,
adjective,B2,,形容詞,けいようし,,名詞を修飾する語。,,,
"form, appearance",B2,,形式,けいしき,,決まったやり方。,,,
carve,B2,,彫る,ほる,,木や石に彫ること。,,,
sculpture,B2,,彫刻,ちょうこく,,彫って作る芸術。,,,
government official,B2,,役人,やくにん,,役につく人。,,,
seat of local government,B2,,役所,やくしょ,,行政を行う所。,,,
actor,B2,,役者,やくしゃ,,演技をする人。,,,
round trip,B2,,往復,おうふく,,行きと帰り。,,,
"meet, arrange to meet",B2,,待ち合わせる,まちあわせる,,待ち合わせをすること。,,,
waiting room,B2,,待合室,まちあいしつ,,待つための部屋。,,,
aftertaste,B2,,後味,あとあじ,,残る感じ。,,,
junior employee,B2,,後輩,こうはい,,年下の仲間。,,,
female cousin,B2,,従姉妹,いとこ,,いとこ。,,,
good night,B2,,御休み,おやすみ,,休むこと。,,,
sorry,B2,,御免,ごめん,,許すこと。,,,
snack,B2,,御八つ,おやつ,,軽食。,,,
welcome home,B2,,御帰り,おかえり,,帰ること。,,,
good morning,B2,,御早う,おはよう,,朝のあいさつ。,,,
stylish,B2,,御洒落,おしゃれ,,おしゃれをすること。,,,
side dish,B2,,御菜,おかず,,副菜。,,,
seeing,B2,,御覧,ごらん,,見ることの尊敬語。,,,
apology,B2,,御詫び,おわび,,謝ること。,,,
please,B2,,御願いします,おねがいします,,依頼すること。,,,
"cycle, circulation",B2,,循環,じゅんかん,,同じことを繰り返すこと。,,,
"know, understand",B2,,心得る,こころえる,,心得として理解すること。,,,
be heart-warming,B2,,心温まる,こころあたたまる,,気持ちが温かくなること。,,,
mind and body,B2,,心身,しんしん,,体と心。,,,
necessities,B2,,必需品,ひつじゅひん,,生活に欠かせない物。,,,
"answer, respond",B2,,応ずる,おうずる,,応じること。,,,
dealing with,B2,,応対,おうたい,,相手に対応すること。,,,
support,B2,,応援,おうえん,,味方すること。,,,
"application, practical use",B2,,応用,おうよう,,実際に役立てること。,,,
clear weather,B2,,快晴,かいせい,,雲のない快晴。,,,
all of a sudden,B2,,忽ち,たちまち,,短い時間で。,,,
yell,B2,,怒鳴る,どなる,,大声で叫ぶこと。,,,
think of,B2,,思い付く,おもいつく,,考えが浮かぶこと。,,,
be at a loss,B2,,思い余る,おもいあまる,,思いに余って困ること。,,,
be reminded of,B2,,思い浮かべる,おもいうかべる,,頭の中に思い描くこと。,,,
assume,B2,,思い込む,おもいこむ,,強く思い込むこと。,,,
"neglect, be off one's guard",B2,,怠る,おこたる,,怠けること。,,,
"gender, sex",B2,,性別,せいべつ,,男と女の区別。,,,
innate ability,B2,,性能,せいのう,,持っている能力。,,,
"nature, property",B2,,性質,せいしつ,,物がもつ性質。,,,
suspicious,B2,adjective,怪しい,あやしい,,不思議で疑わしいこと。,,,
"yearned for, longed for",B2,adjective,恋しい,こいしい,,会えなくてさびしいこと。,,,
"grace, blessing",B2,,恩恵,おんけい,,恵みを受けること。,,,
be blessed,B2,verb,恵まれる,めぐまれる,,よい環境を与えられること。,,,
frustrating,B2,adjective,悔しい,くやしい,,失敗などで悔しい気持ち。,,,
regret,B2,,悔やむ,くやむ,,後悔すること。,,,
"close, almost",B2,adjective,惜しい,おしい,,惜しまれること。,,,
assumption,B2,,想定,そうてい,,ある条件を想定すること。,,,
"meaning, significance",B2,,意義,いぎ,,大切な意味。,,,
"admiration, astonishment",B2,,感嘆,かんたん,,強く感心すること。,,,
impression,B2,,感想,かんそう,,感じたこと。,,,
"impression, inspiration",B2,,感激,かんげき,,深く心を動かされること。,,,
"affection, fondness",B2,,慈愛,じあい,,優しい愛情。,,,
"busy, hurried, confused",B2,adjective,慌ただしい,あわただしい,,落ち着かず慌しいこと。,,,
be in a hurry,B2,verb,慌てる,あわてる,,急いで混乱すること。,,,
"comfort, console",B2,verb,慰める,なぐさめる,,気持ちを慰めること。,,,
hate,B2,verb,憎む,にくむ,,強く嫌うこと。,,,
"hateful, horrible",B2,adjective,憎らしい,にくらしい,,憎いと思うこと。,,,
"admire, long for",B2,verb,憧れる,あこがれる,,あこがれること。,,,
nostalgic,B2,adjective,懐かしい,なつかしい,,過去を思い出して恋しいこと。,,,
component,B2,noun,成分,せいぶん,,物を構成する成分。,,,
formation,B2,noun,成立,せいりつ,,物事が成り立つこと。,,,
battlefield,B2,noun,戦場,せんじょう,,戦いの場。,,,
cupboard,B2,noun,戸棚,とだな,,食器や物を入れる棚。,,,
"here and there, several places",B2,,所々,ところどころ,,あちこちの場所。,,,
after all,B2,,所詮,しょせん,,結局。,,,
"fan, incite",B2,,扇ぐ,あおぐ,,風を送るためにあおぐこと。,,,
hand fan,B2,,扇子,せんす,,折りたためるうちわ。,,,
electric fan,B2,,扇風機,せんぷうき,,電気で風を送る機械。,,,
care,B2,,手入れ,ていれ,,物の手入れや管理。,,,
this side,B2,,手前,てまえ,,目の前。,,,
hand washing,B2,,手洗い,てあらい,,手を洗うこと。,,,
"procedure, process",B2,,手続き,てつづき,,必要な手順。,,,
wrist,B2,,手首,てくび,,手の関節の部分。,,,
briefing session,B2,,打ち合わせ,うちあわせ,,事前の相談。,,,
"deny, negate",B2,,打ち消す,うちけす,,否定すること。,,,
"crash into, strike against",B2,,打つかる,ぶつかる,,偶然ぶつかること。,,,
crash into,B2,,打つける,ぶつける,,物に強く当てること。,,,
batting average,B2,,打率,だりつ,,打撃の割合。,,,
baseball batter,B2,,打者,だしゃ,,バッター。,,,
repay,B2,,払い戻す,はらいもどす,,お金を返すこと。,,,
"deposit, pay in",B2,,払い込む,はらいこむ,,代金を支払うこと。,,,
"hear, know, be told",B2,,承る,うけたまわる,,承知することの謙譲語。,,,
"hold back, restrain",B2,,抑える,おさえる,,力を押さえること。,,,
antibody,B2,,抗体,こうたい,,体が異物に反応する物質。,,,
antigen,B2,,抗原,こうげん,,抗体に対応する物質。,,,
antibiotic,B2,,抗生剤,こうせいざい,,病気を治すための薬。,,,
antibacterial,B2,,抗菌,こうきん,,細菌を防ぐこと。,,,
antidepressant,B2,,抗鬱薬,こううつやく,,うつ病を抑える薬。,,,
with trouble,B2,,折角,せっかく,,わざわざ。,,,
"announcement, introduction",B2,,披露,ひろう,,人前で示すこと。,,,
"aspiration, ambition",B2,,抱負,ほうふ,,将来の抱き。,,,
hold down,B2,,押さえる,おさえる,,押さえつけること。,,,
abstraction,B2,,抽象,ちゅうしょう,,形のない概念。,,,
abstract,B2,,抽象的,ちゅうしょうてき,,抽象的で具体的でない様子。,,,
bear on one's shoulder,B2,,担ぐ,かつぐ,,肩に担ぐこと。,,,
anorexia,B2,,拒食症,きょしょくしょう,,食べられなくなる病気。,,,
"pay one's respects, beg",B2,,拝む,おがむ,,両手を合わせ祈ること。,,,
expansion,B2,,拡充,かくじゅう,,規模を広げ充実させること。,,,
"expansion, escape",B2,,拡張,かくちょう,,広げて大きくすること。,,,
wipe,B2,,拭く,ふく,,布などでふくこと。,,,
"bringing, taking, carrying",B2,,持参,じさん,,持って行くこと。,,,
"reservation, assignment",B2,,指定,してい,,場所などを指定すること。,,,
hover-over kana,B2,,振り仮名,ふりがな,,読み方を示す仮名。,,,
"behavior, conduct",B2,,振る舞い,ふるまい,,人の態度や行い。,,,
"behave, entertain",B2,,振る舞う,ふるまう,,行動すること。,,,
"captivate, grasp",B2,,捉える,とらえる,,心でとらえること。,,,
"capture, arrest",B2,,捕らえる,とらえる,,人を捕まえること。,,,
sweep,B2,,掃く,はく,,ほうきで掃除すること。,,,
dig,B2,,掘る,ほる,,地面を掘ること。,,,
multiplication,B2,,掛け算,かけざん,,数字の掛け算。,,,
adopt,B2,,採る,とる,,材料や人を採用すること。,,,
"marking, grading",B2,,採点,さいてん,,答案を採点すること。,,,
explore,B2,,探る,さぐる,,探し求めること。,,,
come in contact with,B2,,接する,せっする,,触れること。,,,
connection,B2,,接続,せつぞく,,つなぐこと。,,,
approaching,B2,,接近,せっきん,,近づくこと。,,,
"assumption, estimation",B2,,推定,すいてい,,推し量ること。,,,
scratch,B2,,掻く,かく,,手でかくこと。,,,
be complete,B2,,揃う,そろう,,数が揃うこと。,,,
"arrange, prepare",B2,,揃える,そろえる,,整えて揃えること。,,,
ventilation,B2,,換気,かんき,,空気を入れ替えること。,,,
friction,B2,,摩擦,まさつ,,こすれ合うこと。,,,
"stroke, pat",B2,,撫でる,なでる,,やさしくなでること。,,,
filming,B2,,撮影,さつえい,,写真や映像を撮ること。,,,
scrub,B2,,擦る,こする,,物にこすりつけること。,,,
pass by one another,B2,,擦れ違う,すれちがう,,行き違うこと。,,,
approval rating,B2,noun,支持率,しじりつ,,支持の割合。,,,
"aid, assitance",B2,,支援,しえん,,助けること。,,,
again,B2,,改めて,あらためて,,改めて行うこと。,,,
improve,B2,,改める,あらためる,,変えること。,,,
past the ticket gate,B2,,改札,かいさつ,,切符を確認する所。,,,
"revision, amendment",B2,,改正,かいせい,,法律などを改めること。,,,
remodeling,B2,,改造,かいぞう,,形を変えること。,,,
attack,B2,,攻める,せめる,,攻撃すること。,,,
"offense, menthod of attack",B2,,攻め手,せめて,,攻撃する側。,,,
"throw, hurl, toss",B2,,放る,ほうる,,物を放り出すこと。,,,
absent-mindedness,B2,,放心,ほうしん,,心がぼんやりすること。,,,
arson,B2,,放火,ほうか,,火を放つこと。,,,
political party,B2,,政党,せいとう,,政治上の団体。,,,
"relief, aid",B2,,救助,きゅうじょ,,助けること。,,,
"be taught, learn",B2,,教わる,おそわる,,人に教わること。,,,
adherent,B2,,教徒,きょうと,,特定の宗教を信じる人。,,,
scatter,B2,,散らかす,ちらかす,,散らすこと。,,,
be scattered around,B2,,散らかる,ちらかる,,散らかっていること。,,,
be scattered,B2,,散る,ちる,,花が散ること。,,,
"respect, revere, honor",B2,,敬う,うやまう,,尊敬すること。,,,
respect language,B2,,敬語,けいご,,敬意を表す言葉。,,,
be arranged,B2,,整う,ととのう,,整うこと。,,,
integer,B2,,整数,せいすう,,割り切れる数。,,,
spread out,B2,,敷く,しく,,敷き物を置くこと。,,,
"site, plot",B2,,敷地,しきち,,建物の敷地。,,,
literary style,B2,,文体,ぶんたい,,文章の文体。,,,
stationery,B2,,文房具,ぶんぼうぐ,,勉強に使う道具。,,,
context,B2,,文脈,ぶんみゃく,,文章の流れ。,,,
diagonal,B2,,斜め,ななめ,,斜めの方向。,,,
"cut down, kill",B2,,斬る,きる,,刀で切ること。,,,
"affirmation, declaration",B2,,断定,だんてい,,断言すること。,,,
water outage,B2,,断水,だんすい,,水の供給が止まること。,,,
bullet train,B2,,新幹線,しんかんせん,,高速鉄道。,,,
"direction, way, method",B2,,方角,ほうかく,,方向。,,,
dialect,B2,,方言,ほうげん,,地域の言葉。,,,
policy,B2,,方針,ほうしん,,方針。,,,
direction,B2,,方面,ほうめん,,方面や分野。,,,
sunlight,B2,,日差し,ひざし,,日の光。,,,
date and time,B2,,日時,にちじ,,日時。,,,
daily necessities,B2,,日用品,にちようひん,,日常使う品物。,,,
"schedule, agenda",B2,,日程,にってい,,日々の予定。,,,
daily routine,B2,,日課,にっか,,日ごとの課題。,,,
fast-talking,B2,,早口,はやくち,,速い口調。,,,
immediately,B2,,早速,さっそく,,すぐに。,,,
two days after tomorrow,B2,,明々後日,しあさって,,明日より二日後。,,,
dawn,B2,,明け方,あけがた,,夜明け前。,,,
astrology,B2,,星占い,ほしうらない,,占星術で占うこと。,,,
reflect,B2,,映す,うつす,,映して見せること。,,,
be reflected,B2,,映る,うつる,,映ること。,,,
beginning of spring,B2,,春先,はるさき,,春の始まり。,,,
by all means,B2,,是非とも,ぜひとも,,強い願い。,,,
midday nap,B2,,昼寝,ひるね,,昼間の短い眠り。,,,
popularization,B2,,普及,ふきゅう,,広がること。,,,
get warm,B2,,暖まる,あたたまる,,温まること。,,,
warm something up,B2,,暖める,あたためる,,温めること。,,,
assassin,B2,,暗殺者,あんさつしゃ,,人を暗殺する者。,,,
rampage,B2,,暴れる,あばれる,,乱暴に動くこと。,,,
assault,B2,,暴行,ぼうこう,,暴力を加えること。,,,
vague,B2,,曖昧,あいまい,,はっきりしないこと。,,,
bend,B2,,曲げる,まげる,,曲げること。,,,
curve,B2,,曲線,きょくせん,,曲線。,,,
get late,B2,,更ける,ふける,,夜が更けること。,,,
transcription,B2,,書き取り,かきとり,,書き写すこと。,,,
bookstore,B2,,書店,しょてん,,本を売る店。,,,
registered mail,B2,,書留,かきとめ,,記録を残す郵便。,,,
"book, publication",B2,,書籍,しょせき,,本。,,,
calligraphy,B2,,書道,しょどう,,書の芸術。,,,
"succeed, replace",B2,,替わる,かわる,,別の物に変わること。,,,
end of the month,B2,,月末,げつまつ,,月の終わり。,,,
monthly salary,B2,,月給,げっきゅう,,月ごとの給料。,,,
charging a fee,B2,,有料,ゆうりょう,,料金が必要なこと。,,,
presence or absence,B2,,有無,うむ,,あるかないか。,,,
"thankful, grateful",B2,,有難い,ありがたい,,恩恵を受けて感謝する気持ち。,,,
attire,B2,,服飾,ふくしょく,,身につける装いに関すること。,,,
telescope,B2,,望遠鏡,ぼうえんきょう,,遠くを観察するための道具。,,,
deadline,B2,,期限,きげん,,あらかじめ定められた期日。,,,
lumber,B2,,木材,もくざい,,建築や家具に使う木の材料。,,,
insufficient,B2,,未満,みまん,,ある数量に達していないこと。,,,
by nature,B2,,本来,ほんらい,,本質的な性質。,,,
"headquarters, main office",B2,,本部,ほんぶ,,中心となる部署。,,,
Japanese cedar,B2,,杉,すぎ,,針葉樹の一種。,,,
lumber,B2,,材木,ざいもく,,切り出した木の材料。,,,
"article, provision",B2,,条,じょう,,文章や法律を構成する一節。,,,
afterlife,B2,,来世,らいせ,,死後の世界。,,,
coming to Japan,B2,,来日,らいにち,,外国から日本へ来ること。,,,
Orient,B2,,東洋,とうよう,,アジアの東側の地域。,,,
pillow,B2,,枕,まくら,,頭の下に敷く寝具。,,,
"who can say, actually, ever",B2,,果たして,はたして,,結果がどうなるか実際に確かめるさま。,,,
"fruit, results",B2,,果実,かじつ,,食用になる果物。,,,
axle,B2,,枢軸,すうじく,,中心となる軸。,,,
Axis powers,B2,,枢軸国,すうじくこく,,第二次世界大戦での特定の国々の同盟。,,,
"overhead, imaginary",B2,,架空,かくう,,想像上のもの。,,,
"bottle cap, cork, stopper",B2,,栓,せん,,液体や気体を通すための道具。,,,
be rooted,B2,,根ざす,ねざす,,基盤として根を下ろすこと。,,,
"basis, root, essence",B2,,根幹,こんかん,,中心となる部分。,,,
particular,B2,,格別,かくべつ,,特に際立っていること。,,,
digit,B2,,桁,けた,,数を表す位。,,,
"unexpected, surprising",B2,,案外,あんがい,,予想外であるさま。,,,
ladder,B2,,梯子,はしご,,高い所に上るための道具。,,,
woodlands,B2,,森林,しんりん,,木が生い茂る地域。,,,
wooden bowl,B2,,椀,わん,,汁物などを入れる小さな器。,,,
garden shrubs,B2,,植木,うえき,,庭や鉢に植えられた木。,,,
"ellipse, oval",B2,,楕円,だえん,,長円形。,,,
musical instrument,B2,,楽器,がっき,,音楽を奏でるための道具。,,,
approximation,B2,noun,概算,がいさん,,おおよその計算。,,,
introduction,B2,,概論,がいろん,,全体をまとめた説明。,,,
structure,B2,,構造,こうぞう,,組み立てられた仕組み。,,,
"example, sample",B2,,標本,ひょうほん,,研究用に集められた例。,,,
standard,B2,,標準,ひょうじゅん,,基準となるもの。,,,
sign,B2,,標識,ひょうしき,,目印や案内を示す表示。,,,
locomotive,B2,,機関車,きかんしゃ,,蒸気機関で走る車両。,,,
comb,B2,,櫛,くし,,髪をとかす道具。,,,
"field, column",B2,,欄,らん,,記事や表を記す区切り。,,,
bannister,B2,,欄干,らんかん,,橋や縁側の手すり。,,,
yawn,B2,,欠伸,あくび,,口を大きく開けて息を吸う動作。,,,
come after,B2,,次ぐ,つぐ,,次に続くこと。,,,
"Europe and America, the West",B2,,欧米,おうべい,,ヨーロッパとアメリカ。,,,
greed,B2,,欲張り,よくばり,,欲を多く求めること。,,,
Japanese playing cards,B2,,歌留多,かるた,,日本の伝統的な遊戯札。,,,
"song, ballad",B2,,歌謡,かよう,,伝統的な歌。,,,
square,B2,,正方形,せいほうけい,,四つの辺と角が等しい形。,,,
main gate,B2,,正門,せいもん,,学校などの正面にある門。,,,
"front, facade",B2,,正面,しょうめん,,真正面。,,,
"warrior, samurai",B2,,武士,ぶし,,武装した武家。,,,
moving gear,B2,,歯車,はぐるま,,歯車の形をした機械部品。,,,
corpse,B2,,死体,したい,,命を失った体。,,,
punch,B2,,殴る,なぐる,,こぶしなどで強く打つこと。,,,
stage,B2,,段階,だんかい,,物事が進む段階。,,,
"shell, husk",B2,,殻,から,,外側の硬い部分。,,,
every time,B2,,毎度,まいど,,繰り返される出来事。,,,
"allegory, metaphor",B2,,比喩,ひゆ,,たとえによる表現。,,,
relatively,B2,,比較的,ひかくてき,,割合的に比べたさま。,,,
fur,B2,,毛皮,けがわ,,動物の皮。,,,
knitting wool,B2,,毛糸,けいと,,毛で作られた糸。,,,
folk song,B2,,民謡,みんよう,,地域に伝わる歌。,,,
private,B2,,民間,みんかん,,政府に属さないこと。,,,
take care,B2,,気を付ける,きをつける,,注意すること。,,,
awkward,B2,,気不味い,きまずい,,場の空気が悪いこと。,,,
gas,B2,,気体,きたい,,気体の状態。,,,
atmospheric pressure,B2,,気圧,きあつ,,空気の圧力。,,,
"air pipe, trachea",B2,,気管,きかん,,呼吸の通り道。,,,
"indication, sign, hint",B2,,気配,けはい,,様子がうかがえること。,,,
"fluid, moisture",B2,,水分,すいぶん,,液体を含む成分。,,,
"horizontal, level, even",B2,,水平,すいへい,,地面と平らなこと。,,,
Mercury,B2,,水星,すいせい,,太陽系の惑星の一つ。,,,
water droplet,B2,,水滴,すいてき,,水滴。,,,
water bottle,B2,,水筒,すいとう,,携帯用の容器。,,,
hydrogen,B2,,水素,すいそ,,化学元素の一つ。,,,
"juice, soup",B2,,汁,しる,,料理などの汁。,,,
make dirty,B2,,汚す,よごす,,汚れをつけること。,,,
"deeply, fully",B2,,沁み沁み,しみじみ,,心に深くしみること。,,,
carelessness,B2,,油断,ゆだん,,注意を怠ること。,,,
"put up, give shelter to",B2,,泊める,とめる,,人を泊めること。,,,
"law, rule",B2,,法則,ほうそく,,決まったきまり。,,,
annotation,B2,,注釈,ちゅうしゃく,,補足する説明。,,,
detergent,B2,,洗剤,せんざい,,汚れを落とすための薬剤。,,,
vitality,B2,,活力,かつりょく,,元気の源。,,,
"activation, revitalization",B2,,活性化,かっせいか,,活動を活発にすること。,,,
"activity, great efforts",B2,,活躍,かつやく,,目立って活動すること。,,,
"showy, flashy",B2,,派手,はで,,色や形が派手なこと。,,,
as expected,B2,,流石,さすが,,なるほどと思わせること。,,,
"be popular, be going around",B2,,流行る,はやる,,流行すること。,,,
float,B2,,浮かぶ,うかぶ,,頭に浮かぶこと。,,,
set afloat,B2,,浮かべる,うかべる,,浮かんでいる状態にすること。,,,
float,B2,,浮く,うく,,水面に浮かぶこと。,,,
bathtub,B2,,浴槽,よくそう,,人が入って湯を浴びる大きな器。,,,
informal kimono,B2,,浴衣,ゆかた,,日本の伝統的な衣服。,,,
swimming in the ocean,B2,,海水浴,かいすいよく,,海で泳ぐこと。,,,
ocean,B2,,海洋,かいよう,,大きな海。,,,
be submerged,B2,,浸かる,つかる,,水に深く浸ること。,,,
"bask, be lost in",B2,,浸る,ひたる,,長く水に浸ること。,,,
digestion,B2,,消化,しょうか,,食べ物を分解する作用。,,,
"passive, negative",B2,,消極的,しょうきょくてき,,積極性に欠けること。,,,
disinfectant,B2,,消毒,しょうどく,,殺菌のための処理。,,,
fire station,B2,,消防署,しょうぼうしょ,,火事を防ぐための施設。,,,
liquid,B2,,液体,えきたい,,液状の物。,,,
cool off,B2,,涼む,すずむ,,涼しさを味わうこと。,,,
fresh water,B2,,淡水,たんすい,,塩を含まない水。,,,
deepen,B2,,深まる,ふかまる,,深まりを増すこと。,,,
"midnight, late at night",B2,,深夜,しんや,,夜が遅くなった時刻。,,,
be mixed,B2,,混ざる,まざる,,異なるものが混じること。,,,
mix,B2,,混ぜる,まぜる,,混ぜ合わせること。,,,
mixing,B2,,混合,こんごう,,二つ以上の物を合わせること。,,,
"be mixed up, be crossed",B2,,混線,こんせん,,電線などが入り乱れること。,,,
attaching,B2,,添付,てんぷ,,資料などを添えること。,,,
"be glad, feel relieved",B2,,清々,せいせい,,気分がさわやかなこと。,,,
"clear, clean, pure",B2,,清い,きよい,,汚れのない心。,,,
cleaning,B2,,清掃,せいそう,,掃除すること。,,,
"clean copy, fresh copy",B2,,清書,せいしょ,,きれいに清書すること。,,,
get warmed up,B2,,温まる,あたたまる,,体が温かくなること。,,,
warm something up,B2,,温める,あたためる,,物を温めること。,,,
greenhouse,B2,,温室,おんしつ,,温度を保つ建物。,,,
temperate zone,B2,,温帯,おんたい,,温帯の気候。,,,
hot spring,B2,,温泉,おんせん,,地中から湧き出る温水。,,,
measurement,B2,,測定,そくてい,,長さなどを測ること。,,,
surveying,B2,,測量,そくりょう,,測量の作業。,,,
"breed, boil",B2,,湧く,わく,,水や湯が湧き出ること。,,,
teacup,B2,,湯呑み,ゆのみ,,茶を飲むための器。,,,
"steam, vapor",B2,,湯気,ゆげ,,湯から立つ蒸気。,,,
be damp,B2,,湿る,しめる,,湿り気を帯びること。,,,
humidity,B2,,湿度,しつど,,空気中の湿り気の度合い。,,,
dampness,B2,,湿気,しっけ,,空気に含まれる水分。,,,
full house,B2,,満員,まんいん,,人がいっぱいで余裕がないこと。,,,
perfect score,B2,,満点,まんてん,,満点の成績。,,,
"accumulate, be gathered",B2,,溜まる,たまる,,中にたまること。,,,
"accumulate, gather something",B2,,溜める,ためる,,ため込むこと。,,,
sigh,B2,,溜息,ためいき,,深いため息。,,,
dissolve,B2,,溶かす,とかす,,熱で物を溶かすこと。,,,
melt,B2,,溶く,とく,,液体にすること。,,,
"melt, thaw",B2,,溶ける,とける,,液体になること。,,,
adapt to,B2,,溶け込む,とけこむ,,環境に溶け入ること。,,,
lava,B2,,溶岩,ようがん,,火山から出る溶けた岩。,,,
"be slippery, be slimy",B2,,滑る,ぬめる,,地面などですべること。,,,
waterfall,B2,,滝,たき,,高い所から落ちる水。,,,
fisherman,B2,,漁師,りょうし,,魚をとる人。,,,
fishing industry,B2,,漁業,ぎょぎょう,,魚をとる産業。,,,
theater,B2,,演劇,えんげき,,舞台での演技。,,,
China and Japan,B2,,漢和,かんわ,,漢字と和語の関係を表すこと。,,,
"finally, at last",B2,,漸く,ようやく,,やっとのこと。,,,
dive,B2,,潜る,もぐる,,水中に入ること。,,,
crush,B2,,潰す,つぶす,,つぶすこと。,,,
be crushed,B2,,潰れる,つぶれる,,こわれること。,,,
"concentration, density",B2,,濃度,のうど,,濃さの度合い。,,,
"soak, make wet",B2,,濡らす,ぬらす,,水などでぬらすこと。,,,
burn,B2,,火傷,やけど,,高温で皮膚を傷めること。,,,
volcano,B2,,火山,かざん,,地面から噴き出る山。,,,
be lit,B2,,灯る,ともる,,光がともること。,,,
lighthouse,B2,,灯台,とうだい,,船の目印となる建物。,,,
"lamp oil, kerosene",B2,,灯油,とうゆ,,燃料としての油。,,,
gray,B2,,灰色,はいいろ,,灰のような色。,,,
misfortune,B2,,災難,さいなん,,思いがけず降りかかる不幸。,,,
cook grains,B2,,炊く,たく,,米などを火で炊くこと。,,,
cooking,B2,,炊事,すいじ,,家庭で行う料理や片付け。,,,
coal mining,B2,,炭鉱,たんこう,,石炭を掘り出す鉱山。,,,
turned on,B2,,点く,つく,,明かりがつくこと。,,,
turn on,B2,,点ける,つける,,明かりをつけること。,,,
"grade, score",B2,,点数,てんすう,,得点の数。,,,
apathy,B2,,無気力,むきりょく,,やる気をなくしていること。,,,
against one's will,B2,,無理矢理,むりやり,,強制的に行うさま。,,,
limitless,B2,,無限,むげん,,限りがないこと。,,,
burn,B2,,焦げる,こげる,,焼け焦げること。,,,
focus,B2,,焦点,しょうてん,,注意や関心の中心。,,,
brick,B2,,煉瓦,れんが,,赤茶色の建材。,,,
smoky,B2,,煙い,けむい,,煙が多くて息苦しいこと。,,,
chimney,B2,,煙突,えんとつ,,煙を逃がすための高い筒。,,,
shine,B2,,照らす,てらす,,光を当てること。,,,
"shine, look upwards",B2,,照る,てる,,日が照ること。,,,
"simmer, boil, cook",B2,,煮る,にる,,水などを火で煮ること。,,,
idiom,B2,,熟語,じゅくご,,二つ以上の漢字からなる語。,,,
heat up,B2,,熱する,ねっする,,熱を加えること。,,,
"ardent, passionate",B2,,熱烈,ねつれつ,,気持ちが非常に強いこと。,,,
burn,B2,,燃やす,もやす,,火をつけて燃やすこと。,,,
fingernail,B2,,爪,つめ,,指の先にある硬い部分。,,,
"mother and father, parents",B2,,父母,ふぼ,,父と母。,,,
"fresh, refreshing",B2,,爽やか,さわやか,,気分がすっきりして快いこと。,,,
be tidied up,B2,,片付く,かたづく,,整理されること。,,,
katakana syllabary,B2,,片仮名,かたかな,,日本語の表音文字の一種。,,,
one-way trip,B2,,片道,かたみち,,片方の道だけ。,,,
ranch,B2,,牧場,ぼくじょう,,家畜を飼う場所。,,,
stock farming,B2,,牧畜,ぼくちく,,家畜を育てること。,,,
"article, thing",B2,,物件,ぶっけん,,不動産としての建物や土地。,,,
"ruler, measure",B2,,物差し,ものさし,,長さを測る道具。,,,
storage room,B2,,物置,ものおき,,物を置く場所。,,,
"dangerous, troubled, disturbed",B2,,物騒,ぶっそう,,危険で不安なこと。,,,
special sale,B2,,特売,とくばい,,特別に安く売ること。,,,
specific,B2,,特定,とくてい,,特に定めること。,,,
special,B2,,特殊,とくしゅ,,普通と異なるさま。,,,
"characteristic, feature",B2,,特色,とくしょく,,他と違って目立つ点。,,,
"forte, strength",B2,,特長,とくちょう,,優れている点。,,,
"aim at, be after",B2,,狙う,ねらう,,狙って行動すること。,,,
talking to oneself,B2,,独り言,ひとりごと,,自分に向かって話す言葉。,,,
be flustered,B2,,狼狽える,うろたえる,,あわてて混乱すること。,,,
menu,B2,,献立,こんだて,,料理の献立表。,,,
frank,B2,,率直,そっちょく,,飾り気のないこと。,,,
princess,B2,,王女,おうじょ,,王家の娘。,,,
actually,B2,,現に,げんに,,実際に。,,,
baseball stadium,B2,,球場,きゅうじょう,,野球を行う競技場。,,,
science,B2,,理科,りか,,学校の理科の教科。,,,
roof tile,B2,,瓦,かわら,,屋根に使う焼き物。,,,
spoil,B2,,甘やかす,あまやかす,,大事にしすぎること。,,,
sprout,B2,,生える,はえる,,草木が生えること。,,,
"lively, fresh",B2,,生き生き,いきいき,,元気で活発なさま。,,,
ginger,B2,,生姜,しょうが,,香辛料の一つ。,,,
survival,B2,,生存,せいぞん,,生き続けること。,,,
date of birth,B2,,生年月日,せいねんがっぴ,,誕生日を表す年月日。,,,
"brazen, cheeky",B2,,生意気,なまいき,,生意気な態度。,,,
plant growth,B2,,生長,せいちょう,,植物が育って大きくなること。,,,
area of production,B2,,産地,さんち,,農産物を生み出す場所。,,,
term,B2,,用語,ようご,,特定の分野の用語。,,,
"use, service, purpose",B2,,用途,ようと,,使い道。,,,
"rice field, farm",B2,,田圃,たんぼ,,稲を植える田。,,,
rice plant,B2,,田植え,たうえ,,稲を植える作業。,,,
application for something,B2,,申請,しんせい,,役所に申し出ること。,,,
art book,B2,,画集,がしゅう,,絵を集めた本。,,,
certainly,B2,,畏まりました,かしこまりました,,丁寧な承諾の言葉。,,,
house-sitting,B2,,留守番,るすばん,,留守の間、家を守ること。,,,
abbreviate,B2,,略す,りゃくす,,短くすること。,,,
house number,B2,,番地,ばんち,,土地や家の番号。,,,
another name,B2,,異称,いしょう,,別名。,,,
itchy,B2,,痒い,かゆい,,かゆさを感じること。,,,
and yet,B2,,癖に,くせに,,予想に反して～なのに、という意味を持つ語。,,,
product release,B2,,発売,はつばい,,商品を市場に出すこと。,,,
"shooting, firing, discharge",B2,,発射,はっしゃ,,弾を発射すること。,,,
"conception, way of thinking",B2,,発想,はっそう,,考えを思いつくこと。,,,
demonstration,B2,,発揮,はっき,,能力を十分に示すこと。,,,
electricity generation,B2,,発電,はつでん,,電気を作ること。,,,
make an appearance,B2,,登場,とうじょう,,舞台などに登場すること。,,,
white hair,B2,,白髪,しらが,,年を取って髪が白くなること。,,,
encyclopedia,B2,,百科事典,ひゃっかじてん,,多くの知識を集めた辞典。,,,
accurate,B2,,的確,てきかく,,適切で確かなこと。,,,
irony,B2,,皮肉,ひにく,,嫌味や皮肉な言葉。,,,
skin,B2,,皮膚,ひふ,,体を覆う皮。,,,
"tray, basin",B2,,盆,ぼん,,供え物などを置く台。,,,
basin,B2,,盆地,ぼんち,,山に囲まれた平地。,,,
banditry,B2,,盗賊,とうぞく,,盗みを働く人。,,,
theft,B2,,盗難,とうなん,,盗まれること。,,,
"serve, heap",B2,,盛る,もる,,料理を器に盛ること。,,,
superiors,B2,,目上,めうえ,,年上の人。,,,
"happy, joyous",B2,,目出度い,めでたい,,祝いにふさわしいこと。,,,
landmark,B2,,目印,めじるし,,見分ける目印。,,,
aim at,B2,,目指す,めざす,,目標に向けて努力すること。,,,
table of contents,B2,,目次,もくじ,,本の内容を示す表。,,,
"dizziness, vertigo",B2,,目眩,めまい,,めまいを感じること。,,,
stand out,B2,,目立つ,めだつ,,目立って見えること。,,,
"absurd, crazy",B2,,目茶苦茶,めちゃくちゃ,,混乱して滅茶苦茶なこと。,,,
alarm clock,B2,,目覚まし,めざまし,,起きる時間を知らせる道具。,,,
immediately before,B2,,直前,ちょくぜん,,直前の時期。,,,
diameter,B2,,直径,ちょっけい,,円の直径。,,,
immediately following,B2,,直後,ちょくご,,直後の時期。,,,
straight line,B2,,直線,ちょくせん,,まっすぐな線。,,,
right angle,B2,,直角,ちょっかく,,直角の角度。,,,
"mutual, reciprocal",B2,,相互,そうご,,互いに関係し合うこと。,,,
as usual,B2,,相変わらず,あいかわらず,,変わらず同じ状態。,,,
sumo,B2,,相撲,すもう,,日本の伝統的な格闘技。,,,
"difference, variation",B2,,相違,そうい,,違い。,,,
omission,B2,,省略,しょうりゃく,,省いて簡単にすること。,,,
signboard,B2,,看板,かんばん,,建物や店の表示板。,,,
prefectural office,B2,,県庁,けんちょう,,都道府県の役所。,,,
snow white,B2,,真っ白,まっしろ,,まっ白なさま。,,,
pitch black,B2,,真っ黒,まっくろ,,まっ黒なさま。,,,
vacuum,B2,,真空,しんくう,,空気や物質がない状態。,,,
dazzling,B2,,眩しい,まぶしい,,強い光で目がくらむさま。,,,
steadily,B2,,着々,ちゃくちゃく,,順調に進むこと。,,,
dress someone,B2,,着せる,きせる,,服を着せること。,,,
changing clothes,B2,,着替え,きがえ,,着る物を取り替えること。,,,
"stare, glare",B2,,睨む,にらむ,,鋭い視線を向けること。,,,
eyelid,B2,,瞼,まぶた,,まぶた。,,,
contradiction,B2,,矛盾,むじゅん,,二つのことが食い違うこと。,,,
arrowhead,B2,,矢先,やさき,,物事が起きる直前。,,,
arrow symbol,B2,,矢印,やじるし,,方向を示す印。,,,
acquaintance,B2,,知り合い,しりあい,,知っている相手。,,,
"friend, acquaintance",B2,,知人,ちじん,,知っている人。,,,
short-term,B2,,短期,たんき,,短い期間。,,,
training,B2,,研修,けんしゅう,,研修を受けること。,,,
crush,B2,,砕く,くだく,,小さく砕くこと。,,,
break into pieces,B2,,砕ける,くだける,,砕けて小さくなること。,,,
"break, tear",B2,,破れる,やぶれる,,破れて壊れること。,,,
shard,B2,,破片,はへん,,壊れたかけら。,,,
probability,B2,,確率,かくりつ,,起こる可能性の割合。,,,
magnet,B2,,磁石,じしゃく,,磁力を持つ鉱石。,,,
social science,B2,,社会科学,しゃかいかがく,,社会を研究する学問。,,,
editorial,B2,,社説,しゃせつ,,新聞などの意見文。,,,
ancestor,B2,,祖,そ,,祖父母など先の世代。,,,
ancestor,B2,,祖先,そせん,,先祖。,,,
holiday,B2,,祝日,しゅくじつ,,祝日として休む日。,,,
God,B2,,神様,かみさま,,信仰の対象。,,,
"myth, legend",B2,,神話,しんわ,,伝説的な話。,,,
enshrine,B2,,祭る,まつる,,神を祀ること。,,,
altar,B2,,祭壇,さいだん,,神にささげる台。,,,
alcohol ban,B2,,禁酒,きんしゅ,,酒を禁止すること。,,,
be bald,B2,,禿げる,はげる,,髪が抜け落ちること。,,,
private,B2,,私立,しりつ,,民間が運営すること。,,,
private railroad,B2,,私鉄,してつ,,私企業の鉄道。,,,
autumnal equinox,B2,,秋分,しゅうぶん,,,,,
scale,B2,,秤,はかり,,重さを測る道具。,,,
relocation,B2,,移転,いてん,,場所を移すこと。,,,
"rare, seldom",B2,,稀,まれ,,めったにないこと。,,,
customs,B2,,税関,ぜいかん,,,,,
training,B2,,稽古,けいこ,,,,,
build up,B2,,積む,つむ,,,,,
"empty, hollow",B2,,空っぽ,からっぽ,,,,,
in the sky,B2,,空中,くうちゅう,,,,,
"fantasy, vision, daydream",B2,,空想,くうそう,,,,,
airstrike,B2,,空襲,くうしゅう,,,,,
air force,B2,,空軍,くうぐん,,,,,
"stab, thrust",B2,,突く,つく,,,,,
push into,B2,,突っ込む,つっこむ,,,,,
ticket window,B2,,窓口,まどぐち,,,,,
"stop, come to a halt",B2,,立ち止まる,たちどまる,,,,,
fairy tale,B2,,童話,どうわ,,,,,
horse racing,B2,,競馬,けいば,,,,,
bamboo,B2,,竹,たけ,,,,,
code,B2,,符号,ふごう,,,,,
"writer, author",B2,,筆者,ひっしゃ,,,,,
writing,B2,,筆記,ひっき,,,,,
equal parts,B2,,等分,とうぶん,,,,,
"passage, place, point",B2,,箇所,かしょ,,,,,
broom,B2,,箒,ほうき,,,,,
bamboo screen,B2,,簾,すだれ,,,,,
American military,B2,,米軍,べいぐん,,,,,
grain,B2,,粒,つぶ,,,,,
be sticky,B2,,粘つく,ねばつく,,,,,
adhesion,B2,,粘着,ねんちゃく,,,,,
"glue, paste",B2,,糊,のり,,,,,
"system, family line",B2,,系統,けいとう,,,,,
fall foliage,B2,,紅葉,こうよう,,,,,
purity of heart,B2,,純情,じゅんじょう,,,,,
pure,B2,,純粋,じゅんすい,,,,,
wastepaper,B2,,紙屑,かみくず,,,,,
"bill, note",B2,,紙幣,しへい,,,,,
novice,B2,,素人,しろうと,,,,,
obedient,B2,,素直,すなお,,,,,
qualities,B2,,素質,そしつ,,,,,
index,B2,,索引,さくいん,,,,,
purple,B2,,紫,むらさき,,,,,
"navy blue, deep blue",B2,,紺,こん,,,,,
termination,B2,,終了,しゅうりょう,,,,,
last stop,B2,,終点,しゅうてん,,,,,
combination,B2,,組み合わせ,くみあわせ,,,,,
assemble,B2,,組み立てる,くみたてる,,,,,
longitude,B2,,経度,けいど,,,,,
"wring out, squeeze",B2,,絞る,しぼる,,,,,
"salary, pay",B2,,給与,きゅうよ,,,,,
"carpet, rug",B2,,絨毯,じゅうたん,,,,,
"unity, unification",B2,,統一,とういつ,,,,,
statistics,B2,,統計,とうけい,,,,,
paint,B2,,絵具,えのぐ,,,,,
"constantly, always",B2,,絶えず,たえず,,,,,
continuation,B2,,継続,けいぞく,,,,,
"successively, one after another",B2,,続々,ぞくぞく,,,,,
prime minister,B2,,総理大臣,そうりだいじん,,,,,
track,B2,,線路,せんろ,,,,,
deadline,B2,,締め切り,しめきり,,,,,
"cut off, close up",B2,,締め切る,しめきる,,,,,
knitting,B2,,編み物,あみもの,,,,,
"knit, braid",B2,,編む,あむ,,,,,
"admission, annexation",B2,,編入,へんにゅう,,,,,
editing,B2,,編集,へんしゅう,,,,,
loose,B2,,緩い,ゆるい,,,,,
latitude,B2,,緯度,いど,,,,,
stripe,B2,,縞,しま,,,,,
sew,B2,,縫う,ぬう,,,,,
shrink,B2,,縮む,ちぢむ,,,,,
shorten,B2,,縮める,ちぢめる,,,,,
"be curled, be frizzy",B2,,縮れる,ちぢれる,,,,,
reduction,B2,,縮小,しゅくしょう,,,,,
connection,B2,,繋がり,つながり,,,,,
be connected,B2,,繋がる,つながる,,,,,
connect,B2,,繋げる,つなげる,,,,,
be settled,B2,,纏まる,まとまる,,,,,
summarize,B2,,纏める,まとめる,,,,,
canned food,B2,,缶詰,かんづめ,,,,,
wool,B2,,羊毛,ようもう,,,,,
outward beauty,B2,,美容,びよう,,,,,
herd,B2,,群れ,むれ,,,,,
"envious, jealous",B2,,羨ましい,うらやましい,,,,,
envy,B2,,羨む,うらやむ,,,,,
penmanship,B2,,習字,しゅうじ,,,,,
ageing,B2,,老化,ろうか,,,,,
put up with,B2,,耐える,たえる,,,,,
"artisan, craftsman",B2,,職人,しょくにん,,,,,
underwear,B2,,肌着,はだぎ,,,,,
elbow,B2,,肘,ひじ,,,,,
armrest,B2,,肘掛け,ひじかけ,,,,,
anus,B2,,肛門,こうもん,,,,,
affirmation,B2,,肯定,こうてい,,,,,
"affirmative, position",B2,,肯定的,こうていてき,,,,,
childcare,B2,,育児,いくじ,,,,,
"appetizer, appetizer served with drinks",B2,,肴,さかな,,,,,
carry on one's back,B2,,背負う,せおう,,,,,
pepper,B2,,胡椒,こしょう,,,,,
efficiency,B2,,能率,のうりつ,,,,,
"fat, lard",B2,,脂,あぶら,,,,,
"scare, frighten",B2,,脅かす,おどかす,,,,,
derailment,B2,,脱線,だっせん,,,,,
"seat, bench",B2,,腰掛け,こちかけ,,,,,
sit down,B2,,腰掛ける,こしかける,,,,,
"swell, expand",B2,,膨らむ,ふくらむ,,,,,
"swelling, expansion, huge",B2,,膨大,ぼうだい,,,,,
belly button,B2,,臍,へそ,,,,,
"temporary, provisional",B2,,臨時,りんじ,,,,,
autobiography,B2,,自伝,じでん,,,,,
automatic,B2,,自動的,じどうてき,,,,,
self-governance,B2,,自治,じち,,,,,
natural sciences,B2,,自然科学,しぜんかがく,,,,,
self-defense,B2,,自衛,じえい,,,,,
acknowledgement,B2,,自認,じにん,,,,,
smell bad,B2,,臭う,におう,,,,,
urgency,B2,,至急,しきゅう,,,,,
ball,B2,,舞踏会,ぶとうかい,,,,,
aircraft,B2,,航空機,こうくうき,,,,,
surface mail,B2,,船便,ふなびん,,,,,
"attractive, sexy",B2,,色っぽい,いろっぽい,,,,,
core,B2,,芯,しん,,,,,
bride,B2,,花嫁,はなよめ,,,,,
fireworks,B2,,花火,はなび,,,,,
public entertainment,B2,,芸能,げいのう,,,,,
artistic,B2,,芸術的,げいじゅつてき,,,,,
youthful,B2,,若々しい,わかわかしい,,,,,
"pains, efforts",B2,,苦心,くしん,,,,,
"agony, suffering",B2,,苦悩,くのう,,,,,
complaint,B2,,苦情,くじょう,,,,,
English-Japanese,B2,,英和,えいわ,,,,,
English text,B2,,英文,えいぶん,,,,,
Anglosphere,B2,,英語圏,えいごけん,,,,,
be thick with,B2,,茂る,しげる,,,,,
boil,B2,,茹でる,ゆでる,,,,,
get tired,B2,,草臥れる,くたびれる,,,,,
"choppy, intense",B2,,荒い,あらい,,,,,
"calm down, settle down",B2,,落ち着く,おちつく,,,,,
failing to proceed,B2,,落第,らくだい,,,,,
"write, publish",B2,,著す,あらわす,,,,,
funeral service,B2,,葬式,そうしき,,,,,
hot and humid,B2,,蒸し暑い,むしあつい,,,,,
steam,B2,,蒸す,むす,,,,,
"steam, vapor",B2,,蒸気,じょうき,,,,,
evaporation,B2,,蒸発,じょうはつ,,,,,
"store, save up, stock up",B2,,蓄える,たくわえる,,,,,
"lid, cover",B2,,蓋,ふた,,,,,
buckwheat,B2,,蕎麦,そば,,,,,
dilute,B2,verb,薄める,うすめる,,,,,
"dim, gloomy",B2,adjective,薄暗い,うすぐらい,,,,,
"medicine, drugs",B2,noun,薬品,やくひん,,,,,
pharmacy,B2,noun,薬局,やっきょく,,,,,
ring finger,B2,noun,薬指,くすりゆび,,,,,
kettle,B2,noun,薬缶,やかん,,,,,
abuse,B2,,虐待,ぎゃくたい,,,,,
appendicitis,B2,,虫垂炎,ちゅうすいえん,,,,,
rainbow,B2,,虹,にじ,,,,,
mosquito,B2,,蚊,か,,,,,
faucet,B2,,蛇口,じゃぐち,,,,,
bee,B2,,蜂,はち,,,,,
candle,B2,,蝋燭,ろうそく,,,,,
bat,B2,,蝙蝠,こうもり,,,,,
screw,B2,,螺子,ねじ,,,,,
blood pressure,B2,,血圧,けつあつ,,,,,
blood,B2,,血液,けつえき,,,,,
all of a sudden,B2,,行き成り,いきなり,,,,,
event,B2,,行事,ぎょうじ,,,,,
"matrix, parade, line",B2,,行列,ぎょうれつ,,,,,
administrative body,B2,,行政機関,ぎょうせいきかん,,,,,
street corner,B2,,街角,まちかど,,,,,
"food, clothing, and shelter",B2,,衣食住,いしょくじゅう,,,,,
"assertion, declaration",B2,,表明,ひょうめい,,,,,
cover,B2,,表紙,ひょうし,,,,,
cover,B2,,被せる,かぶせる,,,,,
sewing,B2,,裁縫,さいほう,,,,,
"backdoor, illegal",B2,,裏口,うらぐち,,,,,
"turn over, turn inside out",B2,,裏返す,うらがえす,,,,,
supplement,B2,,補う,おぎなう,,,,,
"manufacture, production",B2,,製作,せいさく,,,,,
copying,B2,,複写,ふくしゃ,,,,,
plural,B2,,複数,ふくすう,,,,,
Japanese sliding screen,B2,,襖,ふすま,,,,,
"point, gist, essentials",B2,,要領,ようりょう,,,,,
headline,B2,,見出し,みだし,,,,,
learning by seeing,B2,,見学,けんがく,,,,,
"sample, model",B2,,見本,みほん,,,,,
"review, reconsider",B2,,見直す,みなおす,,,,,
see someone off,B2,,見送る,みおくる,,,,,
"order, observance",B2,,規律,きりつ,,,,,
thumb,B2,,親指,おやゆび,,,,,
affinity,B2,,親近感,しんきんかん,,,,,
"relative, kin",B2,,親類,しんるい,,,,,
idea,B2,,観念,かんねん,,,,,
"observation, survey",B2,,観測,かんそく,,,,,
"angle, degree",B2,,角度,かくど,,,,,
"emancipation, liberation",B2,,解放,かいほう,,,,,
"dispersing, breaking up",B2,,解散,かいさん,,,,,
solution,B2,,解答,かいとう,,,,,
"explanation, commentary",B2,,解説,かいせつ,,,,,
"report, direct",B2,,言い付ける,いいつける,,,,,
propose,B2,,言い出す,いいだす,,,,,
wording,B2,,言葉遣い,ことばづかい,,,,,
account,B2,,記,き,,,,,
symbol,B2,,記号,きごう,,,,,
accent,B2,,訛り,なまり,,,,,
"translate, interpret",B2,,訳す,やくす,,,,,
examine in a medical context,B2,,診る,みる,,,,,
"diagnosis, examination",B2,,診断,しんだん,,,,,
critical essay,B2,,評論,ひょうろん,,,,,
be packed with,B2,,詰まる,つまる,,,,,
start a conversation,B2,,話し掛ける,はなしかける,,,,,
authorization,B2,,認定,にんてい,,,,,
authentication,B2,,認証,にんしょう,,,,,
"swear, vow, pledge",B2,,誓う,ちかう,,,,,
"begin reading, read out",B2,,読み出す,よみだす,,,,,
curriculum,B2,,課程,かてい,,,,,
taxation,B2,,課税,たぜい,,,,,
condiment,B2,,調味料,ちょうみりょう,,,,,
adjustment,B2,,調整,ちょうせい,,,,,
"regulation, control",B2,,調節,ちょうせつ,,,,,
"beg, ask, request",B2,,請う,こう,,,,,
"discuss, argue",B2,,論ずる,ろんずる,,,,,
riddle,B2,,謎々,なぞなぞ,,,,,
lecturer,B2,,講師,こうし,,,,,
apology,B2,,謝罪,しゃざい,,,,,
"guarding, policing",B2,,警備,けいび,,,,,
"alarm, warning",B2,,警報,けいほう,,,,,
alarm,B2,,警報機,けいほうき,,,,,
"alarm whistle, horn",B2,,警笛,けいてき,,,,,
"shellfish, shell",B2,,貝,かい,,,,,
freight,B2,,貨物,かもつ,,,,,
"storage, preservation",B2,,貯蔵,ちょぞう,,,,,
acquisition,B2,,買収,ばうしゅう,,,,,
"lending, loaning",B2,,貸し出し,かしだし,,,,,
house for rent,B2,,貸家,かしや,,,,,
room for rent,B2,,貸間,かしま,,,,,
attachment,B2,,貼付,てんぷ,,,,,
sources,B2,,資料,しりょう,,,,,
"prize, trophy",B2,,賞品,しょうひん,,,,,
prize money,B2,,賞金,しょうきん,,,,,
equator,B2,,赤道,せきどう,,,,,
getting out of bed,B2,,起床,きしょう,,,,,
excess,B2,,超過,ちょうか,,,,,
footprint,B2,,足跡,あしあと,,,,,
"step over, step across",B2,,跨ぐ,またぐ,,,,,
"alley, alleyway",B2,,路地,ろじ,,,,,
railway crossing,B2,,踏切,ふみきり,,,,,
kick,B2,,蹴る,ける,,,,,
"hesitate, waver",B2,,躊躇う,ためらう,,,,,
social status,B2,,身分,みぶん,,,,,
garage,B2,,車庫,しゃこ,,,,,
conductor,B2,,車掌,しゃしょう,,,,,
wheel,B2,,車輪,しゃりん,,,,,
adrift,B2,,転々,てんてん,,,,,
"turn over, roll over",B2,,転がす,ころがす,,,,,
roll,B2,,転がる,ころがる,,,,,
be placed on,B2,,載る,のる,,,,,
"blood transfusion, donation",B2,,輸血,ゆけつ,,,,,
transport,B2,,輸送,ゆそう,,,,,
pesticide,B2,,農薬,のうやく,,,,,
"accept, welcome in",B2,,迎え入れる,むかえいれる,,,,,
approach,B2,,近付ける,ちかづける,,,,,
return,B2,,返る,かえる,,,,,
approach,B2,,迫る,せまる,,,,,
predicate,B2,,述語,じゅつご,,,,,
superstition,B2,,迷信,めいしん,,,,,
"chase, run after",B2,,追い掛ける,おいかける,,,,,
"surpass, overtake",B2,,追い越す,おいこす,,,,,
addition,B2,,追加,ついか,,,,,
move out of the way,B2,,退く,どく,,,,,
set aside,B2,,退ける,のける,,,,,
kana suffix,B2,,送り仮名,おくりがな,,,,,
send-off,B2,,送別,そうべつ,,,,,
"postage, shipping charge",B2,,送料,そうりょう,,,,,
let go of,B2,,逃がす,にがす,,,,,
upside-down,B2,,逆さ,さかさ,,,,,
upside down,B2,,逆さま,さかさま,,,,,
transparent,B2,,透明,とうめい,,,,,
"creep, crawl",B2,,這う,はう,,,,,
commuting to work,B2,,通勤,つうきん,,,,,
"popular use, circulation",B2,,通用,つうよう,,,,,
notification,B2,,通知,つうち,,,,,
language interpretation,B2,,通訳,つうやく,,,,,
currency,B2,,通貨,つうか,,,,,
aisle,B2,,通路,つうろ,,,,,
speed,B2,,速力,そくりょく,,,,,
special delivery,B2,,速達,そくたつ,,,,,
"coalition, union",B2,,連合,れんごう,,,,,
Allied powers,B2,,連合国,れんごうこく,,,,,
"digress, go astray",B2,,逸れる,それる,,,,,
anecdote,B2,,逸話,いつわ,,,,,
amusement park,B2,,遊園地,ゆうえんち,,,,,
canal,B2,,運河,うんが,,,,,
excess,B2,,過剰,かじょう,,,,,
majority,B2,,過半数,かはんすう,,,,,
error,B2,,過失,かしつ,,,,,
process,B2,,過程,かてい,,,,,
excursion,B2,,遠足,えんそく,,,,,
retrospective,B2,,遡り,さかのぼり,,,,,
go upstream,B2,,遡る,さかのぼる,,,,,
"bad, evil, wicked",B2,,邪ま,よこしま,,,,,
parts,B2,,部品,ぶひん,,,,,
mailing,B2,,郵送,ゆうそう,,,,,
city center,B2,,都心,としん,,,,,
deal out,B2,,配る,くばる,,,,,
"bar, pub",B2,,酒場,さかば,,,,,
drunkard,B2,,酔っ払い,よっぱらい,,,,,
vinegar,B2,,酢,す,,,,,
sour,B2,,酸っぱい,すっぱい,,,,,
acidity,B2,,酸性,さんせい,,,,,
ugly,B2,,醜い,みにくい,,,,,
be piled up,B2,,重なる,かさなる,,,,,
pile up,B2,,重ねる,かさねる,,,,,
serious condition,B2,,重体,じゅうたい,,,,,
gravity,B2,,重力,じゅうりょく,,,,,
"important role, director",B2,,重役,じゅうやく,,,,,
important point,B2,,重点,じゅうてん,,,,,
weight,B2,,重量,じゅうりょう,,,,,
barbarian,B2,,野蛮,やばん,,,,,
goldfish,B2,,金魚,きんぎょ,,,,,
nail,B2,,釘,くぎ,,,,,
"course, direction",B2,,針路,しんろ,,,,,
wire,B2,,針金,はりがね,,,,,
"balance, go well together",B2,,釣り合う,つりあう,,,,,
small bell,B2,,鈴,すず,,,,,
gun,B2,,鉄砲,てっぽう,,,,,
mineral,B2,,鉱物,こうぶつ,,,,,
copper,B2,,銅,どう,,,,,
saw,B2,,鋸,のこぎり,,,,,
rust,B2,,錆,さび,,,,,
rust,B2,,錆びる,さびる,,,,,
anchor,B2,,錨,いかり,,,,,
audio recording,B2,,録音,ろくおん,,,,,
armor,B2,,鎧,よろい,,,,,
large bell,B2,,鐘,かね,,,,,
appraisal,B2,,鑑定,かんてい,,,,,
enjoyment of art,B2,,鑑賞,かんしょう,,,,,
rectangle,B2,,長方形,ちょうほうけい,,,,,
long-term,B2,,長期,ちょうき,,,,,
eldest son,B2,,長男,ちょうなん,,,,,
opening a meeting,B2,,開会,かいかい,,,,,
opening,B2,,開放,かいほう,,,,,
indirectness,B2,,間接,かんせつ,,,,,
interval,B2,,間隔,かんかく,,,,,
"concern, affect",B2,,関わる,かかわる,,,,,
Kanto region,B2,,関東,かんとう,,,,,
Kansai region,B2,,関西,かんさい,,,,,
prevention,B2,,防止,ぼうし,,,,,
crime prevention,B2,,防犯,ぼうはん,,,,,
"limit, extent",B2,,限度,げんど,,,,,
be discharged from the army,B2,,除隊,じょたい,,,,,
army,B2,,陸軍,りくぐん,,,,,
steep,B2,,険しい,けわしい,,,,,
gap,B2,,隙間,すきま,,,,,
paper sliding door,B2,,障子,しょうじ,,,,,
adjoin,B2,,隣り合わせる,となりあわせる,,,,,
"assembly, getting together",B2,,集会,しゅうかい,,,,,
gathering,B2,,集合,しゅうごう,,,,,
fundraising,B2,,集金,しゅうきん,,,,,
rag,B2,,雑巾,ぞうきん,,,,,
noise,B2,,雑音,ざつおん,,,,,
"barrier, obstacle",B2,,難関,なんかん,,,,,
storm shutter,B2,,雨戸,あまど,,,,,
"shed, spill",B2,,零す,こぼす,,,,,
"spill, overflow",B2,,零れる,こぼれる,,,,,
zero points,B2,,零点,れいてん,,,,,
electric power,B2,,電力,でんりょく,,,,,
telephone pole,B2,,電柱,でんちゅう,,,,,
battery,B2,,電池,でんち,,,,,
signal,B2,,電波,でんぱ,,,,,
electric current,B2,,電流,でんりゅう,,,,,
light bulb,B2,,電球,でんきゅう,,,,,
balcony,B2,,露台,ろだい,,,,,
young people,B2,,青少年,せいしょうねん,,,,,
pale,B2,,青白い,あおじろい,,,,,
troublesome,B2,,面倒臭い,めんどうくさい,,,,,
interview,B2,,面接,めんせつ,,,,,
surface area,B2,,面積,めんせき,,,,,
audio,B2,,音響,おんきょう,,,,,
"sound, echo",B2,,響き,ひびき,,,,,
reverberate,B2,,響く,ひびく,,,,,
vertex,B2,,頂点,ちょうてん,,,,,
in order,B2,,順々,じゅんじゅん,,,,,
order,B2,,順序,じゅんじょ,,,,,
look after,B2,,預かる,あずかる,,,,,
consul,B2,,領事,りょうじ,,,,,
airspace,B2,,領空,りょうくう,,,,,
intellect,B2,,頭脳,ずのう,,,,,
reliable,B2,,頼もしい,たのもしい,,,,,
"be titled, be named",B2,,題する,だいする,,,,,
title,B2,,題名,だいめい,,,,,
microscope,B2,,顕微鏡,けんびきょう,,,,,
wrapping cloth,B2,,風呂敷,ふろしき,,,,,
balloon,B2,,風船,ふうせん,,,,,
jump in,B2,,飛び込む,とびこむ,,,,,
"airship, blimp",B2,,飛行船,ひこうせん,,,,,
the dishes,B2,,食器,しょっき,,,,,
alcohol consumption,B2,,飲酒,いんしゅ,,,,,
"to the end, only",B2,,飽くまで,あくまで,,,,,
decoration,B2,,飾り,かざり,,,,,
nourishment,B2,,養分,ようぶん,,,,,
wheat noodles,B2,,饂飩,うどん,,,,,
perfume,B2,,香水,こうすい,,,,,
foolish,B2,,馬鹿らしい,ばからしい,,,,,
noisy,B2,,騒々しい,そうぞうしい,,,,,
"noisy, troubled",B2,,騒がしい,さわがしい,,,,,
"trick, deceive",B2,,騙す,だます,,,,,
surprise,B2,,驚かす,おどろかす,,,,,
astonishment,B2,,驚愕,きょうがく,,,,,
"raise, enhance",B2,,高める,たかめる,,,,,
altitude,B2,,高度,こうど,,,,,
high grade,B2,,高等,こうとう,,,,,
be enchanted,B2,,魅せられる,みせられる,,,,,
ring something,B2,,鳴らす,ならす,,,,,
base of a mountain,B2,,麓,ふもと,,,,,
become yellow,B2,,黄ばむ,きばむ,,,,,
be moldy,B2,,黴びる,かびる,,,,,
"increasing, close-up",C,noun,アップ,アップ,,,,,
"innocent, cute",C,adjective,あどけない,あどけない,,,,,
how things are,C,,あり方,ありかた,,,,,
"politeness marker, formal title",C,,さん,さん,,,,,
synagogue,C,noun,シナゴーグ,シナゴーグ,,,,,
"slide, slip",C,verb,ずれる,ずれる,,,,,
sex,C,noun,セックス,セックス,,,,,
"sauce, source",C,noun,ソース,ソース,,,,,
drill,C,noun,ドリル,ドリル,,,,,
things like,C,,なんか,なんか,,,,,
possibly,C,,ひょっと,ひょっと,,,,,
"best, vest",C,noun,ベスト,ベスト,,,,,
relief,C,,ほっと,ほっと,,,,,
leeway,C,,ゆとり,ゆとり,,,,,
at all,C,,一切,いっさい,,,,,
assistance,C,,一助,いちじょ,,,,,
completely,C,,一向,いっこう,,,,,
one's own discretion,C,,一存,いちぞん,,,,,
"necessarily, unconditionally",C,,一概に,いちがいに,,,,,
"one go, chug",C,numeral,一気,いっき,,,,,
a glance,C,,一目,ひとめ,,,,,
series,C,,一連,いちれん,,,,,
"one aspect, one side",C,,一面,いちめん,,,,,
clashing of swords,C,,丁々,ちょうちょう,,,,,
district of a town,C,,丁目,ちょうめ,,,,,
earthen brazier,C,,七輪,しちりん,,,,,
"only, just",C,,丈,だけ,,,,,
Japanese lute,C,,三味線,しゃみせん,,,,,
three-stringed Japanese lute,C,,三味線,しゃみせん,,,,,
high rank,C,,上位,じょうい,,,,,
boss,C,,上司,じょうし,,,,,
"exceed, surpass",C,,上回る,うわまわる,,,,,
"rising, ascending",C,,上昇,じょうしょう,,,,,
landfall,C,,上陸,じょうりく,,,,,
diarrhea,C,,下痢,げり,,,,,
real estate,C,,不動産,ふどうさん,,,,,
"indispensable, essential",C,,不可欠,ふかけつ,,,,,
ominous,C,,不吉,ふきつ,,,,,
absence,C,,不在,ふざい,,,,,
infinitive,C,,不定詞,ふていし,,,,,
injustice,C,,不当,ふとう,,,,,
"sudden, abrupt",C,,不意,ふい,,,,,
unclear,C,,不明,ふめい,,,,,
economic slump,C,,不景気,ふけいき,,,,,
"recession, slump",C,,不況,ふきょう,,,,,
scandal,C,,不祥事,ふしょうじ,,,,,
ruling party,C,,与党,よとう,,,,,
dative case,C,,与格,よかく,,,,,
moreover,C,verb,且つ,かつ,,,,,
furthermore,C,,且つ又,かつまた,,,,,
"world, life",C,,世,よ,,,,,
generation,C,noun,世代,せだい,,,,,
household,C,noun,世帯,せたい,,,,,
public opinion,C,,世論,せろん,,,,,
hill,C,,丘陵,きゅうりょう,,,,,
"compatibility, coexistence",C,,両立,りょうりつ,,,,,
"average, medium",C,,並,なみ,,,,,
as well as,C,,並びに,ならびに,,,,,
"slader, libel",C,noun,中傷,ちゅうしょう,,,,,
"poisoning, addiction",C,noun,中毒,ちゅうどく,,,,,
neutrality,C,noun,中立,ちゅうりつ,,,,,
abortion,C,noun,中絶,ちゅうぜつ,,,,,
"chubby, plump",C,,丸々,まるまる,,,,,
wholly,C,,丸ごと,まるごと,,,,,
round off,C,verb,丸める,まるめる,,,,,
"earnest work, sincerity",C,,丹精,たんせい,,,,,
"protagonist, hero",C,,主人公,しゅじんこう,,,,,
subject,C,,主体,しゅたい,,,,,
sponsorship,C,,主催,しゅさい,,,,,
sovereignty,C,,主権,しゅけん,,,,,
starring,C,,主演,しゅえん,,,,,
subject,C,,主題,しゅだい,,,,,
staple food,C,,主食,しゅしょく,,,,,
"long time passed, old",C,,久しい,ひさしい,,,,,
"meager, scarce",C,adjective,乏しい,とぼしい,,,,,
"board, get into",C,verb,乗り込む,のりこむ,,,,,
corrupt,C,,乱す,みだす,,,,,
fall into disarray,C,,乱れる,みだれる,,,,,
abuse,C,,乱用,らんよう,,,,,
milk,C,,乳,ちち,,,,,
"finish, completion, end",C,,了,りょう,,,,,
acknowledgement,C,,了承,りょうしょう,,,,,
"consent, agreement",C,,了解,りょうかい,,,,,
"beforehand, in advance",C,,予め,あらかじめ,,,,,
anticipation,C,,予想,よそう,,,,,
"premonition, hunch",C,,予感,よかん,,,,,
spoken prediction,C,,予言,よげん,,,,,
dispute,C,,争い,あらそい,,,,,
beforehand,C,,事前,じぜん,,,,,
matter,C,noun,事柄,ことがら,,,,,
"project, enterprise",C,noun,事業,じぎょう,,,,,
"item, matter",C,noun,事項,じこう,,,,,
Asia,C,,亜州,あしゅう,,,,,
alternately,C,,交々,こもごも,,,,,
exchange,C,verb,交わす,かわす,,,,,
"cross, intersect",C,verb,交わる,まじわる,,,,,
mutual,C,,交互,こうご,,,,,
"delivery, handing over",C,noun,交付,こうふ,,,,,
negotiation,C,noun,交渉,こうしょう,,,,,
"reception, acceptance",C,noun,享受,きょうじゅ,,,,,
pleasure,C,noun,享楽,きょうらく,,,,,
"imperial palace, Seoul",C,noun,京城,けいじょう,,,,,
human body,C,noun,人体,じんたい,,,,,
"human nature, kindness",C,,人情,にんじょう,,,,,
human resources,C,,人材,じんざい,,,,,
personality,C,,人柄,ひとがら,,,,,
personality,C,,人格,じんかく,,,,,
hostage,C,,人質,ひとじち,,,,,
at this point,C,,今更,いまさら,,,,,
intervention,C,,介入,かいにゅう,,,,,
"looking after, taking care",C,,介抱,かいほう,,,,,
nursing care,C,,介護,かいご,,,,,
finishing touch,C,,仕上げ,しあげ,,,,,
finish up,C,,仕上げる,しあげる,,,,,
"device, system",C,,仕掛け,しかけ,,,,,
"commence, head out on",C,,仕掛ける,しかける,,,,,
"custom, convention",C,,仕来り,しきたり,,,,,
method,C,,仕様,しよう,,,,,
mechanism,C,,仕組み,しくみ,,,,,
ulterior motive,C,,他意,たい,,,,,
on the other hand,C,,他方,たほう,,,,,
"including, attached to",C,,付き,つき,,,,,
"add on, attach on",C,,付け加える,つけくわえる,,,,,
alternately,C,,代わる代わる,かわるがわる,,,,,
speaking by proxy,C,,代弁,だいべん,,,,,
substitution,C,,代用,だいよう,,,,,
via,C,,以って,もって,,,,,
"with, by means of",C,,以て,もって,,,,,
provisional,C,,仮,かり,,,,,
even if,C,,仮令,たとえ,,,,,
"look up, respect",C,,仰ぐ,あおぐ,,,,,
matchmaking,C,,仲人,なこうど,,,,,
"entrust, leave to someone",C,,任す,まかす,,,,,
mission,C,,任務,にんむ,,,,,
ordination,C,,任命,にんめい,,,,,
"planning, design",C,,企画,きかく,,,,,
rest something,C,,休める,やすめる,,,,,
truce,C,,休戦,きゅうせん,,,,,
"day off, holiday",C,,休日,きゅうじつ,,,,,
"conversation, conference",C,,会談,かいだん,,,,,
legend,C,,伝説,でんせつ,,,,,
communication,C,,伝達,でんたつ,,,,,
entail,C,,伴う,ともなう,,,,,
"dwelling, living",C,,住,じゅう,,,,,
physical strength,C,,体力,たいりょく,,,,,
personal experience,C,,体験,たいけん,,,,,
"how, what a",C,,何て,なんて,,,,,
"how, what a, somehow",C,,何と,なんと,,,,,
"room, space",C,,余地,よち,,,,,
quite a lot,C,,余程,よほど,,,,,
"work of art, harvest",C,,作,さく,,,,,
"making, producing",C,,作り,つくり,,,,,
military operation,C,,作戦,さくせん,,,,,
"artificiality, deliberateness",C,,作為,さくい,,,,,
"action, operation, effect",C,,作用,さよう,,,,,
"errand, mission",C,,使い,つかい,,,,,
mission,C,,使命,しめい,,,,,
"warrior, samurai",C,,侍,さむらい,,,,,
"dependence, reliance",C,,依存,いぞん,,,,,
"still, as ever",C,,依然,いぜん,,,,,
"invade, raid, violate",C,,侵す,おかす,,,,,
"aggression, invasion, raid",C,,侵略,しんりゃく,,,,,
convenience,C,,便宜,べんぎ,,,,,
"urge, encourage",C,,促す,うながす,,,,,
acceleration,C,,促進,そくしん,,,,,
"keep, maintain",C,,保つ,たもつ,,,,,
conservatism,C,,保守,ほしゅ,,,,,
"nursing, rearing",C,,保育,ほいく,,,,,
"protection, conservation",C,,保護,ほご,,,,,
insurance,C,,保険,ほけん,,,,,
completion of a course,C,,修了,しゅうりょう,,,,,
master's degree,C,,修士,しゅうし,,,,,
modification,C,,修飾,しゅうしょく,,,,,
"I, me",C,pronoun,俺,おれ,,,,,
one by one,C,,個々,ここ,,,,,
personality,C,,個性,こせい,,,,,
bankruptcy,C,,倒産,とうさん,,,,,
borrowing,C,,借り,かり,,,,,
be worth it,C,,値する,あたいする,,,,,
discount,C,,値引き,ねびき,,,,,
prejudice,C,,偏見,へんけん,,,,,
stagnation,C,,停滞,ていたい,,,,,
vigorous,C,,健やか,すこやか,,,,,
healthy,C,,健全,けんぜん,,,,,
"side, aspect",C,,側面,そくめん,,,,,
forgery,C,,偽物,にせもの,,,,,
counterfeiting,C,,偽造,ぎぞう,,,,,
beside,C,,傍ら,かたわら,,,,,
"hold, give, have an event",C,,催す,もよおす,,,,,
be wounded,C,,傷つく,きずつく,,,,,
"tilt, incline",C,,傾ける,かたむける,,,,,
"slant, slope",C,,傾斜,けいしゃ,,,,,
attentive listening,C,,傾聴,けいちょう,,,,,
"statue, image",C,,像,ぞう,,,,,
predominance,C,,優位,ゆうい,,,,,
"priority, preference",C,,優先,ゆうせん,,,,,
chemical element,C,,元素,げんそ,,,,,
head of state,C,,元首,げんしゅ,,,,,
enhancement,C,,充実,じゅうじつ,,,,,
"appropriation, allotment",C,,充当,じゅうとう,,,,,
"signs, indication, symptom",C,,兆し,きざし,,,,,
"luster, brilliance",C,,光沢,こうたく,,,,,
"avoid, be saved from",C,,免れる,まぬがれる,,,,,
acquisition,C,,入手,にゅうしゅ,,,,,
bathing,C,,入浴,にゅうよく,,,,,
the public,C,,公,おおやけ,,,,,
"opening, exhibition",C,,公開,こうかい,,,,,
"same, both",C,,共,とも,,,,,
dual income,C,,共働き,ともばたらき,,,,,
republicanism,C,,共和,きょうわ,,,,,
coexistence,C,,共存,きょうぞん,,,,,
coeducation,C,,共学,きょうがく,,,,,
empathy,C,,共感,きょうかん,,,,,
accomplice,C,,共犯者,きょうはんしゃ,,,,,
resonance,C,,共鳴,きょうめい,,,,,
weapon,C,,兵器,へいき,,,,,
soldier,C,,兵士,へいし,,,,,
side business,C,,兼業,けんぎょう,,,,,
serving two functions,C,,兼用,けんよう,,,,,
internal organs,C,,内蔵,ないぞう,,,,,
interior,C,,内部,ないぶ,,,,,
governmental cabinet,C,,内閣,ないかく,,,,,
"harmonious, peaceful",C,,円満,えんまん,,,,,
"smooth, undisturbed",C,,円滑,えんかつ,,,,,
"volume, tome",C,,冊,さつ,,,,,
"again, repeated",C,,再,さい,,,,,
reunion,C,,再会,さいかい,,,,,
reconstruction,C,,再建,さいけん,,,,,
regeneration,C,,再生,さいせい,,,,,
reoccurrence,C,,再発,さいはつ,,,,,
reopening,C,,再開,さいかい,,,,,
"beginning, start, opening",C,,冒頭,ぼうとう,,,,,
hibernation,C,,冬眠,とうみん,,,,,
congeal something,C,,凝らす,こごらす,,,,,
congeal,C,,凝る,こごる,,,,,
methodical,C,,几帳面,きちょうめん,,,,,
disposal,C,,処分,しょぶん,,,,,
treatment,C,,処置,しょち,,,,,
legal sanctions,C,,処罰,しょばつ,,,,,
poor harvest,C,,凶作,きょうさく,,,,,
"exhibit, submit",C,,出品,しゅっぴん,,,,,
performance,C,,出演,しゅつえん,,,,,
birth,C,,出生,しゅっせい,,,,,
"childbirth, production",C,,出産,しゅっさん,,,,,
bleeding,C,,出血,しゅっけつ,,,,,
blade,C,,刃,は,,,,,
molecule,C,,分子,ぶんし,,,,,
allotment,C,,分担,ぶんたん,,,,,
"variance, scattering",C,,分散,ぶんさん,,,,,
division of labor,C,,分業,ぶんぎょう,,,,,
denominator,C,,分母,ぶんぼ,,,,,
fission,C,,分裂,ぶんれつ,,,,,
partition,C,,分離,ぶんり,,,,,
"ardent, passionate",C,,切々,せつせつ,,,,,
"exchange, convert, switch",C,,切り替える,きりかえる,,,,,
"earnest, serious",C,,切実,せつじつ,,,,,
incision,C,,切開,せっかい,,,,,
penalty,C,,刑,けい,,,,,
punishment,C,,刑罰,けいばつ,,,,,
first,C,,初,はつ,,,,,
seal,C,,判,はん,,,,,
judicial decision,C,,判決,はんけつ,,,,,
altruism,C,,利他主義,りたしゅぎ,,,,,
monetary interest,C,,利子,りし,,,,,
monetary interest,C,,利息,りそく,,,,,
"profit, returns",C,,利潤,りじゅん,,,,,
advantage,C,,利点,りてん,,,,,
by no means,C,,到底,とうてい,,,,,
"reaching, attaining",C,,到達,とうたつ,,,,,
control,C,,制する,せいする,,,,,
enactment,C,,制定,せいてい,,,,,
uniform,C,,制服,せいふく,,,,,
restriction,C,,制約,せいやく,,,,,
sanctions,C,,制裁,せいさい,,,,,
printing,C,,刷り,すり,,,,,
"thorn, splinter",C,,刺,とげ,,,,,
embroidery,C,,刺繍,ししゅう,,,,,
reduction,C,,削減,さくげん,,,,,
assumption,C,,前提,ぜんてい,,,,,
cut in,C,,割り込む,わりこむ,,,,,
creation,C,,創造,そうぞう,,,,,
theatrical group,C,,劇団,げきだん,,,,,
"processing, process",C,,加工,かこう,,,,,
"assistance, aid",C,,助け,たすけ,,,,,
advice,C,,助言,じょげん,,,,,
grammatical particle,C,,助詞,じょし,,,,,
"diligently, as much as possible",C,,努めて,つとめて,,,,,
encourage,C,,励ます,はげます,,,,,
"console, pity",C,,労る,いたわる,,,,,
"labor, effort, trouble",C,,労力,ろうりょく,,,,,
effect,C,,効き目,ききめ,,,,,
efficiency,C,,効率,こうりつ,,,,,
"brave, heroic",C,,勇敢,ゆうかん,,,,,
disturbance,C,,動揺,どうよう,,,,,
"motive, incentive",C,,動機,どうき,,,,,
"pardon, forgiveness",C,,勘弁,かんべん,,,,,
surpass,C,,勝る,まさる,,,,,
victory,C,,勝利,しょうり,,,,,
"invite, beg the question",C,,募る,つのる,,,,,
"might, influence",C,,勢力,せいりょく,,,,,
place of work,C,,勤め先,つとめさき,,,,,
"service, duty",C,,勤務,きんむ,,,,,
"advice, suggestion",C,,勧め,すすめ,,,,,
advice,C,,勧告,かんこく,,,,,
turn into,C,,化ける,ばける,,,,,
fossil,C,,化石,かせき,,,,,
"ward, district",C,,区,く,,,,,
"diverse, divergent, conflicting",C,,区々,まちまち,,,,,
crossroads,C,,十字路,じゅうじろ,,,,,
"association, society",C,,協会,きょうかい,,,,,
"agreement, pact",C,,協定,きょうてい,,,,,
cooperation,C,,協調,きょうちょう,,,,,
"conference, discussion",C,,協議,きょうぎ,,,,,
occupation of territory,C,,占領,せんりょう,,,,,
seal,C,,印鑑,いんかん,,,,,
be anxious about,C,,危ぶむ,あやぶむ,,,,,
crisis,C,,危機,きき,,,,,
immediately,C,,即座に,そくざに,,,,,
principle,C,,原則,げんそく,,,,,
atom,C,,原子,げんし,,,,,
starting point,C,,原点,げんてん,,,,,
atomic bomb,C,,原爆,げんばく,,,,,
solemn,C,,厳か,おごそか,,,,,
reference,C,,参照,さんしょう,,,,,
upper house of Parliament,C,,参議院,さんぎいん,,,,,
as well as,C,,及び,および,,,,,
"amount to, reach",C,,及ぶ,およぶ,,,,,
be contrary to,C,,反する,はんする,,,,,
anti-Semitism,C,,反ユダヤ主義,はんユダヤしゅぎ,,,,,
rebellion,C,,反乱,はんらん,,,,,
reflection,C,,反射,はんしゃ,,,,,
reaction,C,,反応,はんのう,,,,,
"antipathy, animosity",C,,反感,はんかん,,,,,
anti-German,C,,反独,はんどく,,,,,
"repulsion, backlash",C,,反発,はんぱつ,,,,,
echo,C,,反響,はんきょう,,,,,
revenue,C,,収益,しゅうえき,,,,,
collection,C,,収集,しゅうしゅう,,,,,
handle,C,,取っ手,とって,,,,,
especially,C,,取り分け,とりわけ,,,,,
surround,C,,取り巻く,とりまく,,,,,
trade,C,,取り引き,とりひき,,,,,
take back,C,,取り戻す,とりもどす,,,,,
"handling, management",C,,取り扱い,とりあつかい,,,,,
operate,C,,取り扱う,とりあつかう,,,,,
for the time being,C,,取り敢えず,とりあえず,,,,,
deal with,C,,取り組む,とりくむ,,,,,
"remove, take away",C,,取り除く,とりのぞく,,,,,
trade,C,,取引,とりひき,,,,,
"coverage, gathering material",C,,取材,しゅざい,,,,,
"accept, receive",C,,受け付ける,うけつける,,,,,
accept,C,,受け入れる,うけいれる,,,,,
"take, catch",C,,受け止める,うけとめる,,,,,
"inherit, take over",C,,受け継ぐ,うけつぐ,,,,,
ancient times,C,,古代,こだい,,,,,
ancient burial mound,C,,古墳,こふん,,,,,
"intently, single-mindedly",C,,只管,ひたすら,,,,,
"shout, yell, scream",C,,叫び,さけび,,,,,
abusive criticism,C,,叱罵,しつば,,,,,
"come true, be realized",C,,叶う,かなう,,,,,
"realize, grant",C,,叶える,かなえる,,,,,
"rule, govern, administer",C,,司る,つかさどる,,,,,
judiciary,C,,司法,しほう,,,,,
each kind,C,,各種,かくしゅ,,,,,
merger,C,,合併,がっぺい,,,,,
choir,C,,合唱,がっしょう,,,,,
agreement,C,,合意,ごうい,,,,,
"interval, pause",C,,合間,あいま,,,,,
same,C,,同,どう,,,,,
comrade,C,,同志,どうし,,,,,
sympathy,C,,同情,どうじょう,,,,,
"agreement, consent",C,,同意,どうい,,,,,
"agreement, same opinion",C,,同感,どうかん,,,,,
alliance,C,,同盟,どうめい,,,,,
conformity,C,,同調,どうちょう,,,,,
"name, call, christen",C,,名付ける,なづける,,,,,
name tag,C,,名札,なふだ,,,,,
"name, title",C,,名称,めいしょう,,,,,
list of names,C,,名簿,めいぼ,,,,,
honor,C,,名誉,めいよ,,,,,
"tell a lie, sigh",C,,吐く,つく,,,,,
"orientation, direction",C,,向き,むき,,,,,
targeted at,C,,向け,むけ,,,,,
"elevation, progress",C,,向上,こうじょう,,,,,
"monarch, ruler",C,,君主,くんしゅ,,,,,
rejection,C,,否決,ひけつ,,,,,
unsatisfying,C,,呆気ない,あっけない,,,,,
"tell, inform, announce",C,,告げる,つげる,,,,,
confession,C,,告白,こくはく,,,,,
accusation,C,,告訴,こくそ,,,,,
"mutter, tweet",C,,呟く,つぶやく,,,,,
"perimeter, circumference",C,,周,しゅう,,,,,
"cycle, period",C,,周期,しゅうき,,,,,
"flavor, charm, appeal",C,,味わい,あじわい,,,,,
sense of taste,C,,味覚,みかく,,,,,
direct hit,C,,命中,めいちゅう,,,,,
harmony,C,,和,わ,,,,,
soften,C,,和らげる,やわらげる,,,,,
Japanese style,C,,和風,わふう,,,,,
"race, breed",C,,品種,ひんしゅ,,,,,
quality of goods,C,,品質,ひんしつ,,,,,
"advocate, preach",C,,唱える,となえる,,,,,
advocacy,C,,唱道,しょうどう,,,,,
spit,C,,唾,つば,,,,,
inquire,C,,問い合わせる,といあわせる,,,,,
ask,C,,問う,とう,,,,,
wholesale dealer,C,,問屋,とんや,,,,,
"run, operate",C,,営む,いとなむ,,,,,
ah,C,,嗚呼,ああ,,,,,
"sigh, grief",C,,嘆,たん,,,,,
"once, formerly",C,,嘗て,かつて,,,,,
"laugh at, make fun of",C,,嘲笑う,あざわらう,,,,,
"bowl, container",C,,器,うつわ,,,,,
organ,C,,器官,きかん,,,,,
gushing,C,,噴出,ふんしゅつ,,,,,
collection,C,,回収,かいしゅう,,,,,
circuit,C,,回路,かいろ,,,,,
therefore,C,,因って,よって,,,,,
rigid fan,C,,団扇,うちわ,,,,,
"unity, union",C,,団結,だんけつ,,,,,
"plan, plot",C,,図る,はかる,,,,,
harden,C,,固める,かためる,,,,,
solid,C,,固体,こたい,,,,,
fixation,C,,固定,こてい,,,,,
national territory,C,,国土,こくど,,,,,
state ownership,C,,国有,こくゆう,,,,,
UN,C,,国連,こくれん,,,,,
garden,C,,園,その,,,,,
"wrestling ring, forum",C,,土俵,どひょう,,,,,
"basis, foundation",C,,土台,どだい,,,,,
embankment,C,,土手,どて,,,,,
public works,C,,土木,どぼく,,,,,
pressure,C,,圧力,あつりょく,,,,,
pressure,C,,圧迫,あっぱく,,,,,
inventory,C,,在庫,ざいこ,,,,,
landlord,C,,地主,じぬし,,,,,
local,C,,地元,じもと,,,,,
terrain,C,,地形,ちけい,,,,,
hell,C,,地獄,じごく,,,,,
"droop, hang",C,,垂れる,たれる,,,,,
be buried,C,,埋まる,うまる,,,,,
burying in the ground,C,,埋蔵,まいぞう,,,,,
"land near a castle, castle town",C,,城下,じょうか,,,,,
"grand, bold, open",C,,堂々,どうどう,,,,,
"accumulation, sediment",C,,堆積,たいせき,,,,,
levee,C,,堤防,ていぼう,,,,,
report,C,,報じる,ほうじる,,,,,
journalism,C,,報道,ほうどう,,,,,
cram school,C,,塾,じゅく,,,,,
one's environment,C,,境遇,きょうぐう,,,,,
cemetery,C,,墓地,ぼち,,,,,
better,C,,増し,まし,,,,,
reinforcement,C,,増強,ぞうきょう,,,,,
"promotion, advancement",C,,増進,ぞうしん,,,,,
statement,C,,声明,せいめい,,,,,
bargain sale,C,,売り出し,うりだし,,,,,
put on the market,C,,売り出す,うりだす,,,,,
jar,C,,壺,つぼ,,,,,
reformation,C,,変革,へんかく,,,,,
evening glow,C,,夕焼け,ゆうやけ,,,,,
the other way,C,,外方,そっぽ,,,,,
foreign,C,,外来,がいらい,,,,,
foreign minister,C,,外相,がいしょう,,,,,
busyness,C,,多忙,たぼう,,,,,
majority rule,C,,多数決,たすうけつ,,,,,
"diverse, various",C,,多様,たよう,,,,,
bedding,C,,夜具,やぐ,,,,,
staying up late,C,,夜更かし,よふかし,,,,,
feces,C,,大便,だいべん,,,,,
substantial,C,,大幅,おおはば,,,,,
generally,C,,大概,たいがい,,,,,
"outline, gist",C,,大筋,おおすじ,,,,,
"bold, daring",C,,大胆,だいたん,,,,,
exaggerated,C,,大袈裟,おおげさ,,,,,
Asian giant hornet,C,,大雀蜂,おおすずめばち,,,,,
ceiling,C,,天井,てんじょう,,,,,
astronomical object,C,,天体,てんたい,,,,,
heaven,C,,天国,てんごく,,,,,
genius,C,,天才,てんさい,,,,,
natural disaster,C,,天災,てんさい,,,,,
disqualification,C,,失格,しっかく,,,,,
odd number,C,,奇数,きすう,,,,,
pledge,C,,契る,ちぎる,,,,,
trigger,C,,契機,けいき,,,,,
hard struggle,C,,奮闘,ふんとう,,,,,
likeable,C,,好ましい,このましい,,,,,
goodwill,C,,好意,こうい,,,,,
good reputation,C,,好評,こうひょう,,,,,
indeed,C,,如何にも,いかにも,,,,,
pregnancy,C,,妊娠,にんしん,,,,,
compromise,C,,妥協,だきょう,,,,,
"settlement, agreement",C,,妥結,だけつ,,,,,
"envy, be jealous of",C,,妬む,ねたむ,,,,,
dealing with,C,,始末,しまつ,,,,,
first departure,C,,始発,しはつ,,,,,
adultery,C,,姦通,かんつう,,,,,
power,C,,威力,いりょく,,,,,
son-in-law,C,,婿,むこ,,,,,
envy,C,,嫉妬,しっと,,,,,
"disagreeable, unpleasant",C,,嫌らしい,いやらしい,,,,,
son,C,,子息,しそく,,,,,
glyph,C,,字体,じたい,,,,,
duration,C,,存続,そんぞく,,,,,
"seasonal magazine, quarterly",C,,季刊,きかん,,,,,
orphan,C,,孤児,こじ,,,,,
solitude,C,,孤独,こどく,,,,,
isolation,C,,孤立,こりつ,,,,,
bachelor's degree,C,,学士,がくし,,,,,
academic background,C,,学歴,がくれき,,,,,
defense,C,,守備,しゅび,,,,,
security guard,C,,守衛,しゅえい,,,,,
"cheap, tacky",C,,安っぽい,やすっぽい,,,,,
"rest, quiet",C,,安静,あんせい,,,,,
perfection,C,,完璧,かんぺき,,,,,
bureaucrat,C,,官僚,かんりょう,,,,,
"be decided, be established",C,,定まる,さだまる,,,,,
"decide upon, establish",C,,定める,さだめる,,,,,
retirement age,C,,定年,ていねん,,,,,
definition,C,,定義,ていぎ,,,,,
set meal,C,,定食,ていしょく,,,,,
address,C,,宛てる,あてる,,,,,
reality,C,,実,じつ,,,,,
actual situation,C,,実態,じったい,,,,,
businessperson,C,,実業家,じつぎょうか,,,,,
execution,C,,実行,じっこう,,,,,
practice,C,,実践,じっせん,,,,,
be pleased to say,C,,宣う,のたまう,,,,,
declaration,C,,宣言,せんげん,,,,,
room,C,,室,しつ,,,,,
palace,C,,宮殿,きゅうでん,,,,,
running away from home,C,,家出,いえで,,,,,
livestock,C,,家畜,かちく,,,,,
"easy, simple, light",C,,容易い,たやすい,,,,,
"fate, destiny",C,,宿命,しゅくめい,,,,,
contribution,C,,寄与,きよ,,,,,
secret,C,,密か,ひそか,,,,,
density,C,,密度,みつど,,,,,
closeness,C,,密接,みっせつ,,,,,
wealth,C,,富,とみ,,,,,
be rich in,C,,富む,とむ,,,,,
wealthy person,C,,富豪,ふごう,,,,,
"chill, shivers",C,,寒気,さむけ,,,,,
put to bed,C,,寝かせる,ねかせる,,,,,
"guess, suppose, gather, sense",C,,察する,さっする,,,,,
"examination, investigation",C,,審査,しんさ,,,,,
deliberation,C,,審議,しんぎ,,,,,
regarding,C,,対して,たいして,,,,,
"correspondence, response",C,,対応,たいおう,,,,,
antagonism,C,,対抗,たいこう,,,,,
accusative case,C,,対格,たいかく,,,,,
"confrontation, showdown",C,,対決,たいけつ,,,,,
dialogue,C,,対話,たいわ,,,,,
letter seal,C,,封,ふう,,,,,
blockade,C,,封鎖,ふうさ,,,,,
exclusively,C,,専ら,もっぱら,,,,,
exclusive use,C,,専用,せにょう,,,,,
"respect, look up to",C,,尊ぶ,とうとぶ,,,,,
guide,C,,導く,みちびく,,,,,
"introduction, installation",C,,導入,どうにゅう,,,,,
check,C,,小切手,こぎって,,,,,
retail,C,,小売,こうり,,,,,
small version,C,,小柄,こがら,,,,,
small change,C,,小銭,こぜに,,,,,
minority,C,,少数,しょうすう,,,,,
be used up,C,,尽きる,つきる,,,,,
"devote, do to exhaustion",C,,尽くす,つくす,,,,,
tail,C,,尾,お,,,,,
urine,C,,尿,にょう,,,,,
residence,C,,居住,きょじゅう,,,,,
"refraction, bending, warping",C,,屈折,くっせつ,,,,,
"residence, estate",C,noun,屋敷,やしき,,,,,
"view, outlook",C,noun,展望,てんぼう,,,,,
"exhibition, display",C,noun,展示,てんじ,,,,,
genus,C,noun,属,ぞく,,,,,
personal history,C,,履歴,りれき,,,,,
mountains,C,noun,山岳,さんがく,,,,,
mountain range,C,noun,山脈,さんみゃく,,,,,
rock,C,noun,岩石,がんせき,,,,,
petrology,C,noun,岩石学,がんせきがく,,,,,
"worship, adoration",C,,崇拝,すうはい,,,,,
cliff,C,,崖,がけ,,,,,
"collapse, decay",C,,崩壊,ほうかい,,,,,
"fit, fall into",C,,嵌まる,はまる,,,,,
be bulky,C,,嵩張る,かさばる,,,,,
work of handicraft,C,,工作,こうさく,,,,,
engineering,C,,工学,こうがく,,,,,
"hold out, present",C,,差し出す,さしだす,,,,,
"come near, approach",C,,差し掛ける,さしかける,,,,,
"interfere, hinder",C,,差し支える,さしつかえる,,,,,
difference,C,,差異,さい,,,,,
"balance, difference",C,,差額,さがく,,,,,
roll,C,,巻,まき,,,,,
academic ranking,C,,席次,せきじ,,,,,
"wear, be entrusted, take on",C,,帯びる,おびる,,,,,
aquifer,C,,帯水層,たいすいそう,,,,,
returning to Tokyo,C,,帰京,ききょう,,,,,
"interference, meddling",C,,干渉,かんしょう,,,,,
"appreciation, gratefulness",C,,幸甚,こうじん,,,,,
tree trunk,C,,幹,みき,,,,,
main line,C,,幹線,かんせん,,,,,
"management, leadership",C,,幹部,かんぶ,,,,,
ghost,C,,幽霊,ゆうれい,,,,,
"many, numerous",C,,幾多,いくた,,,,,
agency,C,,庁,ちょう,,,,,
"spread, be spread",C,,広まる,ひろまる,,,,,
bed,C,,床,とこ,,,,,
coordinate system,C,,座標,ざひょう,,,,,
general affairs,C,,庶務,しょむ,,,,,
ordinary people,C,,庶民,しょみん,,,,,
become obsolete,C,,廃れる,すたれる,,,,,
abolition,C,,廃止,はいし,,,,,
"excuse, explanation, justification",C,,弁解,べんかい,,,,,
"defense, advocacy",C,,弁護,べんご,,,,,
bow,C,,弓,ゆみ,,,,,
"drag along, pull",C,,引きずる,ひきずる,,,,,
pull up,C,,引き上げる,ひきあげる,,,,,
"cause, bring about",C,,引き起こす,ひきおこす,,,,,
weakness,C,,弱,じゃく,,,,,
weaken something,C,,弱める,よわめる,,,,,
"weaken, grow weak",C,,弱る,よわる,,,,,
by force,C,,強いて,しいて,,,,,
"force, compel",C,,強いる,しいる,,,,,
"get strong, be strengthened",C,,強まる,つよまる,,,,,
strengthen,C,,強める,つよめる,,,,,
"coercion, force",C,,強制,きょうせい,,,,,
"authoritarian, heavy-handed",C,,強権的,きょうけんてき,,,,,
"strong, intense, severe",C,,強烈,きょうれつ,,,,,
"firm, strong, unbending",C,,強硬,きょうこう,,,,,
"beg, pester, plead",C,,強請る,ねだる,,,,,
snap,C,,弾く,はじく,,,,,
bounce,C,,弾む,はずむ,,,,,
elasticity,C,,弾力,だんりょく,,,,,
"hit, success",C,,当たり,あたり,,,,,
being elected,C,,当選,とうせん,,,,,
shape,C,,形態,けいたい,,,,,
"formation, repair",C,,形成,けいせい,,,,,
be useful,C,,役立つ,やくだつ,,,,,
"that, that over there",C,,彼の,あの,,,,,
"appointment, meeting",C,,待ち合わせ,まちあわせ,,,,,
look forward to,C,,待ち望む,まちのぞむ,,,,,
early awaiting,C,,待望,たいぼう,,,,,
working conditions,C,,待遇,たいぐう,,,,,
regret,C,,後悔,こうかい,,,,,
retreat,C,,後退,こうたい,,,,,
on foot,C,,徒歩,とほ,,,,,
employee,C,,従業員,じゅうぎょういん,,,,,
game score,C,,得点,とくてん,,,,,
"be, exist",C,,御座います,ございます,,,,,
grandfather,C,,御祖父さん,おじいさん,,,,,
restoration,C,,復旧,ふっきゅう,,,,,
resurrection,C,,復活,ふっかつ,,,,,
renaissance,C,,復興,ふっこう,,,,,
"faint, dim, weak",C,,微か,かすか,,,,,
"particle, little piece",C,,微塵,みじん,,,,,
smile,C,,微笑,びしょう,,,,,
reassuring,C,,心強い,こころづよい,,,,,
"resolution, ambition",C,,志,こころざし,,,,,
"aspire to, set sights on",C,,志す,こころざす,,,,,
"intention, preference",C,,志向,しこう,,,,,
"wish, desire",C,,志望,しぼう,,,,,
appropriateness,C,,応分,おうぶん,,,,,
application,C,,応募,おうぼ,,,,,
"advice, warning",C,,忠告,ちゅうこく,,,,,
"faithful, devoted",C,,忠実,ちゅうじつ,,,,,
"comfortable, pleasant",C,,快い,こころよい,,,,,
"sense, idea",C,,念,ねん,,,,,
anger,C,,怒り,いかり,,,,,
thought,C,,思考,しこう,,,,,
sluggish,C,,怠い,だるい,,,,,
monster,C,,怪獣,かいじゅう,,,,,
fall in love,C,,恋する,こいする,,,,,
falling in love,C,,恋愛,れんあい,,,,,
fear,C,,恐れ,おそれ,,,,,
"shame, embarrassment",C,,恥,はじ,,,,,
feel ashamed,C,,恥じる,はじる,,,,,
amnesty,C,,恩赦,おんしゃ,,,,,
blessing,C,,恵み,めぐみ,,,,,
bless,C,,恵む,めぐむ,,,,,
"perceive, sense",C,,悟る,さとる,,,,,
affliction,C,,患難,かんなん,,,,,
torment,C,,悩ます,なやます,,,,,
"trouble, worries",C,,悩み,なやみ,,,,,
anguish,C,,悩乱,のうらん,,,,,
evil,C,,悪,あく,,,,,
worsening,C,,悪化,あっか,,,,,
bad person,C,,悪者,わるもの,,,,,
tragic,C,,悲惨,ひさん,,,,,
scream,C,,悲鳴,ひめい,,,,,
compassion,C,,情け,なさけ,,,,,
state of affairs,C,,情勢,じょうせい,,,,,
passion,C,,情熱,じょうねつ,,,,,
planet,C,,惑星,わくせい,,,,,
be frugal,C,,惜しむ,おしむ,,,,,
inclination,C,,意向,いこう,,,,,
intention,C,,意図,いと,,,,,
"motivation, desire",C,,意欲,いよく,,,,,
be enthusiastic about,C,,意気込む,いきごむ,,,,,
"amiability, friendliness",C,,愛想,あいそ,,,,,
infection,C,,感染,かんせん,,,,,
"feeling, touch",C,,感触,かんしょく,,,,,
"on purpose, especially",C,,態々,わざわざ,,,,,
"attitude, posture",C,,態勢,たいせい,,,,,
be careful,C,,慎む,つつしむ,,,,,
common use,C,,慣用,かんよう,,,,,
custom,C,,慣習,かんしゅう,,,,,
"custom, practice",C,,慣行,かんこう,,,,,
"anxiety, concern, fear",C,,憂慮,ゆうりょ,,,,,
"depression, melancholy",C,,憂鬱,ゆううつ,,,,,
hatred,C,,憎しみ,にくしみ,,,,,
"admiration, longing",C,,憧れ,あこがれ,,,,,
achievement,C,,成果,せいか,,,,,
maturity,C,,成熟,せいじゅく,,,,,
battle,C,,戦,いくさ,,,,,
battle axe,C,,戦斧,せんぷ,,,,,
"fighting, battle",C,,戦闘,せんとう,,,,,
coronation,C,,戴冠,たいかん,,,,,
family register,C,,戸籍,こせき,,,,,
affiliation,C,,所属,しょぞく,,,,,
income,C,,所得,しょとく,,,,,
possession,C,,所持,しょじ,,,,,
agitator,C,,扇動者,せんどうしゃ,,,,,
door,C,,扉,とびら,,,,,
on hand,C,,手元,てもと,,,,,
"trouble, bother",C,,手数,てすう,,,,,
"technique, method",C,,手法,しゅほう,,,,,
"easy, simple",C,,手軽,てがる,,,,,
arrangement,C,,手配,てはい,,,,,
handcuffs,C,,手錠,てじょう,,,,,
smash,C,,打ち込む,うちこむ,,,,,
batting,C,,打撃,だげき,,,,,
breaking open,C,,打開,だかい,,,,,
"treatment, service",C,,扱い,あつかい,,,,,
acceptance,C,,承諾,しょうだく,,,,,
skill,C,,技,わざ,,,,,
technical skill,C,,技能,ぎのう,,,,,
grasp,C,,把握,はあく,,,,,
suppression,C,,抑制,よくせい,,,,,
repression,C,,抑圧,よくあつ,,,,,
deposit,C,,投入,とうにゅう,,,,,
investment,C,,投資,とうし,,,,,
dispute,C,,抗争,こうそう,,,,,
appeal,C,,抗告,こうこく,,,,,
protest,C,,抗議,こうぎ,,,,,
slip out,C,,抜け出す,ぬけだす,,,,,
push into,C,,押し込む,おしこむ,,,,,
abstraction,C,,抽象化,ちゅうしょうか,,,,,
"lottery, drawing",C,,抽選,ちゅうせん,,,,,
bear a burden,C,,担う,になう,,,,,
stretcher,C,,担架,たんか,,,,,
"abduction, kidnapping",C,,拉致,らち,,,,,
abduction,C,,拐取,かいしゅ,,,,,
refusal,C,,拒否,きょひ,,,,,
rejection,C,,拒絶,きょぜつ,,,,,
invitation,C,,招き,まねき,,,,,
borrowing,C,,拝借,はいしゃく,,,,,
diffusion,C,,拡散,かくさん,,,,,
point with one's finger,C,,指差す,ゆびさす,,,,,
"conduct, direct",C,,指揮,しき,,,,,
"pointing out, identification",C,,指摘,してき,,,,,
instruction,C,,指示,しじ,,,,,
challenge,C,,挑戦,ちょうせん,,,,,
pretending,C,,振り,ふり,,,,,
oscillation,C,,振動,しんどう,,,,,
"promotion, encouragement",C,,振興,しんこう,,,,,
capture,C,,捕獲,ほかく,,,,,
prisoner of war,C,,捕虜,ほりょ,,,,,
whaling,C,,捕鯨,ほげい,,,,,
"devote, sacrifice, offer",C,,捧げる,ささげる,,,,,
"set up, apply, place, set",C,,据える,すえる,,,,,
"install, equip",C,,据え付ける,すえつける,,,,,
"grant, give, award",C,,授ける,さずける,,,,,
drainage,C,,排水,はいすい,,,,,
removal,C,,排除,はいじょ,,,,,
credit,C,,掛け,かけ,,,,,
"adoption, selection",C,,採択,さいたく,,,,,
mining,C,,採掘,さいくつ,,,,,
"use, adoption",C,,採用,さいよう,,,,,
exploration,C,,探検,たんけん,,,,,
conjunction,C,,接続詞,せつぞくし,,,,,
contact,C,,接触,せっしょく,,,,,
"refrain from, hold back",C,,控える,ひかえる,,,,,
guess,C,,推測,すいそく,,,,,
"mystery, reasoning",C,,推理,すいり,,,,,
promotion,C,,推進,すいしん,,,,,
"measure, step, action",C,,措置,そち,,,,,
"tout, hold up",C,,掲げる,かかげる,,,,,
publication,C,,掲載,けいさい,,,,,
depiction,C,,描写,びょうしゃ,,,,,
"donation, provision",C,,提供,ていきょう,,,,,
presentation,C,,提示,ていじ,,,,,
"conversion, exchange",C,,換算,かんさん,,,,,
"shake, jolt, rock",C,,揺さぶる,ゆさぶる,,,,,
baby cradle,C,,揺籃,ようらん,,,,,
"engage in, take part in",C,,携わる,たずさわる,,,,,
"mobile, handheld",C,,携帯,けいたい,,,,,
pinch,C,,摘む,つまむ,,,,,
operate,C,,操る,あやつる,,,,,
piloting,C,,操縦,そうじゅう,,,,,
"support, backing",C,,支持,しじ,,,,,
"improvement, reform",C,,改良,かいりょう,,,,,
reform,C,,改革,かいかく,,,,,
"attack, offense",C,,攻め,せめ,,,,,
emission,C,,放出,ほうしゅつ,,,,,
radiation,C,,放射,ほうしゃ,,,,,
radioactivity,C,,放射性,ほうしゃせい,,,,,
abandonment,C,,放棄,ほうき,,,,,
regime,C,,政権,せいけん,,,,,
policy,C,,政策,せいさく,,,,,
the departed,C,,故人,こじん,,,,,
"aid, salvation",C,,救済,きゅうさい,,,,,
educational materials,C,,教材,きょうざい,,,,,
academic subject,C,,教科,きょうか,,,,,
instruction,C,,教訓,きょうくん,,,,,
"purposely, daringly",C,,敢えて,あえて,,,,,
"sincerely yours, sincerely",C,,敬具,けいぐ,,,,,
arrange something,C,,整える,ととのえる,,,,,
alignment,C,,整列,せいれつ,,,,,
document,C,,文書,ぶんしょ,,,,,
"material, fee, rate",C,,料,りょう,,,,,
"slope, incline",C,,斜面,しゃめん,,,,,
axe,C,,斧斤,ふきん,,,,,
"decisively, absolutely",C,,断然,だんぜん,,,,,
"assertion, declaration",C,,断言,だんげん,,,,,
fresh face,C,,新人,しんじん,,,,,
new construction,C,,新築,しんちく,,,,,
method,C,,方式,ほうしき,,,,,
"give, donate, apply",C,,施す,ほどこす,,,,,
"carrying out, enforcement",C,,施行,しこう,,,,,
facility,C,,施設,しせつ,,,,,
passport,C,,旅券,りょけん,,,,,
"traveler, passenger",C,,旅客,りょきゃく,,,,,
being married,C,,既婚,きこん,,,,,
day after day,C,,日々,ひび,,,,,
sunburn,C,,日焼け,ひやけ,,,,,
"master, husband",C,,旦那,だんな,,,,,
expedite,C,,早める,はやめる,,,,,
immediate,C,,早急,さっきゅう,,,,,
insect,C,,昆虫,こんちゅう,,,,,
"promotion, advancement",C,,昇進,しょうしん,,,,,
constellation,C,,星座,せいざ,,,,,
"glow, shine",C,,映える,はえる,,,,,
image,C,,映像,えいぞう,,,,,
at all costs,C,,是が非でも,ぜがひでも,,,,,
"correction, rectify",C,,是正,ぜせい,,,,,
approval,C,noun,是認,ぜにん,,,,,
timetable,C,,時刻表,じこくひょう,,,,,
time difference,C,,時差,じさ,,,,,
sometimes,C,,時折,ときおり,,,,,
"universal, general",C,,普遍,ふへん,,,,,
sunny skies,C,,晴天,せいてん,,,,,
assassination,C,,暗殺,あんさつ,,,,,
"hint, suggestion",C,,暗示,あんじ,,,,,
mental math,C,,暗算,あんざん,,,,,
violence,C,,暴力,ぼうりょく,,,,,
riot,C,,暴動,ぼうどう,,,,,
"exposure, revelation",C,,暴露,ばくろ,,,,,
violent storm,C,,暴風,ぼうふう,,,,,
melody,C,,曲,きょく,,,,,
"write down, take notes",C,,書き取る,かきとる,,,,,
book review,C,,書評,しょひょう,,,,,
"already, now",C,,最早,もはや,,,,,
monthly payment,C,,月賦,げっぷ,,,,,
own,C,,有する,ゆうする,,,,,
as it is,C,,有りの儘,ありのまま,,,,,
"influential, powerful",C,,有力,ゆうりょく,,,,,
"good prospects, promising",C,,有望,ゆうぼう,,,,,
organic,C,,有機,ゆうき,,,,,
beneficial,C,,有益,ゆうえき,,,,,
desirable,C,,望ましい,のぞましい,,,,,
unmarried,C,,未婚,みこん,,,,,
undetermined,C,,未定,みてい,,,,,
unripe,C,,未熟,みじゅく,,,,,
"not yet known, strange",C,,未知,みち,,,,,
underdeveloped,C,,未開,みかい,,,,,
"mere, only, just",C,,本の,ほんの,,,,,
main part,C,,本体,ほんたい,,,,,
real name,C,,本名,ほんみょう,,,,,
"authentic, genuine",C,,本場,ほんば,,,,,
"text, body, this sentence",C,,本文,ほんぶん,,,,,
orthodox,C,,本格,ほんかく,,,,,
serious,C,,本気,ほんき,,,,,
instinct,C,,本能,ほんのう,,,,,
"essence, nature",C,,本質,ほんしつ,,,,,
real opinion,C,,本音,ほんね,,,,,
main building,C,,本館,ほんかん,,,,,
"wand, cane",C,,杖,つえ,,,,,
"restraint, binding",C,,束縛,そくばく,,,,,
treaty,C,,条約,じょうやく,,,,,
sake cup,C,,杯,さかずき,,,,,
forestry,C,,林業,りんぎょう,,,,,
fulfill,C,,果たす,はたす,,,,,
"end, limit",C,,果て,はて,,,,,
frame,C,,枠,わく,,,,,
be dyed,C,,染まる,そまる,,,,,
"pierce, penetrate",C,,染みる,しみる,,,,,
"dye, color",C,,染める,そめる,,,,,
softness,C,,柔軟,じゅうなん,,,,,
pillar,C,,柱,はしら,,,,,
fence,C,,柵,さく,,,,,
prosper,C,,栄える,さかえる,,,,,
"stock, share",C,,株式,かぶしき,,,,,
"core, nucleus",C,,核,かく,,,,,
base,C,,根元,ねもと,,,,,
"basis, ground, reason",C,,根拠,こんきょ,,,,,
"patience, endurance",C,,根気,こんき,,,,,
"status, grammatical case",C,,格,かく,,,,,
worry about,C,,案じる,あんじる,,,,,
just as I feared,C,,案の定,あんのじょう,,,,,
pier,C,,桟橋,さんばし,,,,,
pickled plum,C,,梅干し,うめぼし,,,,,
treetop,C,,梢,こずえ,,,,,
colony,C,,植民地,しょくみんち,,,,,
public prosecutor,C,,検事,けんじ,,,,,
karma,C,,業,ごう,,,,,
"business, affairs, duties",C,,業務,ぎょうむ,,,,,
"achievement, performance",C,,業績,ぎょうせき,,,,,
"trader, dealer",C,,業者,ぎょうしゃ,,,,,
extremely,C,,極めて,きわめて,,,,,
paradise,C,,極楽,ごくらく,,,,,
"extreme, extremity",C,,極端,きょくたん,,,,,
musical score,C,,楽譜,がくふ,,,,,
concept,C,,概念,がいねん,,,,,
"general statement, outline",C,,概説,がいせつ,,,,,
structure,C,,構え,かまえ,,,,,
"set up, establish, maintain",C,,構える,かまえる,,,,,
"plan, design, conception",C,,構想,こうそう,,,,,
"style, form, pattern",C,,様式,ようしき,,,,,
motto,C,,標語,ひょうご,,,,,
imitation,C,,模倣,もほう,,,,,
physical model,C,,模型,もけい,,,,,
exemplar,C,,模範,もはん,,,,,
searching for a solution,C,,模索,もさく,,,,,
"right, authority, power",C,,権,けん,,,,,
power,C,,権力,けんりょく,,,,,
authority,C,,権威,けんい,,,,,
"jurisdiction, limits of power",C,,権限,けんげん,,,,,
trees and shrubs,C,,樹木,じゅもく,,,,,
arboretum,C,,樹木園,じゅもくえん,,,,,
"establishment, founding",C,,樹立,じゅりつ,,,,,
loom,C,,機,はた,,,,,
mechanism,C,,機構,きこう,,,,,
"chip, break, lack",C,,欠く,かく,,,,,
"shortage, famine",C,,欠乏,けつぼう,,,,,
"desire, lust",C,,欲望,よくぼう,,,,,
deceive,C,,欺く,あざむく,,,,,
"cheer, shout of joy",C,,歓声,かんせい,,,,,
"surely, no doubt",C,,正しく,まさしく,,,,,
being legitimate,C,,正当,せいとう,,,,,
justice,C,,正義,せいぎ,,,,,
correct answer,C,,正解,せいかい,,,,,
military power,C,,武力,ぶりょく,,,,,
"walking, progress",C,,歩み,あゆみ,,,,,
"walk, go on foot",C,,歩む,あゆむ,,,,,
dentistry,C,,歯科,しか,,,,,
death,C,,死,し,,,,,
"death penalty, cap. punish.",C,,死刑,しけい,,,,,
"especially, particularly",C,,殊に,ことに,,,,,
admirable,C,,殊勝,しゅしょう,,,,,
atrocity,C,,残虐,ざんぎゃく,,,,,
cruelty,C,,残酷,ざんこく,,,,,
bank balance,C,,残高,ざんだか,,,,,
murder,C,,殺人,さつじん,,,,,
alma mater,C,,母校,ぼこう,,,,,
"each, every",C,,毎,ごと,,,,,
proportion,C,,比例,ひれい,,,,,
ratio,C,,比率,ひりつ,,,,,
"relative density, importance",C,,比重,ひじゅう,,,,,
guesthouse,C,,民宿,みんしゅく,,,,,
ethnicity,C,,民族,みんぞく,,,,,
carefree,C,,気楽,きらく,,,,,
"disposition, nature",C,,気立て,きだて,,,,,
weather,C,,気象,きしょう,,,,,
temperament,C,,気質,きしつ,,,,,
"carefree, ease",C,,気軽,きがる,,,,,
"decision, resolution",C,,決意,けつい,,,,,
"decision, judgement",C,,決断,けつだん,,,,,
submerge,C,,沈める,しずめる,,,,,
"sinking, submersion",C,,沈没,ちんぼつ,,,,,
"silence, inaction",C,,沈黙,ちんもく,,,,,
rivers,C,,河川,かせん,,,,,
boiling,C,,沸騰,ふっとう,,,,,
oil painting,C,,油絵,あぶらえ,,,,,
public safety,C,,治安,ちあん,,,,,
therapy,C,,治療,ちりょう,,,,,
counter for nights of a stay,C,,泊,はく,,,,,
legal studies,C,,法学,ほうがく,,,,,
courtroom,C,,法廷,ほうてい,,,,,
bill,C,,法案,ほうあん,,,,,
tidal wave,C,,津波,つなみ,,,,,
flood,C,,洪水,こうずい,,,,,
activity,C,,活性,かっせい,,,,,
liveliness,C,,活発,かっぱつ,,,,,
"clique, group",C,,派,は,,,,,
dispatch,C,,派遣,はけん,,,,,
"current, stream",C,,流,りゅう,,,,,
sink,C,,流し,ながし,,,,,
circulation,C,,流通,りゅうつう,,,,,
"lowly, miserable",C,,浅ましい,あさましい,,,,,
"beach, seashore",C,,浜,はま,,,,,
beach ridge,C,,浜堤,ひんてい,,,,,
beach,C,,浜辺,はまべ,,,,,
buoyancy,C,,浮力,ふりょく,,,,,
infidelity,C,,浮気,うわき,,,,,
bathroom,C,,浴室,よくしつ,,,,,
strait,C,,海峡,かいきょう,,,,,
ocean current,C,,海流,かいりゅう,,,,,
soak,C,,浸す,ひたす,,,,,
elimination,C,,消去,しょうきょ,,,,,
liquid,C,,液,えき,,,,,
"deepen, intensify",C,,深める,ふかめる,,,,,
"commingling, mixing",C,,混同,こんどう,,,,,
multiracial,C,,混血,こんけつ,,,,,
meet expectations,C,,添う,そう,,,,,
"garnish, accompany",C,,添える,そえる,,,,,
refreshing,C,,清々しい,すがすがしい,,,,,
liquidation,C,,清算,せいさん,,,,,
"tart, bitter",C,,渋い,しぶい,,,,,
reduction,C,,減少,げんしょう,,,,,
temperate,C,,温和,おんわ,,,,,
satisfy,C,,満たす,みたす,,,,,
whole audience,C,,満場,まんじょう,,,,,
full moon,C,,満月,まんげつ,,,,,
"follow, conform, apply to",C,,準じる,じゅんじる,,,,,
semi-express train,C,,準急,じゅんきゅう,,,,,
apply correspondingly,C,,準用,じゅんよう,,,,,
liquid solution,C,,溶液,ようえき,,,,,
be destroyed,C,,滅びる,ほろびる,,,,,
"downfall, ruin, collapse",C,,滅亡,めつぼう,,,,,
"smooth, glossy",C,,滑らか,なめらか,,,,,
"funny, absurd",C,,滑稽,こっけい,,,,,
be delayed,C,,滞る,とどこおる,,,,,
falling behind,C,,滞納,たいのう,,,,,
fishing village,C,,漁村,ぎょそん,,,,,
fishing boat,C,,漁船,ぎょせん,,,,,
"drift, float",C,,漂う,ただよう,,,,,
leak something,C,,漏らす,もらす,,,,,
leak,C,,漏る,もる,,,,,
be leaked,C,,漏れる,もれる,,,,,
perform,C,,演じる,えんじる,,,,,
"staging, production",C,,演出,えんしゅつ,,,,,
"pedal, paddle",C,,漕ぐ,こぐ,,,,,
Sino-Japanese word,C,,漢語,かんご,,,,,
infiltration,C,,潜入,せんにゅう,,,,,
underwater diving,C,,潜水,せんすい,,,,,
encouragement,C,,激励,げきれい,,,,,
rinse,C,,濯ぐ,すすぐ,,,,,
Mars,C,,火星,かせい,,,,,
spark,C,,火花,ひばな,,,,,
disaster,C,,災害,さいがい,,,,,
fry,C,,炒める,いためる,,,,,
table with an electric heater,C,,炬燵,こたつ,,,,,
carbon,C,,炭素,たんそ,,,,,
ignition,C,,点火,てんか,,,,,
void,C,,無効,むこう,,,,,
"halter, headcollar, muzzle",C,,無口,むくち,,,,,
unneeded,C,,無用,むよう,,,,,
incompetence,C,,無能,むのう,,,,,
speechless,C,,無言,むごん,,,,,
"panic, be in a hurry",C,,焦る,あせる,,,,,
however,C,,然しながら,しかしながら,,,,,
not so much,C,,然程,さほど,,,,,
billow smoke,C,,煙る,けむる,,,,,
reflect light,C,,照り返す,てりかえす,,,,,
comparison,C,,照合,しょうごう,,,,,
lighting,C,,照明,しょうめい,,,,,
"troublesome, annoying",C,,煩わしい,わずらわしい,,,,,
fuel,C,,燃料,ねんりょう,,,,,
bomb,C,,爆弾,ばくだん,,,,,
unrequited love,C,,片思い,かたおもい,,,,,
accomplice,C,,片棒,かたぼう,,,,,
"edition, printing block",C,,版,はん,,,,,
printmaking,C,,版画,はんが,,,,,
pastor,C,,牧師,ぼくし,,,,,
"object, body",C,,物体,ぶったい,,,,,
controversy,C,,物議,ぶつぎ,,,,,
patent,C,,特許,とっきょ,,,,,
"feature, special report",C,,特集,とくしゅう,,,,,
"sacrifice, scapegoat",C,,犠牲,ぎせい,,,,,
commit,C,,犯す,おかす,,,,,
"shape, state",C,,状,じょう,,,,,
monopoly,C,,独占,どくせん,,,,,
"personal, original",C,,独自,どくじ,,,,,
dictatorship,C,,独裁,どくさい,,,,,
"fierce, intense",C,,猛烈,もうれつ,,,,,
beast,C,,獣,けもの,,,,,
acquisition,C,,獲得,かくとく,,,,,
spoils,C,,獲物,えもの,,,,,
expert,C,,玄人,くろうと,,,,,
"lead, command",C,,率いる,ひきいる,,,,,
developing film,C,,現像,げんぞう,,,,,
"local, on-site",C,,現地,げんち,,,,,
plant bulb,C,,球根,きゅうこん,,,,,
"theory, reason",C,,理屈,りくつ,,,,,
reason,C,,理性,りせい,,,,,
theory,C,,理論,りろん,,,,,
flattery,C,,甘口,あまくち,,,,,
make use of,C,,生かす,いかす,,,,,
give birth,C,,生む,うむ,,,,,
"physiology, menstruation",C,,生理,せいり,,,,,
"product, produce",C,,産物,さんぶつ,,,,,
nephew,C,,甥,おい,,,,,
instructions,C,,用法,ようほう,,,,,
form,C,,用紙,ようし,,,,,
proposal,C,,申し出,もうしで,,,,,
application,C,,申し込み,もうしこみ,,,,,
brush stroke,C,,画,かく,,,,,
keep in place,C,,留める,とどめる,,,,,
abbreviation,C,,略語,りゃくご,,,,,
position in a sequence,C,,番目,ばんめ,,,,,
opposite sex,C,,異性,いせい,,,,,
objection,C,,異論,いろん,,,,,
objection,C,,異議,いぎ,,,,,
negligent,C,,疎か,おろそか,,,,,
alienation,C,,疎外,そがい,,,,,
"doubt, misgivings",C,,疑惑,ぎわく,,,,,
fatigue,C,,疲労,ひろう,,,,,
"illness, disease",C,,病,やまい,,,,,
"be sick, get sick",C,,病む,やむ,,,,,
illness,C,,症,しょう,,,,,
be hurt,C,,痛む,いたむ,,,,,
hurt something,C,,痛める,いためる,,,,,
acne,C,,痤瘡,ざそう,,,,,
cancer,C,,癌,がん,,,,,
adhesion,C,,癒着,ゆちゃく,,,,,
departure,C,,発,はつ,,,,,
"spasm, attack",C,,発散,はっさ,,,,,
"occurrence, outbreak",C,,発生,はっせい,,,,,
"growth, physical development",C,,発育,はついく,,,,,
statement,C,,発言,はつげん,,,,,
registration,C,,登録,とうろく,,,,,
confession,C,,白状,はくじょう,,,,,
target,C,,的,まと,,,,,
imperial palace,C,,皇居,こうきょ,,,,,
wrinkle,C,,皺,しわ,,,,,
alliance,C,,盟,めい,,,,,
audit,C,,監査,かんさ,,,,,
"monitoring, observation",C,,監視,かんし,,,,,
"catalogue, inventory",C,,目録,もくろく,,,,,
"soon, right away",C,,直ぐ,すぐ,,,,,
intuition,C,,直感,ちょっかん,,,,,
confrontation,C,,直面,ちょくめん,,,,,
"together, mutually",C,,相,あい,,,,,
be incompatible,C,,相容れない,あいいれない,,,,,
suitable,C,,相応しい,ふさわしい,,,,,
shield,C,,盾,たて,,,,,
nursing,C,,看護,かんご,,,,,
truth,C,,真実,しんじつ,,,,,
pearl,C,,真珠,しんじゅ,,,,,
truth,C,,真理,しんり,,,,,
"sleepy, drowsy",C,,眠たい,ねむたい,,,,,
opthalmology,C,,眼科,がんか,,,,,
counter for suits,C,,着,ちゃく,,,,,
taking a seat,C,,着席,ちゃくせき,,,,,
landing,C,,着陸,ちゃくりく,,,,,
dress up,C,,着飾る,きかざる,,,,,
close one's eyes,C,,瞑る,つぶる,,,,,
arrow,C,,矢,や,,,,,
indiscriminate,C,,矢鱈,やたら,,,,,
natural intelligence,C,,知性,ちせい,,,,,
intellectual,C,,知的,ちてき,,,,,
junior college,C,,短大,たんだい,,,,,
gravel,C,,砂利,じゃり,,,,,
"hone, sharpen",C,,研ぐ,とぐ,,,,,
destruction,C,,破壊,はかい,,,,,
damage,C,,破損,はそん,,,,,
"not sufficiently, not properly",C,,碌に,ろくに,,,,,
securement,C,,確保,かくほ,,,,,
settlement,C,,確定,かくてい,,,,,
establishment,C,,確立,かくりつ,,,,,
magnetism,C,,磁気,じき,,,,,
shrine,C,,社,やしろ,,,,,
social life,C,,社交,しゃこう,,,,,
prayer,C,,祈り,いのり,,,,,
sacred mysteries,C,,神秘,しんぴ,,,,,
"holiness, sacredness",C,,神聖,しんせい,,,,,
prohibit,C,,禁じる,きんじる,,,,,
taboo,C,,禁物,きんもつ,,,,,
Zen Buddhism,C,,禅,ぜん,,,,,
fortune,C,,福,ふく,,,,,
welfare,C,,福祉,ふくし,,,,,
private ownership,C,,私有,しゆう,,,,,
private property,C,,私物,しぶつ,,,,,
personal use,C,,私用,しよう,,,,,
secretary,C,,秘書,ひしょ,,,,,
order,C,,秩序,ちつじょ,,,,,
"call, pretend",C,,称する,しょうする,,,,,
"migration, immigration",C,,移住,いじゅう,,,,,
immigration,C,,移民,いみん,,,,,
"migration, transition",C,,移行,いこう,,,,,
ultimate,C,,究極,きゅうきょく,,,,,
hunger,C,,空腹,くうふく,,,,,
"stop by, drop in",C,,立ち寄る,たちよる,,,,,
solid body,C,,立体,りったい,,,,,
legislation,C,,立法,りっぽう,,,,,
"pole, rod",C,,竿,さお,,,,,
mosquito,C,,箇,か,,,,,
"build, amass",C,,築く,きずく,,,,,
"simplicity, convenience",C,,簡易,かんい,,,,,
"concise, brief",C,,簡潔,かんけつ,,,,,
"simple, plain",C,,簡素,かんそ,,,,,
shut oneself in,C,,籠る,こもる,,,,,
pulverization,C,,粉々,こなごな,,,,,
fine powder,C,,粉末,ふんまつ,,,,,
"smart, chic",C,,粋,いき,,,,,
stickiness,C,,粘り,ねばり,,,,,
be sticky,C,,粘る,ねばる,,,,,
"elaborate, delicate",C,,精巧,せいこう,,,,,
"system, group",C,,系,けい,,,,,
be compressed,C,,約まる,つづまる,,,,,
"agreement, stipulation",C,,約款,やっかん,,,,,
confusing,C,,紛らわしい,まぎらわしい,,,,,
"disappear into, be lost in",C,,紛れる,まぎれる,,,,,
conflict,C,,紛争,ふんそう,,,,,
"loss, going missing",C,,紛失,ふんしつ,,,,,
"fast, quick",C,,素早い,すばやい,,,,,
"simple, unsophisticated",C,,素朴,そぼく,,,,,
"ingredient, material",C,,素材,そざい,,,,,
handiwork,C,,細工,さいく,,,,,
cell,C,,細胞,さいぼう,,,,,
bacteria,C,,細菌,さいきん,,,,,
from beginning to end,C,,終始,しゅうし,,,,,
combine,C,,組み合わせる,くみあわせる,,,,,
"insert, include, incorporate",C,,組み込む,くみこむ,,,,,
"pass through, experience",C,,経る,へる,,,,,
chronology,C,,経緯,いきさつ,,,,,
expense,C,,経費,けいひ,,,,,
passage of time,C,,経過,けいか,,,,,
be connected,C,,結びつく,むすびつく,,,,,
connect,C,,結び付ける,むすびつける,,,,,
bond,C,,結合,けつごう,,,,,
formation,C,,結成,けっせい,,,,,
crystal,C,,結晶,けっしょう,,,,,
tuberculosis,C,,結核,けっかく,,,,,
entangle,C,,絡む,からむ,,,,,
give,C,,給う,たまう,,,,,
school lunch,C,,給食,きゅうしょく,,,,,
command and control,C,,統制,とうせい,,,,,
integration,C,,統合,とうごう,,,,,
"rule, reign",C,,統治,とうち,,,,,
"die out, peter out",C,,絶える,たえる,,,,,
hopelessness,C,,絶望,ぜつぼう,,,,,
"succeed, take over",C,,継ぐ,つぐ,,,,,
"net, web, grill",C,,網,あみ,,,,,
"bind, file",C,,綴じる,とじる,,,,,
emergency,C,,緊急,きんきゅう,,,,,
"synthesis, general",C,,総合,そうごう,,,,,
"compilation, volume",C,,編,へん,,,,,
loose,C,,緩やか,ゆるやか,,,,,
"relief, softening",C,,緩和,かんわ,,,,,
"knead, thicken into a paste",C,,練る,ねる,,,,,
"be shortened, be narrowed",C,,縮まる,ちぢまる,,,,,
fiber,C,,繊維,せんい,,,,,
unity,C,,纏まり,まとまり,,,,,
verbally abuse,C,,罵る,ののしる,,,,,
beauty,C,,美,び,,,,,
fine art,C,,美術,びじゅつ,,,,,
"group, bunch, crowd",C,,群,ぐん,,,,,
"swarm, gather",C,,群がる,むらがる,,,,,
"crowd, community, gathering",C,,群集,ぐんしゅう,,,,,
"duty, honor, decency",C,,義理,ぎり,,,,,
"soar, dash",C,,翔ける,かける,,,,,
grow old,C,,老ける,ふける,,,,,
senility,C,,老衰,ろうすい,,,,,
archaeology,C,,考古学,こうこがく,,,,,
earlobe,C,,耳朶,みみたぶ,,,,,
"ear, nose, and throat dep.",C,,耳鼻科,じびか,,,,,
Bible,C,,聖書,せいしょ,,,,,
listening comprehension,C,,聞き取り,ききとり,,,,,
"rise, soar",C,,聳える,そびえる,,,,,
sense of hearing,C,,聴覚,ちょうかく,,,,,
stethoscope,C,,聴診器,ちょうしんき,,,,,
"service, duty",C,,職務,しょくむ,,,,,
staff member,C,,職員,しょくいん,,,,,
flesh,C,,肉体,にくたい,,,,,
blood relative,C,,肉親,にくしん,,,,,
"essential, vital",C,,肝心,かんじん,,,,,
"crotch, thigh",C,,股,また,,,,,
growing up,C,,育ち,そだち,,,,,
"rearing, training",C,,育成,いくせい,,,,,
lung,C,,肺,はい,,,,,
background,C,,背後,はいご,,,,,
background,C,,背景,はいけい,,,,,
fat,C,,脂肪,しぼう,,,,,
threat,C,,脅し,おどし,,,,,
threaten,C,,脅す,おどす,,,,,
intimidation,C,,脅迫,きょうはく,,,,,
pulse,C,,脈,みゃく,,,,,
"screenplay, script",C,,脚本,きゃくほん,,,,,
dramatization,C,,脚色,きゃくしょく,,,,,
"escape from, get out",C,,脱する,だっする,,,,,
"leaving, withdrawl",C,,脱退,だったい,,,,,
brain,C,,脳,のう,,,,,
decomposition,C,,腐敗,ふはい,,,,,
"ability, skill",C,,腕前,うでまえ,,,,,
"swell, become swollen",C,,腫れる,はれる,,,,,
anger,C,,腹立ち,はらだち,,,,,
bulge,C,,膨れる,ふくれる,,,,,
"increase, growth",C,,膨張,ぼうちょう,,,,,
counter for chopsticks,C,,膳,ぜん,,,,,
pancreas,C,,膵臓,すいぞう,,,,,
abscess,C,,膿瘍,のうよう,,,,,
cowardice,C,,臆病,おくびょう,,,,,
confront,C,,臨む,のぞむ,,,,,
confidence,C,,自信,じしん,,,,,
self-esteem,C,,自尊心,じそんしん,,,,,
oneself,C,,自己,じこ,,,,,
ego,C,,自我,じが,,,,,
independence,C,,自立,じりつ,,,,,
self-awareness,C,,自覚,じかく,,,,,
rotation,C,,自転,じてん,,,,,
surrender,C,,自首,じしゅ,,,,,
exceedingly,C,,至って,いたって,,,,,
excitement,C,,興奮,こうふん,,,,,
lick,C,,舐める,なめる,,,,,
"dance, revolve",C,,舞う,まう,,,,,
navigation,C,,航海,こうかい,,,,,
vessel,C,,船舶,せんぱく,,,,,
conscience,C,,良心,りょうしん,,,,,
good sense,C,,良識,りょうしき,,,,,
good quality,C,,良質,りょうしつ,,,,,
lawn,C,,芝,しば,,,,,
flower petal,C,,花弁,はなびら,,,,,
pollen,C,,花粉,かふん,,,,,
otherwise,C,,若しくは,もしくは,,,,,
"some, somewhat",C,,若干,じゃっかん,,,,,
torment,C,,苦しめる,くるしめる,,,,,
English letters,C,,英字,えいじ,,,,,
hero,C,,英雄,えいゆう,,,,,
"wild, rough",C,,荒っぽい,あらっぽい,,,,,
"devastate, damage",C,,荒らす,あらす,,,,,
"devastation, decay",C,,荒廃,こうはい,,,,,
"load, baggage",C,,荷,に,,,,,
"brilliant, splendid",C,,華々しい,はなばなしい,,,,,
"showy, brilliant",C,,華やか,はなやか,,,,,
splendor,C,,華美,かび,,,,,
get depressed,C,,落ち込む,おちこむ,,,,,
descent,C,,落下,らっか,,,,,
"remarkable, significant",C,,著しい,いちじるしい,,,,,
"well-known, celebrated",C,,著名,ちょめい,,,,,
writings,C,,著書,ちょしょ,,,,,
"bury, entomb",C,,葬る,ほうむる,,,,,
distillation,C,,蒸留,じょうりゅう,,,,,
accumulation,C,,蓄積,ちくせき,,,,,
"warehouse, storehouse",C,,蔵,くら,,,,,
Minister of Finance,C,,蔵相,ぞうしょう,,,,,
"feebleness, weakness",C,noun,薄弱,はくじゃく,,,,,
straw,C,noun,藁,わら,,,,,
"vain, empty, shallow",C,,虚しい,むなしい,,,,,
"cavity, hollow, void",C,,虚ろ,うつろ,,,,,
protein,C,,蛋白質,たんぱくしつ,,,,,
honey,C,,蜂蜜,はちみつ,,,,,
butterfly,C,,蝶,ちょう,,,,,
loan,C,,融資,ゆうし,,,,,
screwdriver,C,,螺子回し,ねじまわし,,,,,
blood vessel,C,,血管,けっかん,,,,,
"row, line",C,,行,ぎょう,,,,,
bank teller,C,,行員,こういん,,,,,
"administration, executive",C,,行政,ぎょうせい,,,,,
act,C,,行為,こうい,,,,,
parade,C,,行進,こうしん,,,,,
"highway, main road",C,,街道,かいどう,,,,,
on the street,C,,街頭,がいとう,,,,,
hygiene,C,,衛生,えいせい,,,,,
shock,C,,衝撃,しょうげき,,,,,
clothing,C,,衣料,いりょう,,,,,
costume,C,,衣装,いしょう,,,,,
"clothes, garments",C,,衣類,いるい,,,,,
"wane, lessen",C,,衰える,おとろえる,,,,,
judge someone,C,,裁く,さばく,,,,,
"compensation, reparation",C,,補償,ほしょう,,,,,
replenishment,C,,補充,ほじゅう,,,,,
assistance,C,,補助,ほじょ,,,,,
"supplying, replenishment",C,,補給,ほきゅう,,,,,
barefoot,C,,裸足,はだし,,,,,
place of manufacture,C,,製,せい,,,,,
"reward, prize",C,,褒美,ほうび,,,,,
collar,C,,襟,えり,,,,,
"attack, assail",C,,襲う,おそう,,,,,
"anno domini, Western calendar",C,,西暦,せいれき,,,,,
"need, demand, require",C,,要する,ようする,,,,,
main cause,C,,要因,よういん,,,,,
"appeal, request",C,,要請,ようせい,,,,,
"overturn, overthrow",C,,覆す,くつがえす,,,,,
"mask, veil",C,,覆面,ふくめん,,,,,
marriage interview,C,,見合い,みあい,,,,,
catch sight of,C,,見掛ける,みかける,,,,,
"view, way of seeing things",C,,見方,みかた,,,,,
"sales quote, estimate",C,,見積もり,みつもり,,,,,
"hope, chance, expectation",C,,見込み,みこみ,,,,,
"overlook, miss",C,,見逃す,みのがす,,,,,
prospect,C,,見通し,みとおし,,,,,
regulation,C,,規制,きせい,,,,,
regulation,C,,規定,きてい,,,,,
"scale, scope",C,,規模,きぼ,,,,,
convention,C,,規約,きやく,,,,,
"inspection, observation",C,,視察,しさつ,,,,,
"perspective, point of view",C,,視点,してん,,,,,
sense of vision,C,,視覚,しかく,,,,,
"outlook, field of vision",C,,視野,しや,,,,,
memory,C,,覚え,おぼえ,,,,,
"friendship, goodwill",C,,親善,しんぜん,,,,,
point of view,C,,観点,かんてん,,,,,
angle,C,,角,かく,,,,,
cancellation,C,,解除,かいじょ,,,,,
excuse,C,,言い訳,いいわけ,,,,,
correction,C,,訂正,ていせい,,,,,
"meter, gauge",C,,計器,けいき,,,,,
"write down, remark",C,,記す,しるす,,,,,
"mention, statement, listing",C,,記載,きさい,,,,,
"description, account",C,,記述,きじゅつ,,,,,
visit,C,,訪れる,おとずれる,,,,,
"set up, arrange",C,,設ける,もうける,,,,,
setting,C,,設定,せってい,,,,,
founding,C,,設立,せつりつ,,,,,
installation,C,,設置,せっち,,,,,
"permission, allowance",C,,許容,きょよう,,,,,
"lawsuit, complaint",C,,訴え,うったえ,,,,,
lawsuit,C,,訴訟,そしょう,,,,,
diagnosis and treatment,C,,診療,しんりょう,,,,,
proof,C,,証,あかし,,,,,
witness,C,,証人,しょうにん,,,,,
evidence,C,,証拠,しょうこ,,,,,
testimony,C,,証言,しょうげん,,,,,
fraud,C,,詐欺,さぎ,,,,,
annotation,C,,評釈,ひょうしゃく,,,,,
attempt,C,,試みる,こころみる,,,,,
corresponding,C,,該当,がいとう,,,,,
details,C,,詳細,しょうさい,,,,,
be proud,C,,誇る,ほこる,,,,,
exaggeration,C,,誇張,こちょう,,,,,
"cognition, perception",C,,認識,にんしき,,,,,
"temptation, allurement",C,,誘惑,ゆうわく,,,,,
vocabulary,C,,語彙,ごい,,,,,
etymology,C,,語源,ごげん,,,,,
make a mistake,C,,誤る,あやまる,,,,,
"explain, advocate, preach",C,,説く,とく,,,,,
persuasion,C,,説得,せっとく,,,,,
read aloud,C,,読み上げる,よみあげる,,,,,
reader,C,,読者,どくしゃ,,,,,
assignment,C,,課題,かだい,,,,,
mediation,C,,調停,ちょうてい,,,,,
"harmony, accord",C,,調和,ちょうわ,,,,,
cooking,C,,調理,ちょうり,,,,,
logic,C,,論理,ろんり,,,,,
"discussion, argument, debate",C,,論議,ろんぎ,,,,,
all evil,C,,諸悪,しょあく,,,,,
refusal,C,,謝絶,しゃぜつ,,,,,
vigilance,C,,警戒,けいかい,,,,,
bill,C,,議案,ぎあん,,,,,
agenda,C,,議題,ぎだい,,,,,
concession,C,,譲歩,じょうほ,,,,,
"escort, convoy",C,,護衛,ごえい,,,,,
abundant harvest,C,,豊作,ほうさく,,,,,
symbol,C,,象徴,しょうちょう,,,,,
Australia,C,,豪州,ごうしゅう,,,,,
"shell, seashell",C,,貝殻,かいがら,,,,,
"bear, carry",C,,負う,おう,,,,,
injury,C,,負傷,ふしょう,,,,,
burden,C,,負担,ふたん,,,,,
"fortune, goods",C,,財,ざい,,,,,
finance,C,,財政,ざいせい,,,,,
poverty,C,,貧乏,びんぼう,,,,,
poverty,C,,貧困,ひんこん,,,,,
"money, currency",C,,貨幣,かへい,,,,,
"penetrate, persist, stick to",C,,貫く,つらぬく,,,,,
obligation,C,,責務,せきむ,,,,,
savings,C,,貯蓄,ちょちく,,,,,
"precious, valuable, sacred",C,,貴い,とうとい,,,,,
"nobility, aristocracy",C,,貴族,きぞく,,,,,
"cost, expense",C,,費,ひ,,,,,
"spend, waste",C,,費やす,ついやす,,,,,
poster,C,,貼り紙,はりがみ,,,,,
"provide, supply",C,,賄う,まかなう,,,,,
certification,C,,資格,しかく,,,,,
asset,C,,資産,しさん,,,,,
"funds, capital",C,,資金,しきん,,,,,
be crowded with people,C,,賑わう,にぎわう,,,,,
"praise, glorification",C,,賛美,さんび,,,,,
"modest, simple, frugal",C,,質素,しっそ,,,,,
"earn, dedicate oneself to",C,,賭ける,かける,,,,,
purchasing,C,,購入,こうにゅう,,,,,
subscription,C,,購読,こうどく,,,,,
deficit,C,,赤字,あかじ,,,,,
proceed toward,C,,赴く,おもむく,,,,,
new appointment,C,,赴任,ふにん,,,,,
ups and downs,C,,起伏,きふく,,,,,
origin,C,,起源,きげん,,,,,
starting point,C,,起点,きてん,,,,,
super,C,,超,ちょう,,,,,
"point, intent",C,,趣旨,しゅし,,,,,
addition,C,,足し算,たしざん,,,,,
distance,C,,距離,きょり,,,,,
"heir, successor",C,,跡継ぎ,あとつぎ,,,,,
straddle,C,,跨る,またがる,,,,,
heel,C,,踵,かかと,,,,,
kick off,C,,蹴飛ばす,けとばす,,,,,
gesture,C,,身振り,みぶり,,,,,
near oneself,C,,身近,みぢか,,,,,
"discipline, training",C,,躾,しつけ,,,,,
be in the same fashion,C,,軌を一にする,きをいつにする,,,,,
social norm,C,,軌範,きはん,,,,,
orbit. track,C,,軌道,きどう,,,,,
military,C,,軍事,ぐんじ,,,,,
armaments,C,,軍備,ぐんび,,,,,
military uniform,C,,軍服,ぐんぷく,,,,,
warship,C,,軍艦,ぐんかん,,,,,
turn,C,,転じる,てんじる,,,,,
job relocation,C,,転勤,てんきん,,,,,
"about-face, change of heart",C,,転向,てんこう,,,,,
changeover,C,,転換,てんかん,,,,,
"fall, tumble",C,,転落,てんらく,,,,,
"axis, shaft",C,,軸,じく,,,,,
"cheerful, springy",C,,軽快,けいかい,,,,,
"abatement, reduction",C,,軽減,けいげん,,,,,
"rash, thoughtless, careless",C,,軽率,けいそつ,,,,,
"scorn, disdain, contempt",C,,軽蔑,けいべつ,,,,,
"patience, endurance",C,,辛抱,しんぼう,,,,,
resignation,C,,辞職,じしょく,,,,,
farmland,C,,農地,のうち,,,,,
farm,C,,農場,のうじょう,,,,,
"coherence, consistency",C,,辻褄,つじつま,,,,,
"load, charge",C,,込める,こめる,,,,,
finally reach,C,,辿り着く,たどりつく,,,,,
"follow, trace",C,,辿る,たどる,,,,,
approach,C,,近付く,ちかづく,,,,,
nearsightedness,C,,近眼,きんがん,,,,,
nearsightedness,C,,近視,きんし,,,,,
outskirts,C,,近郊,きんこう,,,,,
repayment,C,,返済,へんさい,,,,,
persecution,C,,迫害,はくがい,,,,,
dive into,C,,追い込む,おいこむ,,,,,
"investigation, pursuit",C,,追及,ついきゅう,,,,,
ousting,C,,追放,ついほう,,,,,
"chase, pursuit",C,,追跡,ついせき,,,,,
expulsion from school,C,,退学,たいがく,,,,,
curing an illness,C,,退治,たいじ,,,,,
"retirement, resignation",C,,退職,たいしょく,,,,,
sending money,C,,送金,そうきん,,,,,
run away,C,,逃げ出す,にげだす,,,,,
escape,C,,逃れる,のがれる,,,,,
"escape, defect",C,,逃亡,とうぼう,,,,,
escape,C,,逃走,とうそう,,,,,
handstand,C,,逆立ち,さかだち,,,,,
sudden reversal,C,,逆転,ぎゃくてん,,,,,
en route,C,,途上,とじょう,,,,,
"authority, document counter",C,,通,つう,,,,,
ordinary,C,,通常,つうじょう,,,,,
"link, line up",C,,連ねる,つらねる,,,,,
"troupe, company",C,,連中,れんちゅう,,,,,
consecutive holidays,C,,連休,れんきゅう,,,,,
solidarity,C,,連帯,れんたい,,,,,
day after day,C,,連日,れんじつ,,,,,
"league, federation",C,,連盟,れんめい,,,,,
federation,C,,連邦,れんぽう,,,,,
"advancement, launch",C,,進出,しんしゅつ,,,,,
evolution,C,,進化,しんか,,,,,
development,C,,進展,してん,,,,,
progression,C,,進行,しんこう,,,,,
future course,C,,進路,しんろ,,,,,
avert,C,,逸らす,そらす,,,,,
at the latest,C,,遅くとも,おそくとも,,,,,
delay something,C,,遅らす,おくらす,,,,,
delay,C,,遅れ,おくれ,,,,,
nomadism,C,,遊牧,ゆうぼく,,,,,
destiny,C,,運命,うんめい,,,,,
"management, administration",C,,運営,うんえい,,,,,
fare,C,,運賃,うんちん,,,,,
overwork,C,,過労,かろう,,,,,
overcrowding,C,,過密,かみつ,,,,,
martial arts school,C,,道場,どうじょう,,,,,
achievement,C,,達成,たっせい,,,,,
"healthy, clever",C,,達者,たっしゃ,,,,,
do,C,,遣る,やる,,,,,
far away,C,,遥か,はるか,,,,,
"suit, serve, meet, answer",C,,適う,かなう,,,,,
adaptation,C,,適応,てきおう,,,,,
election,C,,選挙,せんきょ,,,,,
ruins,C,,遺跡,いせき,,,,,
taking refuge,C,,避難,ひなん,,,,,
"department, club",C,,部,ぶ,,,,,
subordinate,C,,部下,ぶか,,,,,
homesickness,C,,郷愁,きょうしゅう,,,,,
romantic partner,C,,配偶者,はいぐうしゃ,,,,,
"distribution, allotment",C,,配分,はいぶん,,,,,
distribution,C,,配布,はいふ,,,,,
"consideration, concern",C,,配慮,はいりょ,,,,,
"distribution, rationing",C,,配給,はいきゅう,,,,,
"arrangement, layout",C,,配置,はいち,,,,,
acetic acid,C,,酢酸,さくさん,,,,,
acid,C,,酸,さん,,,,,
oxidation,C,,酸化,さんか,,,,,
"respect, honor",C,,重んじる,おもんじる,,,,,
priceless treasure,C,,重宝,ちょうほう,,,,,
"duplication, repetition",C,,重複,じゅうふく,,,,,
opposition party,C,,野党,やとう,,,,,
outdoors,C,,野外,やがい,,,,,
ambition,C,,野心,やしん,,,,,
wild,C,,野生,やせい,,,,,
hammer,C,,金槌,かなづち,,,,,
iron bar,C,,鉄棒,てつぼう,,,,,
lead,C,,鉛,なまり,,,,,
mine,C,,鉱山,こうざん,,,,,
mining,C,,鉱業,こうぎょう,,,,,
illusion,C,,錯覚,さっかく,,,,,
"mistake, error, discrepancy",C,,錯誤,さくご,,,,,
"train, drill",C,,鍛える,きたえる,,,,,
hosting,C,,開催,かいさい,,,,,
development,C,,開発,かいはつ,,,,,
make a mistake,C,,間違う,まちがう,,,,,
involvement,C,,関与,かんよ,,,,,
tariff,C,,関税,かんぜい,,,,,
darkness,C,,闇,やみ,,,,,
fire prevention,C,,防火,ぼうか,,,,,
defense,C,,防衛,ぼうえい,,,,,
"limit, restriction",C,,限定,げんてい,,,,,
exclusion,C,,除外,じょがい,,,,,
"gloomy, dismal",C,,陰気,いんき,,,,,
"floor, level",C,,階,かい,,,,,
"class, level",C,,階層,かいそう,,,,,
socioeconomic class,C,,階級,かいきゅう,,,,,
"interfere with, hinder",C,,障る,さわる,,,,,
retirement,C,,隠居,いんきょ,,,,,
male,C,,雄,おす,,,,,
"artistry, good taste",C,,雅致,がち,,,,,
employment,C,,雇用,こよう,,,,,
female,C,,雌,めす,,,,,
messy,C,,雑,ざつ,,,,,
chatter,C,,雑談,ざつだん,,,,,
"chick, baby bird",C,,雛,ひよこ,,,,,
"difficulty, trouble",C,,難,なん,,,,,
rainwear,C,,雨具,あまぐ,,,,,
rainy weather,C,,雨天,うてん,,,,,
avalanche,C,,雪崩,なだれ,,,,,
power source,C,,電源,でんげん,,,,,
cable,C,,電線,でんせん,,,,,
dew,C,,露,つゆ,,,,,
"crude, blunt, plain",C,,露骨,ろこつ,,,,,
stillness,C,,静止,せいし,,,,,
"mistake, fault",C,,非,ひ,,,,,
delinquency,C,,非行,ひこう,,,,,
criticism,C,,非難,ひなん,,,,,
face,C,,面する,めんする,,,,,
pimple,C,,面皰,にきび,,,,,
"face, honor, reputation",C,,面目,めんぼく,,,,,
revolution,C,,革命,かくめい,,,,,
"innovation, reform",C,,革新,かくしん,,,,,
peak,C,,頂,いただき,,,,,
"deposit, deposit account",C,,預金,よきん,,,,,
"solid, strong, sturdy",C,,頑丈,がんじょう,,,,,
stubborn,C,,頑固,がんこ,,,,,
territory,C,,領土,りょうど,,,,,
"area, domain",C,,領域,りょういき,,,,,
territorial waters,C,,領海,りょうかい,,,,,
request,C,,頼み,たのみ,,,,,
"chin, jaw",C,,顎,あご,,,,,
application form,C,,願書,がんしょ,,,,,
"kind, sort, type",C,,類い,たぐい,,,,,
"look back on, reflect on",C,,顧みる,かえりみる,,,,,
"manners, customs",C,,風俗,ふうぞく,,,,,
windmill,C,,風車,ふうしゃ,,,,,
quickly,C,,颯と,さっと,,,,,
"differ, clash",C,,食い違う,くいちがう,,,,,
swallow,C,,飲み込む,のみこむ,,,,,
"raising, rearing",C,,飼育,しいく,,,,,
"saturation, satiation",C,,飽和,ほうわ,,,,,
cultivate,C,,養う,やしなう,,,,,
"training, education",C,,養成,ようせい,,,,,
"nursing, protective care",C,,養護,ようご,,,,,
leader,C,,首脳,しゅのう,,,,,
spice,C,,香辛料,こうしんりょう,,,,,
"absurd, foolish",C,,馬鹿馬鹿しい,ばかばかしい,,,,,
"poor quality work, rubbish",C,,駄作,ださく,,,,,
"run, gallop",C,,駆ける,かける,,,,,
"running fast, hurrying",C,,駆け足,かけあし,,,,,
turmoil,C,,騒動,そうどう,,,,,
surprise,C,,驚き,おどろき,,,,,
"wonder, miracle",C,,驚異,きょうい,,,,,
antique,C,,骨董品,こっとうひん,,,,,
"rise, be promoted",C,,高まる,たかまる,,,,,
plateau,C,,高原,こうげん,,,,,
"gloomy, depressing",C,,鬱陶しい,うっとうしい,,,,,
vivid,C,,鮮やか,あざやか,,,,,
shrine archway,C,,鳥居,とりい,,,,,
bamboo shoots,C,,麺麻,めんま,,,,,
hemp,C,,麻,あさ,,,,,
paralysis,C,,麻痺,まひ,,,,,
anesthesia,C,,麻酔,ますい,,,,,
gold,C,,黄金,おうごん,,,,,
surplus,C,,黒字,くろじ,,,,,
germs,C,,黴菌,ばいきん,,,,,
"snoring, snore",C,,鼾,いびき,,,,,
bring about,C,,齎す,もたらす,,,,,
nominative case,,,主格,しゅかく,,,,,
"mainstream, commonplace",,,主流,しゅりゅう,,,,,
entree,,,主菜,しゅさい,,,,,
subjective,,,主観的,しゅかんてき,,,,,
for the first time in a while,,,久々,ひさびさ,,,,,
eternity,,,久遠,くおん,,,,,
while,,,乍ら,ながら,,,,,
transit platform,,,乗り場,のりば,,,,,
horseback riding,,,乗馬,じょうば,,,,,
Kyushu,,,九州,きゅうしゅう,,,,,
disorder,,,乱れ,みだれ,,,,,
overfishing,,,乱獲,らんかく,,,,,
infant,,,乳児,にゅうじ,,,,,
breast,,,乳房,ちぶさ,,,,,
milking,,,乳搾り,ちちしぼり,,,,,
dairy products,,,乳製品,にゅうせいひん,,,,,
nipple,,,乳首,ちくび,,,,,
dry season,,,乾季,かんき,,,,,
turtle,,,亀,かめ,,,,,
tortoise shell,,,亀甲,きっこう,,,,,
"crack, crevice",,,亀裂,きれつ,,,,,
glans,,,亀頭,きとう,,,,,
preparatory school,,,予備校,よびこう,,,,,
"trailer, advance notice",,,予告,よこく,,,,,
vaccination,,,予防接種,よぼうせっしゅ,,,,,
point of contention,,,争点,そうてん,,,,,
both of them,,,二人共,ふたりとも,,,,,
twenty-seven days,,numeral,二十七日,にじゅうしちにち,,,,,
twenty-six days,,numeral,二十六日,にじゅうろくにち,,,,,
second time,,numeral,二回目,にかいめ,,,,,
two years,,numeral,二年間,にねんかん,,,,,
twice,,numeral,二度,にど,,,,,
hangover,,,二日酔い,ふつかよい,,,,,
two o'clock,,numeral,二時,にじ,,,,,
second floor,,numeral,二階,にかい,,,,,
"reciprocity, mutual benefit",,,互恵,ごけい,,,,,
compatibility,,,互換,ごかん,,,,,
"equal in ability, well-matched",,,互角,ごかく,,,,,
five minutes,,,五分,ごふん,,,,,
five years,,,五年,ごねん,,,,,
May,,,五月,ごがつ,,,,,
subtropics,,,亜熱帯,あねったい,,,,,
subspecies,,,亜種,あしゅ,,,,,
zinc,,,亜鉛,あえん,,,,,
defection,,,亡命,ぼうめい,,,,,
ghost,,,亡霊,ぼうれい,,,,,
"corpse, remains",,,亡骸,なきがら,,,,,
in front of people,,,人前,ひとまえ,,,,,
number of people,,numeral,人数,にんずう,,,,,
human rights,,,人権,じんけん,,,,,
populism,,,人民主義,じんみんしゅぎ,,,,,
"racial discrimination, racism",,,人種差別,じんしゅさべつ,,,,,
mermaid,,,人魚,にんぎょ,,,,,
humanity and justice,,,仁義,じんぎ,,,,,
from now on,,,今から,いまから,,,,,
these days,,,今日,こんにち,,,,,
"with the help of, through",,,介する,かいする,,,,,
nursing care insurance,,,介護保険,かいごほけん,,,,,
France,,,仏国,ふっこく,,,,,
Buddhism,,,仏教,ぶっきょう,,,,,
French,,,仏語,ふつご,,,,,
"official, civil service",,,仕,し,,,,,
it cannot be helped,,,仕方が無い,しかたがない,,,,,
tailor,,,仕立屋,したてや,,,,,
"what is more, furthermore",,,他にも,ほかにも,,,,,
direct someone somewhere,,,付かせる,つかせる,,,,,
Sendai,,,仙台,せんだい,,,,,
generation,,,代,だい,,,,,
for generations,,,代々,だいだい,,,,,
cost,,,代価,だいか,,,,,
proxy,,,代理人,だいりにん,,,,,
representative,,,代表的,だいひょうてき,,,,,
metabolism,,,代謝,たいしゃ,,,,,
"famous, held in high regard",,,令名,れいめい,,,,,
Reiwa period,,,令和,れいわ,,,,,
warrant,,,令状,れいじょう,,,,,
nap,,,仮眠,かみん,,,,,
hypothesis,,,仮設,かせつ,,,,,
mask,,,仮面,かめん,,,,,
mediator,,,仲介者,ちゅうかいしゃ,,,,,
friendly,,,仲良く,なかよく,,,,,
matter,,,件,けん,,,,,
"subject, title",,,件名,けんめい,,,,,
number of events,,,件数,けんすう,,,,,
plan,,,企てる,くわだてる,,,,,
"rest area, rest stop",,,休憩所,きゅうけいじょ,,,,,
"company employee, office worker",,,会社員,かいしゃいん,,,,,
slight bow,,,会釈,えしゃく,,,,,
traditional,,,伝統的,でんとうてき,,,,,
message,,,伝言,でんごん,,,,,
transmission,,,伝送,でんそう,,,,,
Brazil,,,伯国,はっこく,,,,,
"count, earl",,,伯爵,はくしゃく,,,,,
uncle,,,伯父,おじ,,,,,
"companion, partner",,,伴侶,はんりょ,,,,,
growth,,,伸び,のび,,,,,
shrub,,,低木,ていぼく,,,,,
low temperature,,,低温,ていおん,,,,,
low blood pressure,,,低血圧,ていけつあつ,,,,,
inhabitant,,,住人,じゅうにん,,,,,
residential area,,,住宅地,じゅうたくち,,,,,
residence certificate,,,住民票,じゅうみんひょう,,,,,
inside the body,,,体内,たいない,,,,,
gymnasium,,,体育館,たいいくかん,,,,,
physical health,,,体調,たいちょう,,,,,
physical constitution,,,体質,たいしつ,,,,,
body weight,,,体重,たいじゅう,,,,,
scale for body weight,,,体重計,たいじゅうけい,,,,,
nothing at all,,,何ら,なんら,,,,,
what,,,何事,なにごと,,,,,
how many people,,,何人,なんにん,,,,,
"what year, how many years",,,何年,なんねん,,,,,
how old,,,何歳,なんさい,,,,,
quite a lot,,,余っ程,よっぽど,,,,,
digression,,,余談,よだん,,,,,
"build up, make up",,,作り上げる,つくりあげる,,,,,
create,,,作り出す,つくりだす,,,,,
remake,,,作り変える,つくりかえる,,,,,
remake,,,作り直す,つくりなおす,,,,,
made-up story,,,作り話,つくりばなし,,,,,
composer,,,作曲家,さっきょくか,,,,,
double play in baseball,,,併殺,へいさつ,,,,,
combined use,,,併用,へいよう,,,,,
disposable,,,使い捨て,つかいすて,,,,,
messenger,,,使者,ししゃ,,,,,
example sentence,,,例文,れいぶん,,,,,
client,,,依頼人,いらいにん,,,,,
personal values,,,価値観,かちかん,,,,,
"disdain, despise",,,侮る,あなどる,,,,,
invasion,,,侵攻,しんこう,,,,,
erosion,,,侵食,しんしょく,,,,,
flight number,,,便名,びんめい,,,,,
toilet,,,便器,べんき,,,,,
toilet seat,,,便座,べんざ,,,,,
constipation,,,便秘,べんぴ,,,,,
person in charge,,,係員,かかりいん,,,,,
cutting board,,,俎板,まないた,,,,,
"layman, common, vulgar",,,俗,ぞく,,,,,
slang,,,俗語,ぞくご,,,,,
"retention, maintenance",,,保持,ほじ,,,,,
possession,,,保有,ほゆう,,,,,
incubator,,,保育器,ほいくき,,,,,
nursery school,,,保育園,ほいくえん,,,,,
guardian,,,保護者,ほごしゃ,,,,,
insurance company,,,保険会社,ほけんがいしゃ,,,,,
insurance card,,,保険証,ほけんしょう,,,,,
belief,,,信念,しんねん,,,,,
"study, master, repair",,,修める,おさめる,,,,,
rhetoric,,,修辞学,しゅうじがく,,,,,
monk,,,修道士,しゅうどうし,,,,,
nun,,,修道女,しゅうどうじょ,,,,,
haiku poet,,,俳人,はいじん,,,,,
"we, us",,,俺達,おれたち,,,,,
individually,,,個人的,こじんてき,,,,,
private room,,,個室,こしつ,,,,,
unique,,,個性的,こせいてき,,,,,
double,,,倍増,ばいぞう,,,,,
"season, weather",,,候,こう,,,,,
candidate,,,候補者,こうほしゃ,,,,,
renting a house,,,借家,しゃくや,,,,,
ethics,,,倫理,りんり,,,,,
great person,,,偉人,いじん,,,,,
great achievement,,,偉業,いぎょう,,,,,
migraine,,,偏頭痛,へんずつう,,,,,
ceasefire,,,停戦,ていせん,,,,,
healthy,,,健康的,けんこうてき,,,,,
scouting,,,偵察,ていさつ,,,,,
spy satellite,,,偵察衛星,ていさつえいせい,,,,,
disinformation,,,偽情報,にせじょうほう,,,,,
looking on,,,傍観,ぼうかん,,,,,
umbrella stand,,,傘立て,かさたて,,,,,
stockpile,,,備蓄,びちく,,,,,
special event,,,催事,さいじ,,,,,
notification,,,催告,さいこく,,,,,
tear gas,,,催涙ガス,さいるいがす,,,,,
hypnosis,,,催眠,さいみん,,,,,
"pride, arrogance",,,傲慢,ごうまん,,,,,
debt,,,債務,さいむ,,,,,
debtor,,,債務者,さいむしゃ,,,,,
"wound, injure",,,傷つける,きずつける,,,,,
scar,,,傷跡,きずあと,,,,,
"tilt, slant, inclanation",,,傾き,かたむき,,,,,
"we, us",,,僕ら,ぼくら,,,,,
"we, us",,,僕達,ぼくたち,,,,,
rules of a ceremony,,,儀典,ぎてん,,,,,
"courtesy, formality",,,儀礼,ぎれい,,,,,
"I, me",,pronoun,儂,わし,,,,,
superiority,,,優越,ゆうえつ,,,,,
superiority complex,,,優越感,ゆうえつかん,,,,,
era name,,,元号,げんごう,,,,,
New Year's Day,,,元日,がんじつ,,,,,
New Year's Day,,,元旦,がんたん,,,,,
older brother,,,兄さん,にいさん,,,,,
"filling, filler",,,充填,じゅうてん,,,,,
blood congestion,,,充血,じゅうけつ,,,,,
charging,,,充電,じゅうでん,,,,,
"sign, indication, omen",,,兆候,ちょうこう,,,,,
precedent,,,先例,せんれい,,,,,
prejudice,,,先入観,せんにゅうかん,,,,,
developed country,,,先進国,せんしんこく,,,,,
optics,,,光学,こうがく,,,,,
light year,,,光年,こうねん,,,,,
"honor, glory",,,光栄,こうえい,,,,,
light source,,,光源,こうげん,,,,,
dismissal,,,免,めん,,,,,
immunity,,,免疫,めんえき,,,,,
immune system,,,免疫系,めんえきけい,,,,,
duty-free store,,,免税店,めんぜいてん,,,,,
party leader,,,党首,とうしゅ,,,,,
"enter, go into",,,入り込む,はいりこむ,,,,,
tattoo,,,入れ墨,いれずみ,,,,,
input,,,入力,にゅうりょく,,,,,
immigration,,,入国,にゅうこく,,,,,
bidding,,,入札,にゅうさつ,,,,,
entrance examination,,,入試,にゅうし,,,,,
entering an institution,,,入門,にゅうもん,,,,,
overall,,,全体的,ぜんたいてき,,,,,
whole-grain,,,全粒,ぜんりゅう,,,,,
full amount,,,全額,ぜんがく,,,,,
eight o'clock,,,八時,はちじ,,,,,
six people,,,六人,ろくにん,,,,,
sixth grade,,,六年生,ろくねんせい,,,,,
"together, in company",,adverb,共々,ともども,,,,,
community,,,共同体,きょうどうたい,,,,,
Republican Party,,,共和党,きょうわとう,,,,,
republican state,,,共和国,きょうわこく,,,,,
sharing,,,共有,きょうゆう,,,,,
communism,,,共産主義,きょうさんしゅぎ,,,,,
common use,,,共用,きょうよう,,,,,
conspiracy,,,共謀,きょうぼう,,,,,
lingua franca,,,共通語,きょうつうご,,,,,
even so,,,其の癖,そのくせ,,,,,
if that is so,,,其れなら,それなら,,,,,
that guy,,,其奴,そいつ,,,,,
"tool, ingredient, means",,,具,ぐ,,,,,
"materialization, taking form",,,具体化,ぐたいか,,,,,
specific,,,具体的,ぐたいてき,,,,,
embodiment,,,具現,ぐげん,,,,,
"concrete, reprsentational",,,具象,ぐしょう,,,,,
solumn ceremony,,,典,てい,,,,,
typical,,,典型的,てんけいてき,,,,,
"source, authority",,,典拠,てんきょ,,,,,
"ceremony, ritual",,,典礼,てんれい,,,,,
"elegant, exquisite",,,典麗,てんれい,,,,,
interior,,,内側,うちがわ,,,,,
introverted,,,内向的,ないこうてき,,,,,
civil war,,,内戦,ないせん,,,,,
confidentiality,,,内緒,ないしょ,,,,,
cone,,,円錐,えんすい,,,,,
"book, booklet",,,冊子,さっし,,,,,
"twice, again",,,再度,さいど,,,,,
reconfirmation,,,再確認,さいかくにん,,,,,
reelection,,,再選,さいせん,,,,,
redevelopment,,,再開発,さいかいはつ,,,,,
blasphemy,,,冒瀆,ぼうとく,,,,,
wasteful expenses,,,冗費,じょうひ,,,,,
redundancy,,,冗長,じょうちょう,,,,,
photographer,,,写真家,しゃしんか,,,,,
"photo studio, photo shop",,,写真屋,しゃしんや,,,,,
picture frame,,,写真立て,しゃしんたて,,,,,
"bliss, perfect happiness",,,冥利,みょうり,,,,,
"divine blessing, protection",,,冥加,みょうが,,,,,
the netherworld,,,冥土,めいど,,,,,
Pluto,,,冥王星,めいおうせい,,,,,
"soul, heavenly bliss",,,冥福,めいふく,,,,,
winter season,,,冬季,とうき,,,,,
Jack Frost,,,冬将軍,ふゆしょうぐん,,,,,
winter solstice,,,冬至,とうじ,,,,,
freezer,,,冷凍庫,れいとうこ,,,,,
cold war,,,冷戦,れいせん,,,,,
"terrible, horrible",,,凄まじい,すさまじい,,,,,
weirdly beautiful,,,凄艶,せいえん,,,,,
frostbite,,,凍傷,とうしょう,,,,,
freezing,,,凍結,とうけつ,,,,,
grow stiff,,,凝る,こる,,,,,
"stare, gaze, fixation",,,凝視,ぎょうし,,,,,
"manage, deal with",,,処する,しょする,,,,,
virginity,,,処女,しょじょ,,,,,
prescription,,,処方,しょほう,,,,,
medical prescription,,,処方箋,しょほうせん,,,,,
dealing with a person,,,処遇,しょぐう,,,,,
dangerous weapon,,,凶器,きょうき,,,,,
villainous,,,凶悪,きょうあく,,,,,
soup stock,,,出し,だし,,,,,
home delivery of food,,,出前,でまえ,,,,,
"exhibitor, seller",,,出品者,しゅっぴんしゃ,,,,,
"performance, participation",,,出場,しゅつじょう,,,,,
performer,,,出演者,しゅつえんしゃ,,,,,
swordsmith,,,刀匠,とうしょう,,,,,
swordsmith,,,刀工,とうこう,,,,,
blade of a sword,,,刀身,とうしん,,,,,
cutlery,,,刃物,はもの,,,,,
childbirth,,,分娩,ぶんべん,,,,,
secretion,,,分泌,ぶんぴつ,,,,,
equinox,,,分点,ぶんてん,,,,,
cut off,,,切り取る,きりとる,,,,,
secret weapon,,,切り札,きりふだ,,,,,
mowing,,,刈除,がいじょ,,,,,
prison,,,刑務所,けいむしょ,,,,,
criminal law,,,刑法,けいほう,,,,,
"innocent, naive",,,初々しい,ういういしい,,,,,
first love,,,初恋,はつこい,,,,,
first day,,,初日,しょにち,,,,,
initial period,,,初期,しょき,,,,,
make clear,,,判明,はんめい,,,,,
consideration of others,,,利他,りた,,,,,
self-interest,,,利己,りこ,,,,,
egotism,,,利己主義,りこしゅぎ,,,,,
selfish,,,利己的,りこてき,,,,,
user,,,利用者,りようしゃ,,,,,
conquest,,,制覇,せいは,,,,,
paintbrush,,,刷毛,はけ,,,,,
moment by moment,,,刻々,こっこく,,,,,
shaving,,,剃毛,ていもう,,,,,
omen,,,前兆,ぜんちょう,,,,,
last time,,,前回,ぜんかい,,,,,
the previous day,,,前日,ぜんじつ,,,,,
prostate,,,前立腺,ぜんりつせん,,,,,
preposition,,,前置詞,ぜんちし,,,,,
previous paragraph,,,前項,ぜんこう,,,,,
sinus,,,前頭洞,ぜんとうどう,,,,,
sword,,,剣,けん,,,,,
swordsman,,,剣士,けんし,,,,,
fencing,,,剣道,けんどう,,,,,
gladiator,,,剣闘士,けんとうし,,,,,
vice president,,,副大統領,ふくだいとうりょう,,,,,
by-product,,,副産物,ふくさんぶつ,,,,,
subtitle,,,副題,ふくだい,,,,,
sinuses,,,副鼻腔,ふくびこう,,,,,
"rate, ratio",,,割,わり,,,,,
"cession, giving up property",,,割譲,かつじょう,,,,,
"establishment, founding",,,創設,そうせつ,,,,,
creativity,,,創造力,そうぞうりょく,,,,,
creative,,,創造的,そうぞうてき,,,,,
creator,,,創造者,そうぞうしゃ,,,,,
dramatic,,,劇的,げきてき,,,,,
exert one's strength,,,力む,りきむ,,,,,
humidifier,,,加湿器,かしつき,,,,,
deterioration,,,劣化,れっか,,,,,
recessiveness,,,劣性,れっせい,,,,,
inferiority,,,劣等,れっとう,,,,,
inferiority complex,,,劣等感,れっとうかん,,,,,
"supporting actor, co-star",,,助演,じょえん,,,,,
labor union,,,労働組合,ろうどうくみあい,,,,,
worker,,,労働者,ろうどうしゃ,,,,,
effective,,,効果的,こうかてき,,,,,
sound effect,,,効果音,こうかおん,,,,,
effecient,,,効率的,こうりつてき,,,,,
effectiveness,,,効能,こうのう,,,,,
outbreak,,,勃発,ぼっぱつ,,,,,
rise,,,勃興,ぼっこう,,,,,
erection,,,勃起,ぼっき,,,,,
hero,,,勇者,ゆうしゃ,,,,,
study skills,,,勉強法,べんきょうほう,,,,,
"start to move, awaken",,,動き出す,うごきだす,,,,,
video,,,動画,どうが,,,,,
transition,,,動転,どうてん,,,,,
taking into consideration,,,勘案,かんあん,,,,,
tend to do,,,勝ち,がち,,,,,
victor,,,勝利者,しょうりしゃ,,,,,
being arbitrary,,,勝手,かって,,,,,
"recommendation, suggestion",,,勧奨,かんしょう,,,,,
wrapping paper,,,包み紙,つつみがみ,,,,,
"siege, envelopement",,,包囲,ほうい,,,,,
foreskin,,,包皮,ほうひ,,,,,
shapeshifter,,,化け物,ばけもの,,,,,
compound,,,化合物,かごうぶつ,,,,,
chemist,,,化学者,かがくしゃ,,,,,
toiletries,,,化粧品,けしょうひん,,,,,
restroom,,,化粧室,けしょうしつ,,,,,
North Korea,,,北朝鮮,きたちょうせん,,,,,
northeast,,,北東,ほくとう,,,,,
polar bear,,,北極熊,ほっきょくぐま,,,,,
Scandinavia,,,北欧,ほくおう,,,,,
Hokkaido,,,北海道,ほっかいどう,,,,,
North America,,,北米,ほくべい,,,,,
northwest,,,北西,ほくせい,,,,,
desire to be impressive​,,,匠気,しょうき,,,,,
"medicine, medical science",,,医,は,,,,,
medical school,,,医大,いだい,,,,,
"shelter, harbor",,,匿う,かくまう,,,,,
eleven o'clock,,,十一時,じゅういちじ,,,,,
thirteen,,,十三,じゅうさん,,,,,
nineteen,,,十九,じゅうきゅう,,,,,
twelve o'clock,,,十二時,じゅうにじ,,,,,
sixteen,,,十六,じゅうろく,,,,,
Chiba,,,千葉,ちば,,,,,
the Horse,,,午,うま,,,,,
semiconductor,,,半導体,はんどうたい,,,,,
half a year,,,半年,はんとし,,,,,
half a day,,,半日,はんにち,,,,,
hemisphere,,,半球,はんきゅう,,,,,
solder,,,半田,はんだ,,,,,
swastika,,,卍,まんじ,,,,,
low-ranking soldier,,,卒,そつ,,,,,
stroke,,,卒中,そっちゅう,,,,,
"faint, collapse",,,卒倒,そっとう,,,,,
graduation ceremony,,,卒業式,そつぎょうしき,,,,,
"table, desk",,,卓,たく,,,,,
table,,,卓子,たくし,,,,,
table tennis,,,卓球,たっきゅう,,,,,
southern hemisphere,,,南半球,みなみはんきゅう,,,,,
southeast,,,南東,なんとう,,,,,
pumpkin,,,南瓜,かぼちゃ,,,,,
southwest,,,南西,なんせい,,,,,
teaching unit,,,単元,たんげん,,,,,
unilateralism,,,単独行動主義,たんどくこうどうしゅぎ,,,,,
"win, earn",,,博する,はくする,,,,,
polymath,,,博学者,はくがくしゃ,,,,,
philantropy,,,博愛,はくあい,,,,,
gambling,,,博打,ばくち,,,,,
fortunetelling,,,占い,うらない,,,,,
occupation of property,,,占拠,せんきょ,,,,,
printing press,,,印刷機,いんさつき,,,,,
impressionism,,,印象派,いんしょうは,,,,,
impressive,,,印象的,いんしょうてき,,,,,
critical condition,,,危篤,きとく,,,,,
"risk, danger",,,危険性,きけんせい,,,,,
unplanned,,,即席,そくせき,,,,,
immediate,,,即座,そくざ,,,,,
instant death,,,即死,そくし,,,,,
immediate answer,,,即答,そくとう,,,,,
improvisation,,,即興,そっきょう,,,,,
rejection,,,却下,きゃっか,,,,,
human egg,,,卵子,らんし,,,,,
rolled egg,,,卵焼き,たまごやき,,,,,
egg white,,,卵白,らんぱく,,,,,
yolk,,,卵黄,らんおう,,,,,
calamity,,,厄災,やくさい,,,,,
thick cloth,,,厚地,あつじ,,,,,
kindness,,,厚意,こうい,,,,,
welfare,,,厚生,こうせい,,,,,
Ministry of Welfare,,,厚生省,こうせいしょう,,,,,
heavy clothing,,,厚着,あつぎ,,,,,
primitive,,,原始的,げんしてき,,,,,
Harajuku,,,原宿,はらじゅく,,,,,
nuclear power generation,,,原発,げんぱつ,,,,,
original language,,,原語,げんご,,,,,
restaurant kitchen,,,厨房,ちゅうぼう,,,,,
"grim, stern",,,厳つい,いかつい,,,,,
strict order,,,厳命,げんめい,,,,,
strict prohibition,,,厳禁,げんきん,,,,,
castration,,,去勢,きょせい,,,,,
course of action,,,去就,きょしゅう,,,,,
coming and going,,,去来,きょらい,,,,,
participant,,,参加者,さんかしゃ,,,,,
suffrage,,,参政権,さんせいけん,,,,,
road approaching a shrine,,,参道,さんどう,,,,,
secondhand information,,,又聞き,またぎき,,,,,
passing an exam,,,及第,きゅうだい,,,,,
bilateral,,,双務,そうむ,,,,,
both sides,,,双方,そうほう,,,,,
series of books,,,双書,そうしょ,,,,,
binoculars,,,双眼鏡,そうがんきょう,,,,,
opposite side,,,反対側,はんたいがわ,,,,,
repetition,,,反復,はんぷく,,,,,
counterargument,,,反論,はんろん,,,,,
contraction,,,収縮,しゅうしゅく,,,,,
"match, effort",,,取り組み,とりくみ,,,,,
take in,,,取り込む,とりこむ,,,,,
fertilization,,,受精,じゅせい,,,,,
medical examination,,,受診,じゅしん,,,,,
winning a prize,,,受賞,じゅしょう,,,,,
"in the mouth, oral",,,口内,こうない,,,,,
favorite phrase,,,口癖,くちぐせ,,,,,
spoken language,,,口語,こうご,,,,,
tone,,,口調,くちょう,,,,,
old wounds,,,古傷,ふるきず,,,,,
classical,,,古典的,こてんてき,,,,,
used book,,,古本,ふるほん,,,,,
"old paper, used paper",,,古紙,こし,,,,,
obsolete word,,,古語,こご,,,,,
"hit into, knock into",,,叩き込む,たたきこむ,,,,,
presently,,,只今,ただいま,,,,,
"shout, yell",,,叫び声,さけびごえ,,,,,
"shout, scream",,,叫喚,きょうかん,,,,,
"must, should",,,可し,べし,,,,,
possibility,,,可能性,かのうせい,,,,,
plateau,,,台地,だいち,,,,,
Taiwan,,,台湾,たいわん,,,,,
remark,,,台詞,せりふ,,,,,
gaining power,,,台頭,たいとう,,,,,
reprimanding,,,叱責,しっせき,,,,,
right side,,,右側,みぎがわ,,,,,
right hand,,,右手,みぎて,,,,,
right-wing,,,右翼,うよく,,,,,
headquarters,,,司令部,しれいぶ,,,,,
chairperson,,,司会者,しかいしゃ,,,,,
bishop,,,司教,しきょう,,,,,
librarian,,,司書,ししょ,,,,,
priest,,,司祭,しさい,,,,,
"stammer, stutter",,,吃る,どもる,,,,,
each,,,各々,おのおの,,,,,
each nation,,,各国,かっこく,,,,,
each station,,,各駅,かくえき,,,,,
legal,,,合法,ごうほう,,,,,
legal,,,合法的,ごうほうてき,,,,,
rational,,,合理的,ごうりてき,,,,,
United States,,,合衆国,がっしゅうこく,,,,,
password,,,合言葉,あいことば,,,,,
suspension bridge,,,吊橋,つりばし,,,,,
"likewise, as",,,同じく,おなじく,,,,,
same sex,,,同性,どうせい,,,,,
homosexuality,,,同性愛,どうせいあい,,,,,
homophobia,,,同性愛嫌悪,どうせいあいけんお,,,,,
homosexual,,,同性愛者,どうせいあいしゃ,,,,,
"same period, synchronization",,,同期,どうき,,,,,
classmate,,,同級生,どうきゅうせい,,,,,
Nagoya,,,名古屋,なごや,,,,,
famous hot spring,,,名湯,めいとう,,,,,
"in the name of, pretense",,,名目,めいもく,,,,,
famous saying,,,名言,めいげん,,,,,
spit out,,,吐き捨てる,はきすてる,,,,,
sigh,,,吐息,といき,,,,,
sunflower,,,向日葵,ひまわり,,,,,
monarchy,,,君主制,くんしゅせい,,,,,
reign,,,君臨,くんりん,,,,,
no,,,否,いな,,,,,
negative,,,否定的,ひていてき,,,,,
implication,,,含意,がんい,,,,,
water content,,,含水率,がんすいりつ,,,,,
breathe in,,,吸い込む,すいこむ,,,,,
burst out,,,吹き出す,ふきだす,,,,,
blow out,,,吹き消す,ふきけす,,,,,
brass band,,,吹奏楽団,すいそうがくだん,,,,,
dumbfoundedness,,,呆気,あっけ,,,,,
kimono fabrics,,,呉服,ごふく,,,,,
frequency,,,周波数,しゅうはすう,,,,,
curse,,,呪い,のろい,,,,,
curse,,,呪う,のろう,,,,,
"spell, incantation",,,呪文,じゅもん,,,,,
doorbell,,,呼び鈴,よびりん,,,,,
respiratory system,,,呼吸器,こきゅうき,,,,,
proposition,,,命題,めいだい,,,,,
Japanese-style room,,,和室,わしつ,,,,,
Japanese beef,,,和牛,わぎゅう,,,,,
reconciliation,,,和解,わかい,,,,,
Japanese translation,,,和訳,わやく,,,,,
native Japanese words,,,和語,わご,,,,,
Japanese food,,,和食,わしょく,,,,,
coughing,,,咳嗽,がいそう,,,,,
part of speech,,,品詞,ひんし,,,,,
quality control,,,品質管理,ひんしつかんり,,,,,
philosophical,,,哲学的,てつがくてき,,,,,
philosopher,,,哲学者,てつがくしゃ,,,,,
fried chicken,,,唐揚げ,からあげ,,,,,
dumbfounded,,,唖然,あぜん,,,,,
obediently,,,唯々諾々,いいだくだく,,,,,
saliva,,,唾液,だえき,,,,,
"trading, business",,,商い,あきない,,,,,
commercial street,,,商店街,しょうてんがい,,,,,
medical history form,,,問診票,もんしんひょう,,,,,
"larynx, voice box",,,喉頭,こうとう,,,,,
"talk, chat",,,喋り,しゃべり,,,,,
"gasp, breathe hard",,,喘ぐ,あえぐ,,,,,
"suffer, consume",,,喫する,きっする,,,,,
smoking,,,喫煙,きつえん,,,,,
vomiting,,,嘔吐,おうと,,,,,
nausea,,,嘔気,おうき,,,,,
"commission, temporary work",,,嘱託,しょくたく,,,,,
ridicule,,,嘲る,あざける,,,,,
prisoner,,,囚人,しゅうじん,,,,,
four people,,,四人,よにん,,,,,
Shikoku,,,四国,しこく,,,,,
four years,,,四年,よねん,,,,,
four years old,,,四歳,よんさい,,,,,
"recollection, reflection",,,回想,かいそう,,,,,
respondent,,,回答者,かいとうしゃ,,,,,
conveyor belt sushi,,,回転寿司,かいてんずし,,,,,
evasion,,,回避,かいひ,,,,,
by the way,,,因みに,ちなみに,,,,,
factor,,,因子,いんし,,,,,
cause and effect,,,因果,いんが,,,,,
causality,,,因果性,いんがせい,,,,,
"body, group, party",,,団,だん,,,,,
Japanese rice dumpling,,,団子,だんご,,,,,
bewilderment,,,困惑,こんわく,,,,,
enclosure,,,囲い,かこい,,,,,
siege,,,囲み,かこみ,,,,,
game of Go,,,囲碁,いご,,,,,
bodily frame,,,図体,ずうたい,,,,,
icon,,,図像,ずぞう,,,,,
design,,,図案,ずあん,,,,,
designer,,,図案家,ずあんか,,,,,
illustration,,,図示,ずし,,,,,
landline,,,固定電話,こていでんわ,,,,,
proper noun,,,固有名詞,こゆうめいし,,,,,
domestic,,,国内,こくない,,,,,
state-run,,,国営,こくえい,,,,,
"overseas, outside the country",,,国外,こくがい,,,,,
national treasure,,,国宝,こくほう,,,,,
national flag,,,国旗,こっき,,,,,
nationalization,,,国有化,こくゆうか,,,,,
national anthem,,,国歌,こっか,,,,,
national railway,,,国鉄,こくてつ,,,,,
international,,,国際的,こくさいてき,,,,,
United Nations,,,国際連合,こくさいれんごう,,,,,
earthenware,,,土器,どき,,,,,
soil,,,土壌,どじょう,,,,,
Saturday and Sunday,,,土日,どにち,,,,,
Saturn,,,土星,どせい,,,,,
burial,,,土葬,どそう,,,,,
earthenware dish,,,土鍋,どなべ,,,,,
overwhelm,,,圧する,あっする,,,,,
being overwhelming,,,圧倒,あっとう,,,,,
overwhelming,,,圧倒的,あっとうてき,,,,,
"outskirts, edge",,,在,ざい,,,,,
reign,,,在位,ざいい,,,,,
being at home,,,在宅,ざいたく,,,,,
"residence, existence",,,在留,ざいりゅう,,,,,
local government,,,地方公共団体,ちほうこうきょうだんたい,,,,,
ground,,,地面,じめん,,,,,
dipping sauce,,,垂れ,たれ,,,,,
burial,,,埋葬,まいそう,,,,,
fundamental,,,基本的,きほんてき,,,,,
foundational,,,基礎的,きそてき,,,,,
Saitama,,,埼玉,さいたま,,,,,
Saitama prefecture,,,埼玉県,さいたまけん,,,,,
"temple, shrine, hall",,,堂,どう,,,,,
pile of stones,,,堆石,たいせき,,,,,
compost,,,堆肥,たいひ,,,,,
"proficient, skillful",,,堪能,たんのう,,,,,
news media,,,報道機関,ほうどうきかん,,,,,
plasticity,,,塑性,そせい,,,,,
coloring book,,,塗り絵,ぬりえ,,,,,
coating,,,塗布,とふ,,,,,
paint,,,塗料,とりょう,,,,,
salty,,,塩っぱい,しょっぱい,,,,,
salt content,,,塩分,えんぶん,,,,,
brine,,,塩水,しおみず,,,,,
tombstone,,,墓石,ぼせき,,,,,
grave,,,墓穴,ぼけつ,,,,,
mural,,,壁画,へきが,,,,,
wallpaper,,,壁紙,かべがみ,,,,,
destruction,,,壊滅,かいめつ,,,,,
desructive,,,壊滅的,かいめつてき,,,,,
scurvy,,,壊血病,かいけつびょう,,,,,
officer,,,士官,しかん,,,,,
morale,,,士気,しき,,,,,
voice actor,,,声優,せいゆう,,,,,
vocal range,,,声域,せいいき,,,,,
"cheering, encouragement",,,声援,せいえん,,,,,
vocal music,,,声楽,せいがく,,,,,
tone of voice,,,声音,こわね,,,,,
prostitution,,,売春,ばいしゅん,,,,,
prostitute,,,売春婦,ばいしゅんふ,,,,,
brothel,,,売春宿,ばいしゅんやど,,,,,
"change, alteration",,,変わり,かわり,,,,,
oddball,,,変人,へんじん,,,,,
"metamorphosis, abnormality",,,変態,へんたい,,,,,
transformation,,,変換,へんかん,,,,,
disguise,,,変装,へんそう,,,,,
summer season,,,夏季,かき,,,,,
summer solstice,,,夏至,げし,,,,,
dinner,,,夕食,ゆうしょく,,,,,
diplomat,,,外交官,がいこうかん,,,,,
outside,,,外側,そとがわ,,,,,
Ministry of Foreign Affairs,,,外務省,がいむしょう,,,,,
extroverted,,,外向的,がいこうてき,,,,,
xenophobia,,,外国人嫌悪,がいこくじんけんお,,,,,
loanword,,,外来語,がいらいご,,,,,
surgeon,,,外科医,げかい,,,,,
outward appearance,,,外見,がいけん,,,,,
foreign investment,,,外資,がいし,,,,,
outer surface,,,外面,がいめん,,,,,
eating out,,,外食,がいしょく,,,,,
many,,,多々,たた,,,,,
majority,,,多数,たすう,,,,,
repeated occurrence,,,多発,たはつ,,,,,
noctural emission,,,夢精,むせい,,,,,
tablespoon,,,大さじ,おおさじ,,,,,
large number of people,,,大人数,おおにんずう,,,,,
large company,,,大企業,だいぎぎょう,,,,,
the vast earth,,,大地,だいち,,,,,
large-scale,,,大型,おおがた,,,,,
loud voice,,,大声,おおごえ,,,,,
the big picture,,,大局,たいきょく,,,,,
major company,,,大手,おおて,,,,,
daikon radish,,,大根,だいこん,,,,,
Taisho era,,,大正,たいしょう,,,,,
ocean,,,大洋,たいよう,,,,,
big man,,,大男,おおおとこ,,,,,
cannon,,,大砲,たいほう,,,,,
great cause,,,大義,たいぎ,,,,,
garlic,,,大蒜,にんにく,,,,,
populism,,,大衆主義,たいしゅうしゅぎ,,,,,
soybeans,,,大豆,だいず,,,,,
large quantity,,,大量,たいりょう,,,,,
Osaka,,,大阪,おおさか,,,,,
heavy rain,,,大雨,おおあめ,,,,,
"sky, heaven",,,天,てん,,,,,
tempura,,,天ぷら,てんぷら,,,,,
the whole world,,,天下,てんか,,,,,
"destiny, will of the devine",,,天命,てんめい,,,,,
observatory,,,天文台,てんもんだい,,,,,
Uranus,,,天王星,てんのうせい,,,,,
scale,,,天秤,てんびん,,,,,
ladybug,,,天道虫,てんとうむし,,,,,
Pacific Ocean,,,太平洋,たいへいよう,,,,,
sunlight,,,太陽光,たいようこう,,,,,
solar system,,,太陽系,たいようけい,,,,,
seal of approval,,,太鼓判,たいこばん,,,,,
blindness,,,失明,しつめい,,,,,
impoliteness,,,失礼,しつれい,,,,,
disappearance,,,失踪,しっそう,,,,,
"strangeness, eccentricity",,,奇,き,,,,,
extremely weird,,,奇々怪々,ききかいかい,,,,,
deformity,,,奇形,きけい,,,,,
strange custom,,,奇習,きしゅう,,,,,
surprise attack,,,奇襲,きしゅう,,,,,
miracle,,,奇跡,きせき,,,,,
Nara,,,奈良,なら,,,,,
musical performance,,,奏楽,そうがく,,,,,
"musician, player",,,奏者,そうしゃ,,,,,
remote mountain,,,奥山,おくやま,,,,,
wife,,,奥様,おくさま,,,,,
molars,,,奥歯,おくば,,,,,
"usurpation, taking back",,,奪取,だっしゅ,,,,,
feminine,,,女性的,じょせいてき,,,,,
goddess,,,女神,めがみ,,,,,
"guy, chap",,,奴,やつ,,,,,
"slave, servant",,,奴隷,どれい,,,,,
fine weather,,,好天,こうてん,,,,,
curiosity,,,好奇心,こうきしん,,,,,
excellent performance,,,好演,こうえん,,,,,
"somehow, please",,,如何か,どうか,,,,,
how to get,,,如何やって,どうやって,,,,,
monster,,,妖怪,ようかい,,,,,
fairy,,,妖精,ようせい,,,,,
"wonder drug, miracle cure",,,妙薬,みょうやく,,,,,
wife and children,,,妻子,さいし,,,,,
committee,,,委員会,いいんかい,,,,,
commit adultery,,,姦する,かんする,,,,,
princess,,,姫,ひめ,,,,,
"prestige, dignity",,,威信,いしん,,,,,
"threat, intimidation",,,威嚇,いかく,,,,,
son-in-law,,,娘婿,むすめむこ,,,,,
"marriage, matrimony",,,婚姻,こんいん,,,,,
fiancé,,,婚約者,こんやくしゃ,,,,,
"marry, become a bride",,,嫁ぐ,とつぐ,,,,,
"disgust, hatred",,,嫌悪,けんお,,,,,
dislike of smoking,,,嫌煙,けんえん,,,,,
suspicion,,,嫌疑,けんぎ,,,,,
"merry, joyful",,,嬉々,きき,,,,,
seem happy,,,嬉しがる,うれしがる,,,,,
subsidiary,,,子会社,こがいしゃ,,,,,
children,,,子供達,こどもたち,,,,,
lullaby,,,子守唄,こもりうた,,,,,
"womb, uterus",,,子宮,しきゅう,,,,,
puppy,,,子犬,こいぬ,,,,,
kitten,,,子猫,こねこ,,,,,
parenting,,,子育て,こそだて,,,,,
piglet,,,子豚,こぶた,,,,,
children,,,子達,こたち,,,,,
consonant,,,子音,しいん,,,,,
duckling,,,子鴨,こがも,,,,,
subtitles,,,字幕,じまく,,,,,
transliteration,,,字訳,じやく,,,,,
ontology,,,存在論,そんざいろん,,,,,
orphanage,,,孤児院,こじいん,,,,,
isolationism,,,孤立主義,こりつしゅぎ,,,,,
scholarly,,,学問的,がくもんてき,,,,,
learner,,,学習者,がくしゅうしゃ,,,,,
tuition,,,学費,がくひ,,,,,
"principal, headmaster",,,学長,がくちょう,,,,,
institute,,,学院,がくいん,,,,,
granddaughter,,,孫娘,まごむすめ,,,,,
grandson,,,孫息子,まごむすこ,,,,,
building lot,,,宅地,たくち,,,,,
home delivery,,,宅配,たくはい,,,,,
space alien,,,宇宙人,うちゅうじん,,,,,
space suit,,,宇宙服,うちゅうふく,,,,,
spaceship,,,宇宙船,うちゅうせん,,,,,
inexpensive,,,安価,あんか,,,,,
"safety, security",,,安全性,あんぜんせい,,,,,
"safety, welfare",,,安否,あんぴ,,,,,
"easy, simple, cheap",,,安直,あんちょく,,,,,
end,,,完,かん,,,,,
sect,,,宗,しゅう,,,,,
religious studies,,,宗教学,しゅうきょうがく,,,,,
bureaucracy,,,官僚制,かんりょうせい,,,,,
regular,,,定期的,ていきてき,,,,,
"standard, routine",,,定番,ていばん,,,,,
being fixed,,,定着,ていちゃく,,,,,
fixed quantity,,,定量,ていりょう,,,,,
each,,,宛,ずつ,,,,,
lottery,,,宝籤,たからくじ,,,,,
one's parents' home,,,実家,じっか,,,,,
pragmatism,,,実用主義,じつようしゅぎ,,,,,
practical,,,実用的,じつようてき,,,,,
true story,,,実話,じつわ,,,,,
objective,,,客観的,きゃっかんてき,,,,,
missionary,,,宣教師,せんきょうし,,,,,
oath,,,宣誓,せんせい,,,,,
indoor,,,室内,しつない,,,,,
shrine,,,宮,みや,,,,,
imperial court,,,宮中,きゅうちゅう,,,,,
party,,,宴,うたげ,,,,,
"house, home",,,家,うち,,,,,
homey,,,家庭的,かていてき,,,,,
matriarchy,,,家母長制,かぼちょうせい,,,,,
patriarchy,,,家父長制,かふちょうせい,,,,,
"one's looks, face and figure",,,容姿,ようし,,,,,
charge,,,容疑,ようぎ,,,,,
suspect,,,容疑者,ようぎしゃ,,,,,
"pardon, forgiveness, mercy",,,容赦,ようしゃ,,,,,
inn,,,宿屋,やどや,,,,,
loneliness,,,寂しさ,さびしさ,,,,,
smuggling,,,密輸,みつゆ,,,,,
Mount Fuji,,,富士山,ふじさん,,,,,
opulence,,,富裕,ふゆう,,,,,
cold front,,,寒波,かんぱ,,,,,
relax,,,寛ぐ,くつろぐ,,,,,
linen,,,寝具,しんぐ,,,,,
sleeping bag,,,寝袋,ねぶくろ,,,,,
the cops,,,察,さつ,,,,,
"guess, understanding",,,察し,さっし,,,,,
referee,,,審判員,しんぱんい,,,,,
just before,,,寸前,すんぜん,,,,,
"comic sketch, skit",,,寸劇,すんげき,,,,,
spare moment,,,寸暇,すんか,,,,,
wise-crack,,,寸言,すんげん,,,,,
"dealing, coping",,noun,対処,たいしょ,,,,,
"external, foreign",,,対外,たいがい,,,,,
"longevity, best wishes",,,寿,ことぶき,,,,,
sushi,,,寿司,すし,,,,,
"silence, suppress, shut up",,,封じる,ふうじる,,,,,
official seal,,,封印,ふういん,,,,,
feudalism,,,封建主義,ほうけんしゅぎ,,,,,
sealed letter,,,封書,ふうしょ,,,,,
housewife,,,専業主婦,せんぎょうしゅふ,,,,,
speciality,,,専門,せんもん,,,,,
medical specialist,,,専門医,せんもんい,,,,,
vocational school,,,専門学校,せんもんがっこう,,,,,
expert,,,専門家,せんもんか,,,,,
"technical, academic",,,専門的,せんもんてき,,,,,
profession,,,専門職,せんもんしょく,,,,,
shoot,,,射る,いる,,,,,
"shooting, firing",,,射撃,しゃげき,,,,,
shooting to death,,,射殺,しゃさつ,,,,,
shooting range,,,射程,しゃてい,,,,,
ejaculation,,,射精,しゃせい,,,,,
commander,,,将,しょう,,,,,
officers and soldiers,,,将兵,しょうへい,,,,,
officer,,,将校,しょうこう,,,,,
"general, shogun",,,将軍,しょうぐん,,,,,
"dignity, dignified",,,尊厳,そんげん,,,,,
death with dignity,,,尊厳死,そんげんし,,,,,
interrogation,,,尋問,じんもん,,,,,
teaspoon,,,小さじ,こさじ,,,,,
figurine,,,小像,しょうぞう,,,,,
brochure,,,小冊子,こさっし,,,,,
small-scale,,,小型,こがた,,,,,
soft voice,,,小声,こごえ,,,,,
stream,,,小川,おがわ,,,,,
decimal point,,,小数点,しょうすうてん,,,,,
pebble,,,小石,こいし,,,,,
"complaining, grumbling",,,小言,こごと,,,,,
novelist,,,小説家,しょうせつか,,,,,
"clever, shrewd",,,小賢しい,こざかしい,,,,,
flour,,,小麦粉,こむぎこ,,,,,
major,,,少佐,しょうさ,,,,,
declining birth rate,,,少子化,しょうしか,,,,,
"besides, furthermore",,,尚且つ,なおかつ,,,,,
mountain ridge,,,尾根,おね,,,,,
desire to urinate,,,尿意,にょうい,,,,,
local,,,局地的,きょくちてき,,,,,
general delivery,,,局留め,きょくどめ,,,,,
telephone code,,,局番,きょくばん,,,,,
resident,,,居住者,きょじゅうしゃ,,,,,
"sit upright, become aggressive",,,居直る,いなおる,,,,,
pub,,,居酒屋,いざかや,,,,,
"disgrace, humiliation",,,屈辱,くつじょく,,,,,
indoors,,,屋内,おくない,,,,,
genitive case,,,属格,ぞっかく,,,,,
resume,,,履歴書,りれきしょ,,,,,
"revere, respect, worship",,verb,崇める,あがめる,,,,,
"sublime, noble",,,崇高,すうこう,,,,,
sublime beauty,,,崇高美,すうこうび,,,,,
cape,,,崎,さき,,,,,
cliff edge,,,崖っ縁,がけっぷち,,,,,
riverbank,,,川岸,かわぎし,,,,,
Kawasaki,,,川崎,かわさき,,,,,
comic haiku,,,川柳,せんりゅう,,,,,
state government,,,州政府,しゅうせいふ,,,,,
patrol,,,巡回,じゅんかい,,,,,
pilgrimage,,,巡礼,じゅんれい,,,,,
pilgrim,,,巡礼者,じゅんれいしゃ,,,,,
hand tool,,,工具,こうぐ,,,,,
industrialization,,,工業化,こうぎょうか,,,,,
left side,,,左側,ひだりがわ,,,,,
left hand,,,左手,ひだりて,,,,,
"that's right, like that",,,左様,さよう,,,,,
left-wing,,,左翼,さよく,,,,,
giant,,,巨人,きょじん,,,,,
master,,,巨匠,きょしょう,,,,,
giant star,,,巨星,きょせい,,,,,
large sum,,,巨額,きょがく,,,,,
insert,,,差し込む,さしこむ,,,,,
involve,,,巻き込む,まきこむ,,,,,
"napkin, cloth",,,巾,きん,,,,,
market price,,,市価,しか,,,,,
within the city,,,市内,しない,,,,,
minicipal,,,市営,しえい,,,,,
market,,,市場,しじょう,,,,,
outside the city,,,市外,しがい,,,,,
municipality,,,市町村,しちょうそん,,,,,
cloth,,,布地,ぬのじ,,,,,
noble gas,,,希ガス,きガス,,,,,
"scarce, rare",,,希少,きしょう,,,,,
scarcity,,,希少性,きしょうせい,,,,,
wishful,,,希望的,きぼうてき,,,,,
empire,,,帝国,ていこく,,,,,
imperialism,,,帝国主義,ていこくしゅぎ,,,,,
cesarean section,,,帝王切開,ていおうせっかい,,,,,
"master, teacher",,,師匠,ししょう,,,,,
"sweep, take over, conquer",,,席巻,せっけん,,,,,
"room charge, cover charge",,,席料,せきりょう,,,,,
seating order,,,席順,せきじゅん,,,,,
"take out, check out",,,帯出,たいしゅつ,,,,,
paper band for a book,,,帯紙,おびがみ,,,,,
electrification,,,帯電,たいでん,,,,,
naturalization,,,帰化,きか,,,,,
return to one's country,,,帰国,きこく,,,,,
ordinary person,,,常人,じょうじん,,,,,
full-time work,,,常勤,じょうきん,,,,,
regular customer,,,常客,じょうきゃく,,,,,
room temperature,,,常温,じょうおん,,,,,
being habitual,,,常習,じょうしゅう,,,,,
"staple food, everyday diet",,,常食,じょうしょく,,,,,
extensive,,,幅広い,はばひろい,,,,,
shogunate,,,幕府,ばくふ,,,,,
tidal flat,,,干潟,ひがた,,,,,
Heisei period,,,平成,へいせい,,,,,
tranquility,,,平静,へいせい,,,,,
"older, senior",,,年上,としうえ,,,,,
timeline,,,年表,ねんぴょう,,,,,
New Year’s card,,,年賀状,ねんがじょう,,,,,
elderly,,,年配,ねんぱい,,,,,
pension,,,年金,ねんきん,,,,,
"secretary, organizer",,,幹事,かんじ,,,,,
"phantom, vision",,,幻,まぼろし,,,,,
"fantasy, dream",,,幻想,げんそう,,,,,
Fantasia,,,幻想曲,げんそうきょく,,,,,
fantastic,,,幻想的,げんそうてき,,,,,
disillusionment,,,幻滅,げんめつ,,,,,
phantom limb,,,幻肢,げんし,,,,,
hallucination,,,幻覚,げんかく,,,,,
unfathomable profundity,,,幽玄,ゆうげん,,,,,
world of the dead,,,幽界,ゆうかい,,,,,
confinement,,,幽閉,ゆうへい,,,,,
"some, several",,,幾つか,いくつか,,,,,
geometry,,,幾何,きか,,,,,
study of geometry,,,幾何学,きかがく,,,,,
many times,,,幾度も,いくども,,,,,
government office building,,,庁舎,ちょうしゃ,,,,,
"spread, span, expanse, extent",,,広がり,ひろがり,,,,,
"vast, extensive",,,広大,こうだい,,,,,
Hiroshima,,,広島,ひろしま,,,,,
under the floor,,,床下,ゆかした,,,,,
real intention,,,底意,そこい,,,,,
bottomless,,,底無し,そこなし,,,,,
geometric base,,,底面,ていめん,,,,,
storekeeper,,,店主,てんしゅ,,,,,
inside the store,,,店内,てんない,,,,,
store manager,,,店長,てんちょう,,,,,
"courage, nerve",,,度胸,どきょう,,,,,
"seat, place",,,座,ざ,,,,,
tatami chair,,,座椅子,ざいす,,,,,
Zen meditation,,,座禅,ざぜん,,,,,
in the garden,,,庭内,ていない,,,,,
"garden, park",,,庭園,ていえん,,,,,
"popular, working class",,,庶民的,しょみんてき,,,,,
House of Commons,,,庶民院,しょみんいん,,,,,
"waste, garbage",,,廃品,はいひん,,,,,
ruins,,,廃墟,はいきょ,,,,,
"on and on, meandering",,,延々,えんえん,,,,,
national foundation,,,建国,けんこく,,,,,
"building, structure",,,建築物,けんちくぶつ,,,,,
constructive,,,建設的,けんせつてき,,,,,
"structure, building",,,建造物,けんそうぶつ,,,,,
dialect,,,弁,べん,,,,,
distinction,,,弁別,べんべつ,,,,,
"speaker, orator, narrator",,,弁士,べんし,,,,,
lawyer,,,弁護士,べんごし,,,,,
quotation mark,,,引用符,いんようふ,,,,,
bowstring,,,弦,つる,,,,,
string music,,,弦楽,げんがく,,,,,
string instrument,,,弦楽器,げんがっき,,,,,
string theory,,,弦理論,げんりろん,,,,,
"weakness, weak stance",,,弱腰,よわごし,,,,,
rape,,,強姦,ごうかん,,,,,
stubborn,,,強情,ごうじょう,,,,,
compulsion,,,強迫,きょうはく,,,,,
OCD,,,強迫性障害,きょうはくせいしょうがい,,,,,
strong wind,,,強風,きょうふう,,,,,
bullet,,,弾丸,だんがん,,,,,
impeachment,,,弾劾,だんがい,,,,,
oppression,,,弾圧,だんあつ,,,,,
warhead,,,弾頭,だんとう,,,,,
matter under concern,,,当事,とうじ,,,,,
person involved,,,当事者,とうじしゃ,,,,,
initially,,,当初,とうしょ,,,,,
this store,,,当店,とうてん,,,,,
"naturally, of course",,,当然,とうぜん,,,,,
"urgent, pressing, current",,,当面,とうめん,,,,,
this station,,,当駅,とうえき,,,,,
comet,,,彗星,すいせい,,,,,
formal,,,形式的,けいしきてき,,,,,
metaphysics,,,形而上,けいじじょう,,,,,
"keepsake, momento",,,形見,かたみ,,,,,
chisel,,,彫刻刀,ちょうこくとう,,,,,
sculptor,,,彫刻家,ちょうこくか,,,,,
they,,pronoun,彼女達,かのじょたち,,,,,
boyfriend,,,彼氏,かれし,,,,,
coming and going,,,往来,おうらい,,,,,
standing by,,,待機,たいき,,,,,
waiting period,,,待機期間,たいききかん,,,,,
latter half,,,後半,こうはん,,,,,
in the rear,,,後方,こうほう,,,,,
postposition,,,後置詞,こうちし,,,,,
"gradually, steadily",,,徐々に,じょじょに,,,,,
make a profit,,,得する,とくする,,,,,
"end, conclusion",,,御仕舞い,おしまい,,,,,
"monster, goblin",,,御化け,おばけ,,,,,
rice ball,,,御握り,おにぎり,,,,,
soy dashi stew,,,御田,おでん,,,,,
one's mother,,,御袋,おふくろ,,,,,
repeating to confirm,,,復唱,ふくしょう,,,,,
revenge,,,復讐,ふくしゅう,,,,,
circulatory system,,,循環器,じゅんかんき,,,,,
microbiology,,,微生物学,びせいぶつがく,,,,,
smile,,,微笑み,ほほえみ,,,,,
microscopic,,,微視的,びしてき,,,,,
thorough,,,徹底的,てっていてき,,,,,
state of mind,,,心境,しんきょう,,,,,
heartbeat,,,心拍,しんぱく,,,,,
psychological,,,心理的,しんりてき,,,,,
heart attack,,,心臓発作,しんぞうほっさ,,,,,
necessity,,,必要性,ひつようせい,,,,,
essentialness,,,必須,ひっす,,,,,
endure,,,忍ぶ,しのぶ,,,,,
ninja,,,忍者,にんじゃ,,,,,
patience,,,忍耐,にんたい,,,,,
forgetting,,,忘却,ぼうきゃく,,,,,
year-end party,,,忘年会,ぼうねんかい,,,,,
being extremely busy,,,忙殺,ぼうさつ,,,,,
response,,,応答,おうとう,,,,,
reciprocation,,,応酬,おうしゅう,,,,,
pleasant feeling,,,快感,かいかん,,,,,
pleasure,,,快楽,かいらく,,,,,
"cheerful, lively",,,快活,かいかつ,,,,,
rapidity,,,快速,かいそく,,,,,
on one's mind,,,念頭,ねんとう,,,,,
"thought, feelings",,,思い,おもい,,,,,
let go of,,,思い切る,おもいきる,,,,,
"consideration, thoughtfulness",,,思い遣り,おもいやり,,,,,
it seems that,,,思える,おもえる,,,,,
ideologically,,,思想的,しそうてき,,,,,
puberty,,,思春期,ししゅんき,,,,,
lazy person,,,怠け者,なまけもの,,,,,
laziness,,,怠惰,たいだ,,,,,
sudden death,,,急死,きゅうし,,,,,
sudden illness,,,急病,きゅうびょう,,,,,
intercourse,,,性交,せいこう,,,,,
sex toy,,,性具,せいぐ,,,,,
genitals,,,性器,せいき,,,,,
gender role,,,性役割,せいやくわり,,,,,
sex education,,,性教育,せいきょういく,,,,,
"lust, sexual desire",,,性欲,せいよく,,,,,
sexual,,,性的,せいてき,,,,,
sexual orientation,,,性的指向,せいてきしこう,,,,,
"mysterious person, monster",,,怪人,かいじん,,,,,
monster,,,怪物,かいぶつ,,,,,
love letter,,,恋文,こいぶみ,,,,,
extortion,,,恐喝,きょうかつ,,,,,
phobia,,,恐怖症,きょうふしょう,,,,,
"panic, sense of crisis",,,恐慌,きょうこう,,,,,
dinosaur,,,恐竜,きょうりゅう,,,,,
permanence,,,恒久,こうきゅう,,,,,
star,,,恒星,こうせい,,,,,
fixed property,,,恒産,こうさん,,,,,
shameless,,,恥知らず,はじしらず,,,,,
"disgrace, shame",,,恥辱,ちじょく,,,,,
"savior, benefactor, patron",,,恩人,おんじん,,,,,
spiritual enlightenment,,,悟道,ごどう,,,,,
"suffer from, fall ill from",,,患う,わずらう,,,,,
nightmare,,,悪夢,あくむ,,,,,
negative influence,,,悪影響,あくえいきょう,,,,,
villain,,,悪役,あくやく,,,,,
vicious cycle,,,悪循環,あくじゅんかん,,,,,
"vice, immorality",,,悪徳,あくとく,,,,,
malice,,,悪意,あくい,,,,,
morning sickness,,,悪阻,つわり,,,,,
demon,,,悪霊,あくりょう,,,,,
tragic,,,悲劇的,ひげきてき,,,,,
sorrow,,,悲哀,ひあい,,,,,
pessimism,,,悲観主義,ひかんしゅぎ,,,,,
pessimistics,,,悲観的,ひかんてき,,,,,
"miserable, shameful",,,情けない,なさけない,,,,,
"bewilder, perplex",,,惑わす,まどわす,,,,,
"idiot, fool",,,惚け,ぼけ,,,,,
sparing no expense,,,惜しまない,おしまない,,,,,
"feelings, thoughts, meaning",,,意,い,,,,,
enthusiastic,,,意欲的,いよくてき,,,,,
"lover, mistress",,,愛人,あいじん,,,,,
"love of country, patriotism",,,愛国,あいこく,,,,,
"pet dog, beloved dog",,,愛犬,あいけん,,,,,
nickname,,,愛称,あいしょう,,,,,
moving,,,感動的,かんどうてき,,,,,
exclamation point,,,感嘆符,かんたんふ,,,,,
Thanksgiving,,,感謝祭,かんしゃさい,,,,,
treat with tenderness,,,慈しむ,いつくしむ,,,,,
"charity, philanthrophy",,,慈善,じぜん,,,,,
"mercy, compassion",,,慈悲,じひ,,,,,
chronic disease,,,慢性病,まんせいびょう,,,,,
chronic,,,慢性的,まんせいてき,,,,,
inertia,,,慣性,かんせい,,,,,
"solace, relaxation",,,慰安,いあん,,,,,
consolation,,,慰謝,いしゃ,,,,,
"sorrow, grief",,,憂い,うれい,,,,,
worry about,,,憂える,うれえる,,,,,
hatred,,,憎悪,ぞうお,,,,,
resent,,,憤る,いきどおる,,,,,
charter,,,憲章,けんしょう,,,,,
"bosom, bust",,,懐,ふところ,,,,,
pocket,,,懐中,かいちゅう,,,,,
flashlight,,,懐中電灯,かいちゅうでんとう,,,,,
body warmer,,,懐炉,かいろ,,,,,
skeptical,,,懐疑的,かいぎてき,,,,,
Japanese fine dining,,,懐石,かいせき,,,,,
pre-war,,,戦前,せんぜん,,,,,
strategy,,,戦略,せんりゃく,,,,,
strategic,,,戦略的,せんりゃくてき,,,,,
confuse,,,戸惑う,とまどう,,,,,
the way back,,,戻り道,もどりみち,,,,,
income tax,,,所得税,しょとくぜい,,,,,
ownership,,,所有,しょゆう,,,,,
folding fan,,,扇,おうぎ,,,,,
incitement,,,扇動,せんどう,,,,,
"obtain, get a hold of",,,手に入れる,てにいれる,,,,,
homemade,,,手作り,てづくり,,,,,
hand rail,,,手摺,てすり,,,,,
let go of,,,手放す,てばなす,,,,,
handwriting,,,手書き,てがき,,,,,
sign language,,,手話,しゅわ,,,,,
limb,,,手足,てあし,,,,,
launch,,,打ち上げる,うちあげる,,,,,
open up,,,打ち明ける,うちあける,,,,,
open one's heart,,,打ち解ける,うちとける,,,,,
breaking up,,,打破,だは,,,,,
"payment, bill",,,払い,はらい,,,,,
masturbate,,,扱く,しごく,,,,,
ratification,,,批准,ひじゅん,,,,,
critical,,,批判的,ひはんてき,,,,,
technique,,,技法,ぎほう,,,,,
technical,,,技術的,ぎじゅつてき,,,,,
engineer,,,技術者,ぎじゅつしゃ,,,,,
to begin with,,,抑,そもそも,,,,,
pitcher,,,投手,とうしゅ,,,,,
speculation,,,投機,とうき,,,,,
speculative,,,投機的,とうきてき,,,,,
posting,,,投稿,とうこう,,,,,
resistance,,,抗戦,こうせん,,,,,
"opportunity, occasion",,,折,おり,,,,,
"occasionally, now and then, from time to time",,,折々,おりおり,,,,,
paper folding,,,折り紙,おりがみ,,,,,
secret passage,,,抜け穴,ぬけあな,,,,,
tooth extraction,,,抜歯,ばっし,,,,,
wedding reception,,,披露宴,ひろうえん,,,,,
"wipe out, deny, ignore",,,抹殺,まっさつ,,,,,
"crossing off, crossing out",,,抹消,まっしょう,,,,,
powdered green tea,,,抹茶,まっちゃ,,,,,
incense,,,抹香,まっこう,,,,,
sperm whale,,,抹香鯨,まっこうくじら,,,,,
press against,,,押し付ける,おしつける,,,,,
search and seizure,,,押収,おうしゅう,,,,,
"extraction, selection",,,抽出,ちゅうしゅつ,,,,,
"class teacher, homeroom teacher",,,担任,たんにん,,,,,
person in charge,,,担当者,たんとうしゃ,,,,,
Chinese noodles,,,拉麺,らあめん,,,,,
kidnap,,,拐かす,かどわかす,,,,,
refuse,,,拒む,こばむ,,,,,
reading,,,拝読,はいどく,,,,,
"contribution, donation",,,拠出,きょしゅつ,,,,,
"foothold, footing",,,拠点,きょてん,,,,,
magnifying glass,,,拡大鏡,かくだいきょう,,,,,
"wipe up, get rid of",,,拭う,ぬぐう,,,,,
fist,,,拳,こぶし,,,,,
handgun,,,拳銃,けんじゅう,,,,,
boxing,,,拳闘,けんとう,,,,,
knuckles,,,拳骨,けんこつ,,,,,
owner,,,持ち主,もちぬし,,,,,
bring home,,,持ち帰る,もちかえる,,,,,
"take in, import",,,持ち込む,もちこむ,,,,,
sustainability,,,持続可能,じぞくかのう,,,,,
orientation,,,指向,しこう,,,,,
"leader, coach",,,指導者,しどうしゃ,,,,,
musical conductor,,,指揮者,しきしゃ,,,,,
challenger,,,挑戦者,ちょうせんしゃ,,,,,
provocation,,,挑発,ちょうはつ,,,,,
"in the end, finally",,,挙句,あげく,,,,,
holding a ceremony,,,挙式,きょしき,,,,,
greeting,,,挨拶,あいさつ,,,,,
look back on,,,振り返る,ふりかえる,,,,,
"flourish, thrive",,,振るう,ふるう,,,,,
"shake, sway",,,振れる,ふれる,,,,,
wire transfer,,,振込,ふりこみ,,,,,
knead,,,捏ねる,こねる,,,,,
catcher,,,捕手,ほしゅ,,,,,
vacuum cleaner,,,掃除機,そうじき,,,,,
overcome,,,排する,はいする,,,,,
exclusive,,,排他的,はいたてき,,,,,
bowel movement,,,排便,はいべん,,,,,
ovulation,,,排卵,はいらん,,,,,
xenophobia,,,排外主義,はいがいしゅぎ,,,,,
xenophobic,,,排外的,はいがいてき,,,,,
urination,,,排尿,はいにょう,,,,,
drainage pipe,,,排水管,はいすいかん,,,,,
excretion,,,排泄,はいせつ,,,,,
exhaust smoke,,,排煙,はいえん,,,,,
excavation,,,掘削,くっさく,,,,,
monetary installment,,,掛け金,かけきん,,,,,
detective,,,探偵,たんてい,,,,,
"kiss, kissing",,,接吻,せっぷん,,,,,
"wining and dining, social dining",,,接待,せったい,,,,,
judicial appeal,,,控訴,こうそ,,,,,
"recommend, infer",,,推す,おす,,,,,
recommendation,,,推奨,すいしょう,,,,,
transition,,,推移,すいい,,,,,
"stop, cease",,,措く,おく,,,,,
bulletin board,,,掲示板,けいじばん,,,,,
shaved ice,,,掻き氷,かきごおり,,,,,
take along,,,提げる,さげる,,,,,
donor,,,提供者,ていきょうしゃ,,,,,
synecdoche,,,提喩,ていゆ,,,,,
physical lift,,,揚力,ようりょく,,,,,
grip strength,,,握力,あくりょく,,,,,
"covering, backing",,,援護,えんご,,,,,
"cradle, swing",,,揺る,ゆる,,,,,
"boarding, embarkation",,,搭乗,とうじょう,,,,,
boarding pass,,,搭乗券,とうじょうけん,,,,,
boarding gate,,,搭乗口,とうじょうぐち,,,,,
being equipped with,,,搭載,とうさい,,,,,
personal digital assistant,,,携帯情報端末,けいたいじょうほうたんまつ,,,,,
cell phone,,,携帯電話,けいたいでんわ,,,,,
rapture,,,携挙,けいきょ,,,,,
milking,,,搾乳,さくにゅう,,,,,
exploitation,,,搾取,さくしゅ,,,,,
"removal, taking out",,,摘出,てきしゅつ,,,,,
"rub, pat, massage",,,摩る,さする,,,,,
shooting down,,,撃墜,げきつい,,,,,
"withdrawal, repeal",,,撤去,てっきょ,,,,,
"retraction, revocation",,,撤回,てっかい,,,,,
military withdrawal,,,撤退,てったい,,,,,
smooth down,,,撫で付ける,なでつける,,,,,
pilot,,,操縦士,そうじゅうし,,,,,
"rub, pat, massage",,,擦る,する,,,,,
supporter,,,支持者,しじしゃ,,,,,
obstacle,,,支障,ししょう,,,,,
"fire, shoot",,,放つ,はなつ,,,,,
"rule, government",,,政,まつりごと,,,,,
government ordinance,,,政令,せいれい,,,,,
politician,,,政治家,せいじか,,,,,
political,,,政治的,せいじてき,,,,,
therefore,,,故に,ゆえに,,,,,
criminal intent,,,故意,こい,,,,,
salvation,,,救世,きゅうせい,,,,,
first-aid kit,,,救急箱,きゅうきゅうばこ,,,,,
first-aid,,,救護,きゅうご,,,,,
pope,,,教皇,きょうこう,,,,,
dogma,,,教義,きょうぎ,,,,,
loose items,,,散,ばら,,,,,
leaflet,,,散らし,チラシ,,,,,
leaflet,,,散らし,ちらし,,,,,
prose,,,散文,さんぶん,,,,,
salute,,,敬礼,けいれい,,,,,
"many, numerous",,,数々,かずかず,,,,,
several people,,,数人,すうにん,,,,,
"numerical value, score",,,数値,すうち,,,,,
several minutes,,,数分,すうふん,,,,,
several years,,,数年,すうねん,,,,,
enemy country,,,敵国,てきこく,,,,,
enemy territory,,,敵地,てきち,,,,,
hostile nature,,,敵性,てきせい,,,,,
hostility,,,敵意,てきい,,,,,
threshold,,,敷居,しきい,,,,,
security deposit,,,敷金,しききん,,,,,
"Ministry of Education, MEXT",,,文部科学省,もんぶかがくしょう,,,,,
"cook, chef",,,料理人,りょうりにん,,,,,
toll booth,,,料金所,りょうきんじょ,,,,,
italics,,,斜体,しゃたい,,,,,
slope,,,斜度,しゃど,,,,,
weight,,,斤量,きんりょう,,,,,
unconventional,,,斬新,ざんしん,,,,,
giving up,,,断念,だんねん,,,,,
deciding to carry out,,,断行,だんこう,,,,,
Shinjuku,,,新宿,しんじゅく,,,,,
Niigata,,,新潟,にいがた,,,,,
reestablishment,,,新規,しんき,,,,,
"groom, bridegroom",,,新郎,しんろう,,,,,
up and coming,,,新鋭,しんえい,,,,,
having no sense of direction,,,方向音痴,ほうこうおんち,,,,,
methodology,,,方法論,ほうほうろん,,,,,
"policy, measure",,,施策,しさく,,,,,
travel destination,,,旅先,たびさき,,,,,
brigade,,,旅団,りょだん,,,,,
itinerary,,,旅程,りょてい,,,,,
travel agency,,,旅行会社,りょこうがいしゃ,,,,,
travel destination,,,旅行先,りょこうさき,,,,,
travel expenses,,,旅費,りょひ,,,,,
"wanderer, vagabond",,,旅鴉,たびがらす,,,,,
"revolution, rotation",,,旋回,せんかい,,,,,
"melody, tune",,,旋律,せんりつ,,,,,
"whirlwind, commotion",,,旋風,せんぷう,,,,,
existing,,,既存,きそん,,,,,
stereotype,,,既成概念,きせいがいねん,,,,,
routine,,,日常的,にちじょうてき,,,,,
Japanese person,,,日本人,にほんじん,,,,,
Japanese history,,,日本史,にほんし,,,,,
Japan studies,,,日本学,にほんがく,,,,,
typically Japanese,,,日本的,にほんてき,,,,,
Japanese,,,日本語,にほんご,,,,,
sake,,,日本酒,にほんしゅ,,,,,
Japanese-American,,,日米,にちべい,,,,,
principle,,,旨,むね,,,,,
hurriedly,,,早々,そうそう,,,,,
"early, soon",,,早く,はやく,,,,,
early,,,早め,はやめ,,,,,
going to bed early,,,早寝,はやね,,,,,
early morning,,,早朝,そうちょう,,,,,
rapids,,,早瀬,はやせ,,,,,
premature birth,,,早産,そうざん,,,,,
leaving early,,,早退,そうたい,,,,,
"season for food, seasonal",,,旬,しゅん,,,,,
kelp,,,昆布,こんぶ,,,,,
salary raise,,,昇給,しょうきゅう,,,,,
sublimation,,,昇華,しょうか,,,,,
elevator,,,昇降機,しょうこうき,,,,,
"open one's eyes, mouth",,,明く,あく,,,,,
Happy New Year,,,明けまして,あけまして,,,,,
Meiji era,,,明治,めいじ,,,,,
Meiji Restoration,,,明治維新,めいじいしん,,,,,
obviousness,,,明白,めいはく,,,,,
clear writing,,,明記,めいき,,,,,
sound asleep,,,昏々,こんこん,,,,,
fainting,,,昏倒,こんとう,,,,,
coma,,,昏睡,こんすい,,,,,
divination,,,易断,えきだん,,,,,
fortune teller,,,易者,えきしゃ,,,,,
once upon a time,,,昔々,むかしむかし,,,,,
folk tale,,,昔話,むかしばなし,,,,,
star cluster,,,星団,せいだん,,,,,
star chart,,,星図,せいず,,,,,
starlight,,,星影,ほしかげ,,,,,
starry sky,,,星空,ほしぞら,,,,,
nebula,,,星雲,せいうん,,,,,
spring break,,,春休み,はるやすみ,,,,,
spring roll,,,春巻き,はるまき,,,,,
nowadays,,,昨今,さっこん,,,,,
last year,,,昨年,さくねん,,,,,
Showa period,,,昭和,しょうわ,,,,,
"right, approval",,,是,ぜ,,,,,
"old-fashioned, out-of-date",,,時代遅れ,じだいおくれ,,,,,
jet lag,,,時差惚け,じさぼけ,,,,,
"period of time, time zone",,,時間帯,じかんたい,,,,,
rain shower in late autumn,,,時雨,しぐれ,,,,,
expose,,,晒す,さらす,,,,,
sunset years,,,晩年,ばんねん,,,,,
sensitive to the heat,,,暑がり,あつがり,,,,,
"heat, hot weather",,,暑気,しょき,,,,,
summer heat,,,暑熱,しょねつ,,,,,
hot and stuffy,,,暑苦しい,あつくるしい,,,,,
mild winter,,,暖冬,だんとう,,,,,
fireplace,,,暖炉,だんろ,,,,,
shop curtain,,,暖簾,のれん,,,,,
the dark,,,暗がり,くらがり,,,,,
code,,,暗号,あんごう,,,,,
reef,,,暗礁,あんしょう,,,,,
personal ID number,,,暗証番号,あんしょうばんごう,,,,,
the darkness,,,暗闇,くらやみ,,,,,
dark cloud,,,暗雲,あんうん,,,,,
unspoken,,,暗黙,あんもく,,,,,
"expose, uncover",,,暴く,あばく,,,,,
suppression,,,暴圧,ぼうあつ,,,,,
"mob, rioters",,,暴徒,ぼうと,,,,,
tyranny,,,暴政,ぼうせい,,,,,
thug,,,暴漢,ぼうかん,,,,,
verbal abuse,,,暴言,ぼうげん,,,,,
overeating,,,暴食,ぼうしょく,,,,,
skyrocket,,,暴騰,ぼうとう,,,,,
more,,,更なる,さらなる,,,,,
menopause,,,更年期,こうねんき,,,,,
"renewal, reform",,,更改,こうかい,,,,,
renewal,,,更新,こうしん,,,,,
rehabilitation,,,更生,こうせい,,,,,
changing room,,,更衣室,こういしつ,,,,,
reshuffling,,,更迭,こうてつ,,,,,
"register, put on record",,,書き留める,かきとめる,,,,,
rewrite,,,書き直す,かきなおす,,,,,
"post, posting",,,書き込み,かきこみ,,,,,
"fill in, fill out",,,書き込む,かきこむ,,,,,
second serving of noodles,,,替え玉,かえだま,,,,,
"biggest, largest",,,最大,さいだい,,,,,
"worst, terrible",,,最悪,さいあく,,,,,
newest,,,最新,さいしん,,,,,
ultimate,,,最終的,さいしゅうてき,,,,,
optimal,,,最適,さいてき,,,,,
moonlight,,,月影,つきかげ,,,,,
menstruation,,,月経,げっけい,,,,,
moon viewing,,,月見,つきみ,,,,,
lunar eclipse,,,月食,げっしょく,,,,,
unlikely,,,有り得ない,ありえない,,,,,
celebrity,,,有名人,ゆうめいじん,,,,,
being willing,,,有志,ゆうし,,,,,
guilt,,,有罪,ゆうざい,,,,,
"unexpected, undeserved",,,望外,ぼうがい,,,,,
watchtower,,,望楼,ぼうろう,,,,,
morning sun,,,朝日,あさひ,,,,,
getting up in the morning,,,朝立ち,あさだち,,,,,
tribute,,,朝貢,ちょうこう,,,,,
breakfast,,,朝食,ちょうしょく,,,,,
Korea,,,朝鮮,ちょうせん,,,,,
Korean War,,,朝鮮戦争,ちょうせんせんそう,,,,,
trees,,,木々,きぎ,,,,,
woodworking,,,木工,もっこう,,,,,
Jupiter,,,木星,もくせい,,,,,
wooden,,,木製,もくせい,,,,,
even now,,,未だに,いまだに,,,,,
underage,,,未成年,みせいねん,,,,,
failed attempt,,,未遂,みすい,,,,,
mainland,,,本土,ほんど,,,,,
home run,,,本塁打,ほんるいだ,,,,,
bookstore,,,本屋,ほんや,,,,,
Honshu island,,,本州,ほんしゅう,,,,,
true motive,,,本意,ほんい,,,,,
today,,,本日,ほんじつ,,,,,
this book,,,本書,ほんしょ,,,,,
in an orthodox way,,,本格的,ほんかくてき,,,,,
Honda,,,本田,ほんだ,,,,,
performance,,,本番,ほんばん,,,,,
main office,,,本社,ほんしゃ,,,,,
essential,,,本質的,ほんしつてき,,,,,
"scarlet, red",,,朱,あけ,,,,,
red seal,,,朱印,しゅいん,,,,,
writing in red ink,,,朱書,しゅしょ,,,,,
on the desk,,,机上,きじょう,,,,,
"Japanese plum, prune",,,李,すもも,,,,,
"material, material properties",,,材質,ざいしつ,,,,,
villager,,,村人,むらびと,,,,,
tie up in a bundle,,,束ねる,たばねる,,,,,
conditional mood,,,条件法,じょうけんほう,,,,,
"clause, stipulation",,,条項,じょうこう,,,,,
coming to a store,,,来店,らいてん,,,,,
East Asia,,,東亜,とうあ,,,,,
Tokyo,,,東京,とうきょう,,,,,
Tohoku region,,,東北,とうほく,,,,,
Eastern Europe,,,東欧,とうおう,,,,,
crutches,,,松葉杖,まつばづえ,,,,,
sushi chef,,,板前,いたまえ,,,,,
dilemma,,,板挟み,いたばさみ,,,,,
material on the blackboard,,,板書,ばんしょ,,,,,
card stock,,,板紙,いたがみ,,,,,
sheet metal,,,板金,ばんきん,,,,,
pillow fight,,,枕投げ,まくらなげ,,,,,
hard cider,,,林檎酒,りんごしゅ,,,,,
cider vinegar,,,林檎酢,りんごす,,,,,
form a forest,,,林立,りんりつ,,,,,
woodland path,,,林道,りんどう,,,,,
fruit juice,,,果汁,かじゅう,,,,,
"pulp, flesh of fruit",,,果肉,かにく,,,,,
insignificant details,,,枝葉,えだは,,,,,
green soybeans,,,枝豆,えだまめ,,,,,
"frame, framework",,,枠組み,わくぐみ,,,,,
cardinal,,,枢機卿,すうききょう,,,,,
temporary bridge,,,架け橋,かけはし,,,,,
build a bridge,,,架橋,かきょう,,,,,
overhead wire,,,架線,かせん,,,,,
"installation, construction",,,架設,かせつ,,,,,
ladle,,,柄杓,ひしゃく,,,,,
"stain, spot",,,染み,しみ,,,,,
dye,,,染料,せんりょう,,,,,
dyeing,,,染色,せんしょく,,,,,
"dyed hair, hair coloring",,,染髪,せんぱつ,,,,,
fabric softener,,,柔軟剤,じゅうなんざい,,,,,
pillared corridor,,,柱廊,ちゅうろう,,,,,
willow,,,柳,やなぎ,,,,,
numerical assessment,,,査定,さてい,,,,,
"inspection, investigation",,,査察,ささつ,,,,,
visa,,,査証,さしょう,,,,,
peer review,,,査読,さどく,,,,,
persimmon,,,柿,かき,,,,,
nutrient,,,栄養素,えいようそ,,,,,
bottle opener,,,栓抜き,せんぬき,,,,,
chestnut,,,栗,くり,,,,,
squirrel,,,栗鼠,りす,,,,,
shareholder,,,株主,かぶぬし,,,,,
share price,,,株価,かぶか,,,,,
stock market,,,株式市場,かぶしきしじょう,,,,,
nuclear weapon,,,核兵器,かくへいき,,,,,
nuclear family,,,核家族,かくかぞく,,,,,
nuclear warhead,,,核弾頭,かくだんとう,,,,,
"core, heart",,,核心,かくしん,,,,,
deeply rooted,,,根強い,ねづよい,,,,,
"fundamental, basic",,,根本的,こんぽんてき,,,,,
cool,,,格好良い,かっこいい,,,,,
lattice,,,格子,こうし,,,,,
formality,,,格式,かくしき,,,,,
being remarkable,,,格段,かくだん,,,,,
peach,,,桃,もも,,,,,
pink,,,桃色,ももいろ,,,,,
"item, topic",,,案件,あんけん,,,,,
"Sakura, cherry blossom",,,桜,さくら,,,,,
"crosspiece, frame, bolt",,,桟,さん,,,,,
plank road,,,桟道,さんどう,,,,,
syphilis,,,梅毒,ばいどく,,,,,
owl,,,梟,ふくろう,,,,,
forestry,,,森林学,しんりんがく,,,,,
forest bathing,,,森林浴,しんりんよく,,,,,
deforestation,,,森林破壊,しんりんはかい,,,,,
botanical garden,,,植物園,しょくぶつえん,,,,,
shitake mushroom,,,椎茸,しいたけ,,,,,
"vertebra, vertebrae",,,椎骨,ついこつ,,,,,
inspection,,,検問,けんもん,,,,,
quarantine,,,検疫,けんえき,,,,,
search,,,検索,けんさく,,,,,
checkup,,,検診,けんしん,,,,,
verification,,,検証,けんしょう,,,,,
censorship,,,検閲,けんえつ,,,,,
maple tree,,,楓,かえで,,,,,
oval,,,楕円形,だえんけい,,,,,
"deed, act, work, performance",,,業,わざ,,,,,
type of business,,,業種,ぎょうしゅ,,,,,
"defy, disobey",,,楯突く,たてつく,,,,,
"very, quite",,,極,ごく,,,,,
"investigate, carry to the end",,,極める,きわめる,,,,,
the best of one's ability,,,極力,きょくりょく,,,,,
"far-right, fascist",,,極右,きょくう,,,,,
"far-left, socialist",,,極左,きょくさ,,,,,
Far East,,,極東,きょくとう,,,,,
"tall building, tower",,,楼,ろう,,,,,
"tower, lofty building",,,楼閣,ろうかく,,,,,
optimism,,,楽天主義,らくてんしゅぎ,,,,,
optimistic,,,楽天的,らくてんてき,,,,,
in general,,,概して,がいして,,,,,
mostly,,,概ね,おおむね,,,,,
"outline, overview",,,概要,がいよう,,,,,
premises,,,構内,こうない,,,,,
composition,,,構図,こうず,,,,,
structure,,,構築,こうちく,,,,,
lisping,,,構音障害,こうおんしょうがい,,,,,
standard language,,,標準語,ひょうじゅんご,,,,,
simulation,,,模擬,もぎ,,,,,
"violence, oppression",,,横暴,おうぼう,,,,,
Yokohama,,,横浜,よこはま,,,,,
cave,,,横穴,よこあな,,,,,
being widespread,,,横行,おうこう,,,,,
tree trunk,,,樹幹,じゅかん,,,,,
sloth,,,樹懶,なまけもの,,,,,
sea of trees,,,樹海,じゅかい,,,,,
tree sap,,,樹液,じゅえき,,,,,
tree bark,,,樹皮,じゅひ,,,,,
on a plane,,,機内,きない,,,,,
in-flight meal,,,機内食,きないしょく,,,,,
"clever, shrewd",,,機敏,きびん,,,,,
margin,,,欄外,らんがい,,,,,
"miss, fail to do",,,欠かす,かかす,,,,,
cause to lack,,,欠かせる,かかせる,,,,,
dimension,,,次元,じげん,,,,,
next time,,,次回,じかい,,,,,
Europe,,,欧州,おうしゅう,,,,,
European Union,,,欧州連合,おうしゅうれんごう,,,,,
covet,,,欲張る,よくばる,,,,,
needs,,,欲求,よっきゅう,,,,,
deception,,,欺瞞,ぎまん,,,,,
opera,,,歌劇,かげき,,,,,
singing,,,歌唱,かしょう,,,,,
Japanese classical drama,,,歌舞伎,かぶき,,,,,
lyrics,,,歌詞,かし,,,,,
"great joy, delight",,,歓喜,かんき,,,,,
pleasure,,,歓楽,かんらく,,,,,
chat,,,歓談,かんだん,,,,,
tourniquet,,,止血帯,しけつたい,,,,,
New Year,,,正月,しょうがつ,,,,,
this guy,,,此奴,こいつ,,,,,
samurai code,,,武士道,ぶしどう,,,,,
military commander,,,武将,ぶしょう,,,,,
martial arts,,,武道,ぶどう,,,,,
pace around,,,歩き回る,あるきまわる,,,,,
"foot soldier, infantry",,,歩兵,ほへい,,,,,
"sentry, sentinel",,,歩哨,ほしょう,,,,,
number of steps,,,歩数,ほすう,,,,,
pedometer,,,歩数計,ほすうけい,,,,,
walking,,,歩行,ほこう,,,,,
pedestrian,,,歩行者,ほこうしゃ,,,,,
pace,,,歩調,ほちょう,,,,,
pedestrian bridge,,,歩道橋,ほどうきょう,,,,,
dental crown,,,歯冠,しかん,,,,,
plaque,,,歯垢,しこう,,,,,
toothache,,,歯痛,はいた,,,,,
toothpaste,,,歯磨き粉,はみがきこ,,,,,
gums,,,歯茎,はぐき,,,,,
counter for ages,,,歳,さい,,,,,
"respectable, qualified, good",,,歴とした,れっきとした,,,,,
"successively, historically",,,歴代,れきだい,,,,,
historian,,,歴史家,れきしか,,,,,
historical,,,歴史的,れきしてき,,,,,
stillbirth,,,死産,しざん,,,,,
god of death,,,死神,しにがみ,,,,,
distinguished services,,,殊勲,しゅくん,,,,,
particularly,,,殊更,ことさら,,,,,
brutality,,,残忍,ざんにん,,,,,
lingering heat of summer,,,残暑,ざんしょ,,,,,
overtime,,,残業,ざんぎょう,,,,,
remaining,,,残留,ざんりゅう,,,,,
the rest,,,残部,ざんぶ,,,,,
lingering snow,,,残雪,ざんせつ,,,,,
reverberation,,,残響,ざんきょう,,,,,
"strike, blow, hit",,,殴打,おうだ,,,,,
cardboard,,,段ボール,ダンボール,,,,,
paragraph,,,段落,だんらく,,,,,
"murderer, killer",,,殺人者,さつじんしゃ,,,,,
"killing, murder",,,殺害,さつがい,,,,,
sterilization,,,殺菌,さっきん,,,,,
insecticide,,,殺虫剤,さっちゅうざい,,,,,
"dreary, bleak",,,殺風景,さっぷうけい,,,,,
my mother,,,母,はは,,,,,
native country,,,母国,ぼこく,,,,,
native language,,,母国語,ぼこくご,,,,,
mother tongue,,,母語,ぼご,,,,,
vowel,,,母音,ぼいん,,,,,
food taster,,,毒味,どくみ,,,,,
toxicity,,,毒性,どくせい,,,,,
toxicology,,,毒性学,どくせいがく,,,,,
venom,,,毒液,どくえき,,,,,
toxic substance,,,毒物,どくぶつ,,,,,
poison,,,毒薬,どくやく,,,,,
"ratio, proportion",,,比,ひ,,,,,
compared to,,,比べて,くらべて,,,,,
"metaphorical, figurative",,,比喩的,ひゆてき,,,,,
hairy,,,毛深い,けぶかい,,,,,
skin pores,,,毛穴,けあな,,,,,
capillary,,,毛細血管,もうさいけっかん,,,,,
"fluff, fuzz",,,毛羽,けば,,,,,
"hair color, fur color",,,毛色,けいろ,,,,,
people,,,民,たみ,,,,,
democracy,,,民主主義,みんしゅしゅぎ,,,,,
Democratic Party,,,民主党,みんしゅとう,,,,,
civil law,,,民法,みんぽう,,,,,
folkcraft,,,民芸品,みんげいひん,,,,,
"people, public",,,民衆,みんしゅう,,,,,
folk tale,,,民話,みんわ,,,,,
climate change,,,気候変動,きこうへんどう,,,,,
climate zone,,,気候帯,きこうたい,,,,,
fighting spirit,,,気合い,きあい,,,,,
disposition,,,気性,きしょう,,,,,
Japan Meterological Agency,,,気象庁,きしょうちょう,,,,,
"craziness, madness",,,気違い,きちがい,,,,,
consideration,,,気遣い,きづかい,,,,,
worry about,,,気遣う,きづかう,,,,,
underwater,,,水中,すいちゅう,,,,,
cold-brew,,,水出し,みずだし,,,,,
jellyfish,,,水母,くらげ,,,,,
submerge,,,水没,すいぼつ,,,,,
swimsuit,,,水着,みずぎ,,,,,
mercury,,,水銀,すいぎん,,,,,
ice field,,,氷原,ひょうげん,,,,,
iceberg,,,氷山,ひょうざん,,,,,
icicle,,,氷柱,つらら,,,,,
ice water,,,氷水,こおりみず,,,,,
glacier,,,氷河,ひょうが,,,,,
permafrost,,,永久凍土,えいきゅうとうど,,,,,
permanent residence,,,永住,えいじゅう,,,,,
soup bowl,,,汁椀,しるわん,,,,,
juice,,,汁気,しるけ,,,,,
soup,,,汁物,しるもの,,,,,
recruitment,,,求人,きゅうじん,,,,,
marriage proposal,,,求婚,きゅうこん,,,,,
suitor,,,求婚者,きゅうこんしゃ,,,,,
job hunting,,,求職,きゅうしょく,,,,,
malaria,,,汗疹,あせも,,,,,
sweat gland,,,汗腺,かんせん,,,,,
dirt,,,汚れ,よごれ,,,,,
dirty laundry,,,汚れ物,よごれもの,,,,,
infamy,,,汚名,おめい,,,,,
dirty water,,,汚水,おすい,,,,,
corruption,,,汚職,おしょく,,,,,
Edo,,,江戸,えど,,,,,
Edo period,,,江戸時代,えどじだい,,,,,
near a pond,,,池畔,ちはん,,,,,
Ikebukuro,,,池袋,いけぶくろ,,,,,
"definite, final",,,決定的,けっていてき,,,,,
duel,,,決闘,けっとう,,,,,
Okinawa,,,沖縄,おきなわ,,,,,
marsh,,,沢,さわ,,,,,
estuary,,,河口,かわぐち,,,,,
river demon,,,河童,かっぱ,,,,,
blowfish,,,河豚,ふぐ,,,,,
hippo,,,河馬,かば,,,,,
erupt,,,沸き起こる,わきおこる,,,,,
boiling point,,,沸点,ふってん,,,,,
oil well,,,油井,ゆせい,,,,,
oil field,,,油田,ゆでん,,,,,
cure,,,治癒,ちゆ,,,,,
clinical trial,,,治験,ちけん,,,,,
natural harbor,,,泊地,はくち,,,,,
corporation,,,法人,ほうじん,,,,,
Ministry of Justice,,,法務省,ほうむしょう,,,,,
form bubbles,,,泡立つ,あわだつ,,,,,
ripple,,,波紋,はもん,,,,,
wavelength,,,波長,はちょう,,,,,
quandary,,,泥沼,どろぬま,,,,,
syringe,,,注射器,ちゅうしゃき,,,,,
important point,,,注意点,ちゅういてん,,,,,
swimmer,,,泳者,えしゃ,,,,,
Western-style room,,,洋室,ようしつ,,,,,
Western style,,,洋式,ようしき,,,,,
Western-style pear,,,洋梨,ようなし,,,,,
Western-style music,,,洋楽,ようがく,,,,,
Western-style pastries,,,洋菓子,ようがし,,,,,
Western-style vegetables,,,洋菜,ようさい,,,,,
Western-style food,,,洋食,ようしょく,,,,,
washing,,,洗浄,せんじょう,,,,,
washboard,,,洗濯板,せんたくいた,,,,,
washing machine,,,洗濯機,せんたくき,,,,,
clean laundry,,,洗濯物,せんたくもの,,,,,
car wash,,,洗車,せんしゃ,,,,,
shampoo,,,洗髪剤,せんぱつざい,,,,,
"hollow, cavity, cave",,,洞,ほら,,,,,
insight,,,洞察,どうさつ,,,,,
"cave, cavern",,,洞穴,ほらあな,,,,,
cave,,,洞窟,どうくつ,,,,,
cave bear,,,洞窟熊,どうくつぐま,,,,,
"habor, port",,,津,つ,,,,,
political faction,,,派閥,はばつ,,,,,
outflow,,,流出,りゅうしゅつ,,,,,
"fluid, mobile",,,流動的,りゅうどうてき,,,,,
washing away,,,流失,りゅうしつ,,,,,
influenza,,,流感,りゅうかん,,,,,
meteor,,,流星,りゅうせい,,,,,
fluency,,,流暢,りゅうちょう,,,,,
miscarriage,,,流産,りゅうざん,,,,,
quicksand,,,流砂,りゅうしゃ,,,,,
bloodshed,,,流血,りゅうけつ,,,,,
"shallow, superficial",,,浅薄,せんぱく,,,,,
cheerful,,,浮き浮き,うきうき,,,,,
"shower, spray",,,浴びせる,あびせる,,,,,
starfish,,,海星,ひとで,,,,,
seawater,,,海水,かいすい,,,,,
Neptune,,,海王星,かいおうせい,,,,,
shrimp,,,海老,えび,,,,,
dried seaweed,,,海苔,のり,,,,,
dolphin,,,海豚,いるか,,,,,
piracy,,,海賊,かいぞく,,,,,
navy,,,海軍,かいぐん,,,,,
sea level,,,海面,かいめん,,,,,
flooding,,,浸水,しんすい,,,,,
"pervasion, permeation",,,浸透,しんとう,,,,,
disappearance,,,消滅,しょうめつ,,,,,
hydrant,,,消火栓,しょうかせん,,,,,
consumer,,,消費者,しょうひしゃ,,,,,
firefighter,,,消防士,しょうぼうし,,,,,
liquifaction,,,液化,えきか,,,,,
liquid crystal,,,液晶,えきしょう,,,,,
cool breeze,,,涼風,りょうふう,,,,,
"hesitation, stagnation",,,淀み,よどみ,,,,,
dispassionate,,,淡々,たんたん,,,,,
"light, fait, pale",,,淡い,あわい,,,,,
deep sea,,,深海,しんかい,,,,,
mix,,,混ぜ合わせる,まぜあわせる,,,,,
interference,,,混信,こんしん,,,,,
mixed bathing,,,混浴,こんよく,,,,,
"turmoil, confusion",,,混迷,こんめい,,,,,
purify,,,清める,きよめる,,,,,
Puritan,,,清教徒,せいきょうと,,,,,
new and fresh,,,清新,せいしん,,,,,
clean and fresh water,,,清水,しみず,,,,,
clear stream,,,清流,せいりゅう,,,,,
purifier,,,清浄器,せいじょうき,,,,,
tranquility,,,清閑,せいかん,,,,,
Shibuya,,,渋谷,しぶや,,,,,
"gentle, mild-mannered",,,温厚,おんこう,,,,,
warming,,,温暖化,おんだんか,,,,,
inside the harbor,,,港内,こうない,,,,,
port,,,港湾,こうわん,,,,,
lake shore,,,湖畔,こはん,,,,,
"spring, welling of water",,,湧水,ゆうすい,,,,,
gulf,,,湾岸,わんがん,,,,,
humid,,,湿っぽい,しめっぽい,,,,,
"swamp, wetlands",,,湿地,しっち,,,,,
Manchuria,,,満州,まんしゅう,,,,,
full stomach,,,満腹,まんぷく,,,,,
dwarf planet,,,準惑星,じゅんわくせい,,,,,
dissolution,,,溶解,ようかい,,,,,
runway,,,滑走路,かっそうろ,,,,,
pulley,,,滑車,かっしゃ,,,,,
rapids,,,滝川,たきがわ,,,,,
fish for,,,漁る,あさる,,,,,
fishing net,,,漁網,ぎょもう,,,,,
lacquer,,,漆,うるし,,,,,
"leaking, disclosure",,,漏洩,ろうえい,,,,,
short circuit,,,漏電,ろうでん,,,,,
theatrical program,,,演目,えんもく,,,,,
rowing,,,漕艇,そうてい,,,,,
"Han, China",,,漢,かん,,,,,
classical Chinese,,,漢文,かんぶん,,,,,
Chinese herbal medicine,,,漢方薬,かんぽうやく,,,,,
"restless, distracted",,,漫ろ,そぞろ,,,,,
comic dialogue,,,漫才,まんざい,,,,,
manga artist,,,漫画家,まんがか,,,,,
pickles,,,漬物,つけもの,,,,,
submarine,,,潜水艦,せんすいかん,,,,,
"moisture, dampness",,,潤い,うるおい,,,,,
lubrication,,,潤滑,じゅんかつ,,,,,
lubricant,,,潤滑剤,じゅんかつざい,,,,,
lubricating oil,,,潤滑油,じゅんかつゆ,,,,,
ulcer,,,潰瘍,かいよう,,,,,
"turbulence, upheaval",,,激動,げきどう,,,,,
passion,,,激情,げきじょう,,,,,
dark blue,,,濃紺,のうこん,,,,,
enrichment,,,濃縮,のうしゅく,,,,,
light,,,灯す,ともす,,,,,
grizzly bear,,,灰色熊,はいいろぐま,,,,,
"ladle, dipper",,,灼,しゃく,,,,,
"scoop out, bail out",,,灼る,しゃくる,,,,,
calamity,,,災い,わざわい,,,,,
furnace,,,炉,ろ,,,,,
nuclear reactor core,,,炉心,ろしん,,,,,
mixed rice,,,炊き込みご飯,たきこみごはん,,,,,
rice cooker,,,炊飯器,すいはんき,,,,,
inflammation,,,炎症,えんしょう,,,,,
charcoal,,,炭,すみ,,,,,
carbohydrate,,,炭水化物,たんすいかぶつ,,,,,
carbonic acid,,,炭酸,たんさん,,,,,
carbonated water,,,炭酸水,たんさんすい,,,,,
Braille,,,点字,てんじ,,,,,
inspection,,,点検,てんけん,,,,,
"raindrops, intravenous drip",,,点滴,てんてき,,,,,
crow,,,烏,からす,,,,,
squid,,,烏賊,いか,,,,,
uninhabited,,,無人,むじん,,,,,
uninhabited island,,,無人島,むじんとう,,,,,
"unintentional, random",,,無作為,むさくい,,,,,
without labels,,,無印,むじるし,,,,,
unconsciousness,,,無意識,むいしき,,,,,
irrelevant,,,無縁,むえん,,,,,
innocence,,,無罪,むざい,,,,,
joblessness,,,無職,むしょく,,,,,
irresponsibility,,,無責任,むせきにん,,,,,
impatience,,,焦り,あせり,,,,,
fried noodles,,,焼き蕎麦,やきそば,,,,,
grilled fish,,,焼き魚,やきざかな,,,,,
grilled chicken,,,焼き鳥,やきとり,,,,,
grilled meat,,,焼肉,やきにく,,,,,
purgatory,,,煉獄,れんごく,,,,,
teriyaki,,,照り焼き,てりやき,,,,,
"cook together, stew",,,煮込む,にこむ,,,,,
rake,,,熊手,くまで,,,,,
"thoroughly, deeply",,,熟,つくづく,,,,,
"digest, break down",,,熟す,こなす,,,,,
ripen,,,熟れる,うれる,,,,,
sound sleep,,,熟睡,じゅくすい,,,,,
"heat stroke, hyperthermia",,,熱中症,ねっちゅうしょう,,,,,
heat wave,,,熱波,ねっぱ,,,,,
burst into flames,,,燃え上がる,もえあがる,,,,,
"burst open, pop",,,爆ぜる,はぜる,,,,,
bombing raid,,,爆撃,ばくげき,,,,,
nail clippers,,,爪切り,つめきり,,,,,
toothpick,,,爪楊枝,つまようじ,,,,,
nail file,,,爪鑢,つめやすり,,,,,
my father,,,父,ちち,,,,,
father,,,父さん,とうさん,,,,,
refreshing,,,爽快,そうかい,,,,,
one hand,,,片手,かたて,,,,,
one side,,,片方,かたほう,,,,,
inside corner,,,片隅,かたすみ,,,,,
tusk,,,牙,きば,,,,,
oyster,,,牡蠣,かき,,,,,
"pasture, grazing land",,,牧,まき,,,,,
pasture,,,牧草,ぼくそう,,,,,
special characteristic,,,特性,とくせい,,,,,
special effects,,,特撮,とくさつ,,,,,
characteristic,,,特質,とくしつ,,,,,
rhinoceros,,,犀,さい,,,,,
victim,,,犠牲者,ぎせいしゃ,,,,,
canine tooth,,,犬歯,けんし,,,,,
dog whistle,,,犬笛,いぬぶえ,,,,,
offense,,,犯行,はんこう,,,,,
frenzy,,,狂乱,きょうらん,,,,,
madman,,,狂人,きょうじん,,,,,
insanity,,,狂気,きょうき,,,,,
rabies,,,狂犬病,きょうけんびょう,,,,,
rhapsody,,,狂詩曲,きょうしきょく,,,,,
fox,,,狐,きつね,,,,,
"shooting, sniping",,,狙撃,そげき,,,,,
sniper rifle,,,狙撃銃,そげきじゅう,,,,,
self-righteousness,,,独善,どくぜん,,,,,
Germany,,,独国,どくこく,,,,,
self-study,,,独学,どくがく,,,,,
going it alone,,,独断,どくだん,,,,,
spinning top,,,独楽,こま,,,,,
dictatorial regime,,,独裁政権,どくさいせいけん,,,,,
dictator,,,独裁者,どくさいしゃ,,,,,
"monologue, German",,,独語,どくご,,,,,
wolf,,,狼,おおかみ,,,,,
smoke signal,,,狼煙,のろし,,,,,
lupus,,,狼瘡,ろうそう,,,,,
bird of prey,,,猛禽類,もうきんるい,,,,,
"obscene, indecent",,,猥褻,わいせつ,,,,,
hunchback,,,猫背,ねこぜ,,,,,
dislike of hot food,,,猫舌,ねこじた,,,,,
"present, offer, dedicate",,,献じる,けんじる,,,,,
blood donation,,,献血,けんけつ,,,,,
devotion,,,献身,けんしん,,,,,
monetary donation,,,献金,けんきん,,,,,
lion,,,獅子,しし,,,,,
vet,,,獣医,じゅうい,,,,,
brown rice,,,玄米,げんまい,,,,,
roasted rice tea,,,玄米茶,げんまいちゃ,,,,,
taking the initiative,,,率先,そっせん,,,,,
throne,,,玉座,ぎょくざ,,,,,
onion,,,玉葱,たまねぎ,,,,,
corn,,,玉蜀黍,とうもろこし,,,,,
kingdom,,,王国,おうこく,,,,,
royal family,,,王室,おうしつ,,,,,
toy with,,,玩ぶ,もてあそぶ,,,,,
delicacy,,,珍味,ちんみ,,,,,
eccentric,,,珍妙,ちんみょう,,,,,
rare book,,,珍本,ちんぽん,,,,,
biker gang,,,珍走団,ちんそうだん,,,,,
"modern, contemorary",,,現代的,げんだいてき,,,,,
realistic,,,現実的,げんじつてき,,,,,
"reason, principle, logic",,,理,り,,,,,
"doctrine, concept",,,理念,りねん,,,,,
ideally,,,理想的,りそうてき,,,,,
ring,,,環,かん,,,,,
being circular,,,環状,かんじょう,,,,,
roundabout,,,環状交差点,かんじょうこうさてん,,,,,
melon,,,瓜,うり,,,,,
sweetness,,,甘味,あまみ,,,,,
sweetener,,,甘味料,かんみりょう,,,,,
whale shark,,,甚兵衛鮫,じんべえざめ,,,,,
upbringing,,,生い立ち,おいたち,,,,,
"survive, live long and prosper",,,生き延びる,いきのびる,,,,,
way of life,,,生き方,いきかた,,,,,
survive,,,生き残る,いきのこる,,,,,
"produce, create, invent",,,生み出す,うみだす,,,,,
survivor,,,生存者,せいぞんしゃ,,,,,
ecosystem,,,生態,せいたい,,,,,
ecology,,,生態学,せいたいがく,,,,,
reproduction,,,生殖,せいしょく,,,,,
lifetime,,,生涯,しょうがい,,,,,
biology,,,生物学,せいぶつがく,,,,,
"bouncer, bodyguard",,,用心棒,ようじんぼう,,,,,
Tanaka,,,田中,たなか,,,,,
origin,,,由来,ゆらい,,,,,
"carapace, shell",,,甲,こう,,,,,
"effect, result, worth",,,甲斐,かい,,,,,
deck of a ship,,,甲板,かんぱん,,,,,
thyroid,,,甲状腺,こうじょうせん,,,,,
manly,,,男らしい,おとこらしい,,,,,
handsome man,,,男前,おとこまえ,,,,,
masculine,,,男性的,だんせいてき,,,,,
row of houses,,,町並み,まちなみ,,,,,
downtown,,,町中,まちなか,,,,,
town planning,,,町作り,まちづくり,,,,,
"neighborhood, community",,,町内,ちょうない,,,,,
outskirts,,,町外れ,まちはずれ,,,,,
townspeople,,,町民,ちょうみん,,,,,
uniformity,,,画一,かくいつ,,,,,
image,,,画像,がぞう,,,,,
screen,,,画面,がめん,,,,,
farmland,,,畑地,はたち,,,,,
"omission, abbreviation",,,略,りゃく,,,,,
rough sketch,,,略図,りゃくず,,,,,
simplification,,,略式,りゃくしき,,,,,
"pair, couple",,,番い,つがい,,,,,
heterosexual,,,異性愛者,いせいあいしゃ,,,,,
strange,,,異様,いよう,,,,,
heresy,,,異端,いたん,,,,,
"disinterested, ignorant",,,疎い,うとい,,,,,
mutual understanding,,,疎通,そつう,,,,,
"doubt, suspicion",,,疑い,うたがい,,,,,
"question, interrogative",,,疑問文,ぎもんぶん,,,,,
question mark,,,疑問符,ぎもんふ,,,,,
doubt,,,疑念,ぎねん,,,,,
exhaustion,,,疲弊,ひへい,,,,,
sick person,,,病人,びょうにん,,,,,
pathogen,,,病原体,びょうげんたい,,,,,
itch,,,痒み,かゆみ,,,,,
weight reduction,,,痩身,そうしん,,,,,
phlegm,,,痰,たん,,,,,
"foolishness, fool",,,痴,ち,,,,,
dimentia,,,痴呆,ちほう,,,,,
molester,,,痴漢,ちかん,,,,,
therapy,,,療法,りょうほう,,,,,
"recuperation, treatment",,,療養,りょうよう,,,,,
cancer research,,,癌研,がんけん,,,,,
"heal, cure",,,癒す,いやす,,,,,
"produce, emit",,,発する,はっする,,,,,
fermentation,,,発酵,はっこう,,,,,
power plant,,,発電所,はつでんしょ,,,,,
chalk,,,白亜,はくあ,,,,,
white person,,,白人,はくじん,,,,,
white supremacy,,,白人至上主義,はくじんしじょうしゅぎ,,,,,
white paper,,,白書,はくしょ,,,,,
white rice,,,白米,はくまい,,,,,
white line,,,白線,はくせん,,,,,
Chinese cabbage,,,白菜,はくさい,,,,,
white lab coat,,,白衣,はくい,,,,,
platinum,,,白金,はっきん,,,,,
one hundred percent,,,百パーセント,ひゃくパーセント,,,,,
percentage,,,百分率,ひゃくぶんりつ,,,,,
lily,,,百合,ゆり,,,,,
many objects of study,,,百科,ひゃっか,,,,,
department store,,,百貨店,ひゃっかてん,,,,,
hitting the mark,,,的中,てきちゅう,,,,,
everyone,,,皆様,みなさま,,,,,
crown prince,,,皇太子,こうたいし,,,,,
imperial house,,,皇室,こうしつ,,,,,
emperor,,,皇帝,こうてい,,,,,
imperial family,,,皇族,こうぞく,,,,,
dermatitis,,,皮膚炎,ひふえん,,,,,
dermatology,,,皮膚科,ひふか,,,,,
leather,,,皮革,ひかく,,,,,
dishwasher,,,皿洗い機,さらあらいき,,,,,
shallow bowl,,,皿鉢,さらばち,,,,,
miniature potted plant,,,盆栽,ぼんさい,,,,,
Bon Festival dance,,,盆踊り,ぼんおどり,,,,,
benefit,,,益,えき,,,,,
benefit someone,,,益する,えきする,,,,,
plagiarism,,,盗作,とうさく,,,,,
wiretapping,,,盗聴,とうちょう,,,,,
liven up,,,盛り上がる,もりあがる,,,,,
"pact, alliance",,,盟約,めいやく,,,,,
supervision,,,監修,かんしゅう,,,,,
confinement,,,監禁,かんきん,,,,,
have a weakness for,,,目が無い,めがない,,,,,
witnessing,,,目撃,もくげき,,,,,
witness,,,目撃者,もくげきしゃ,,,,,
eyeball,,,目玉,めだま,,,,,
destination,,,目的地,もくてきち,,,,,
grammatical object,,,目的語,もくてきご,,,,,
instantly,,,直に,じきに,,,,,
carpool,,,相乗り,あいのり,,,,,
compatibility,,,相容性,あいいせい,,,,,
compatibility,,,相性,あいしょう,,,,,
follow in succession,,,相次ぐ,あいつぐ,,,,,
counselor,,,相談役,そうだんやく,,,,,
energy efficient,,,省エネ,しょうエネ,,,,,
look after,,,看る,みる,,,,,
female nurse,,,看護婦,かんごふ,,,,,
run by the prefecture,,,県立,けんりつ,,,,,
"truth, reality",,,真,しん,,,,,
sleep,,,眠り,ねむり,,,,,
sleepiness,,,眠気,ねむけ,,,,,
look around,,,眺め回す,ながめまわす,,,,,
"prospect, outlook",,,眺望,ちょうぼう,,,,,
"eye, eyeball",,,眼,まなこ,,,,,
eye doctor,,,眼医者,めいしゃ,,,,,
steady,,,着実,ちゃくじつ,,,,,
change one's clothes,,,着替える,きがえる,,,,,
sleep medication,,,睡眠薬,すいみんやく,,,,,
meditation,,,瞑想,めいそう,,,,,
"blink, twinkle",,,瞬く,またたく,,,,,
instant,,,瞬時,しゅんじ,,,,,
teleportation,,,瞬間移動,しゅんかんいどう,,,,,
spear,,,矛,ほこ,,,,,
spearhead,,,矛先,ほこさき,,,,,
"wisdom, knowledge",,,知,ち,,,,,
make known,,,知らしめる,しらしめる,,,,,
get to know,,,知り合う,しりあう,,,,,
perception,,,知覚,ちかく,,,,,
short-grain,,,短粒,たんりゅう,,,,,
stone tool,,,石器,せっき,,,,,
stone wall,,,石垣,いしがき,,,,,
quartz,,,石英,せきえい,,,,,
sandbox,,,砂場,すなば,,,,,
sandstone,,,砂岩,さがん,,,,,
desertification,,,砂漠化,さばくか,,,,,
research institute,,,研究所,けんきゅうしょ,,,,,
researcher,,,研究者,けんきゅうしゃ,,,,,
icebreaker,,,砕氷船,さいひょうせん,,,,,
sulfuric acid,,,硫酸,りゅうさん,,,,,
sulfur,,,硫黄,いおう,,,,,
Iwo Jima,,,硫黄島,いおうとう,,,,,
hardening,,,硬化,こうか,,,,,
rigidity,,,硬直,こうちょく,,,,,
tenseness,,,硬音,こうおん,,,,,
landmass,,,碌,ろく,,,,,
porcelain,,,磁器,じき,,,,,
magnetic field,,,磁場,じば,,,,,
hint,,,示唆,しさ,,,,,
social,,,社交的,しゃこうてき,,,,,
socialism,,,社会主義,しゃかいしゅぎ,,,,,
member of society,,,社会人,しゃかいじん,,,,,
in-house,,,社内,しゃない,,,,,
company employee,,,社員,しゃいん,,,,,
prayer,,,祈念,きねん,,,,,
prayer,,,祈禱,きとう,,,,,
prayer meeting,,,祈禱会,きとうかい,,,,,
prayer book,,,祈禱書,きとうしょ,,,,,
Kanagawa prefecture,,,神奈川県,かながわけん,,,,,
theology,,,神学,しんがく,,,,,
Kobe,,,神戸,こうべ,,,,,
Shinto,,,神道,しんとう,,,,,
divine wind,,,神風,かみかぜ,,,,,
Zen monk,,,禅坊主,ぜんぼうず,,,,,
Zen temple,,,禅寺,ぜんでら,,,,,
grab bag,,,福袋,ふくぶくろ,,,,,
gospel,,,福音,ふくいん,,,,,
vulture,,,禿鷹,はげたか,,,,,
personal affairs,,,私事,しじ,,,,,
private life,,,私生活,しせいかつ,,,,,
"personal, private",,,私的,してき,,,,,
private university,,,私立大学,しりつだいがく,,,,,
myself,,,私自身,わたしじしん,,,,,
"we, us",,,私達,わたしたち,,,,,
impose,,,科する,かする,,,,,
scientific,,,科学的,かがくてき,,,,,
scientist,,,科学者,かがくしゃ,,,,,
countdown,,,秒読み,びょうよみ,,,,,
speed per second,,,秒速,びょうそく,,,,,
second hand,,,秒針,びょうしん,,,,,
keep to oneself,,,秘める,ひめる,,,,,
weighing,,,秤量,ひょうりょう,,,,,
"orderly, well-ordered",,,秩序正しい,ちつじょただしい,,,,,
transplantation,,,移植,いしょく,,,,,
moderate,,,程々,ほどほど,,,,,
including tax,,,税込,ぜいこみ,,,,,
classification,,,種別,しゅべつ,,,,,
sports event,,,種目,しゅもく,,,,,
rice crop,,,稲作,いなさく,,,,,
lightning,,,稲妻,いなずま,,,,,
rice field,,,稲田,いなだ,,,,,
earnings,,,稼ぎ,かせぎ,,,,,
"operation, running, working",,,稼働,かどう,,,,,
cave dwelling,,,穴居,けっきょ,,,,,
scientific investigation,,,究明,きゅうめい,,,,,
vacant house,,,空き家,あきや,,,,,
vacancy,,,空席,くうせき,,,,,
karate,,,空手,からて,,,,,
pump,,,空気入れ,くうきいれ,,,,,
space,,,空間,くうかん,,,,,
"push on, push forward",,,突き進む,つきすすむ,,,,,
"rushing, dashing",,,突進,とっしん,,,,,
start up,,,立ち上げる,たちあげる,,,,,
enter,,,立ち入る,たちいる,,,,,
"oppose, face",,,立ち向かう,たちむかう,,,,,
legislature,,,立法府,りっぽうふ,,,,,
dragon,,,竜,りゅう,,,,,
tornado,,,竜巻,たつまき,,,,,
dragon king,,,竜王,りゅうおう,,,,,
nursery rhyme,,,童謡,どうよう,,,,,
computer terminal,,,端末,たんまつ,,,,,
sports venue,,,競技場,きょうぎじょう,,,,,
stilts,,,竹馬,たけうま,,,,,
top of a pole,,,竿燈,かんとう,,,,,
"token, amulet",,,符,ふ,,,,,
first,,,第一号,だいいちごう,,,,,
third party,,,第三者,だいさんしゃ,,,,,
second,,,第二,だいに,,,,,
writing tools,,,筆記用具,ひっきようぐ,,,,,
equals sign,,,等号,とうごう,,,,,
muscular strength,,,筋力,きんりょく,,,,,
"response, reply",,,答弁,とうべん,,,,,
"spatula, paddle",,,箆,へら,,,,,
"moose, elk",,,箆鹿,へらじか,,,,,
control,,,管制,かんせい,,,,,
control tower,,,管制塔,かんせいとう,,,,,
orchestral music,,,管弦楽,かんげんがく,,,,,
orchestra,,,管弦楽団,かんげんがくだん,,,,,
wind instrument,,,管楽器,かんがっき,,,,,
boxed goods,,,箱詰め,はこづめ,,,,,
chopstick rest,,,箸置き,はしおき,,,,,
joints,,,節々,ふしぶし,,,,,
end of winter,,,節分,せつぶん,,,,,
water conservation,,,節水,せっすい,,,,,
cutting down on smoking,,,節煙,せつえん,,,,,
cutting down on drinking,,,節酒,せっしゅ,,,,,
conservation of energy,,,節電,せつでん,,,,,
going on a diet,,,節食,せっしょく,,,,,
"model, example",,,範,はん,,,,,
category,,,範疇,はんちゅう,,,,,
"build up, establish",,,築き上げる,きずきあげる,,,,,
sieve,,,篩,ふるい,,,,,
"simplicity, brevity",,,簡,かん,,,,,
simplfied Chinese characters,,,簡体字,かんたいじ,,,,,
simplification,,,簡略化,かんりゃくか,,,,,
"tempting, coaxing",,,籠絡,ろうらく,,,,,
United States,,,米国,べいこく,,,,,
the Americas,,,米州,べいしゅう,,,,,
rice production,,,米産,べいさん,,,,,
rice vinegar,,,米酢,こめず,,,,,
powdered milk,,,粉乳,ふんにゅう,,,,,
crushing to pieces,,,粉砕,ふんさい,,,,,
powdery snow,,,粉雪,こなゆき,,,,,
"pulp, lumpiness",,,粒々,つぶつぶ,,,,,
lumpy sweet bean paste,,,粒餡,つぶあん,,,,,
slimy and gooey,,,粘々,ねばねば,,,,,
sticky,,,粘っこい,ねばっこい,,,,,
clay,,,粘土,ねんど,,,,,
mucus,,,粘液,ねんえき,,,,,
sperm,,,精子,せいし,,,,,
testicle,,,精巣,せいそう,,,,,
essential oil,,,精油,せいゆ,,,,,
semen,,,精液,せいえき,,,,,
"mental, spritual",,,精神的,せいしんてき,,,,,
devotion,,,精進,しょうじん,,,,,
Buddhist cuisine,,,精進料理,しょうじんりょうり,,,,,
diabetes,,,糖尿病,とうにょうびょう,,,,,
molasses,,,糖蜜,とうみつ,,,,,
spinning wheel,,,糸車,いとぐるま,,,,,
business conglomerate,,,系列,けいれつ,,,,,
family tree,,,系図,けいず,,,,,
systematic,,,系統的,けいとうてき,,,,,
genealogy,,,系譜,けいふ,,,,,
compress,,,約める,つづめる,,,,,
punctuation,,,約物,やくもの,,,,,
"deep red, crimson",,,紅,くれない,,,,,
Red Sea,,,紅海,こうかい,,,,,
red pickled ginger,,,紅生姜,べにしょうが,,,,,
fermented soybeans,,,納豆,なっとう,,,,,
"innocent, pure",,,純,じゅん,,,,,
degree of purity,,,純度,じゅんど,,,,,
chastity,,,純潔,じゅんけつ,,,,,
purity,,,純真,じゅんしん,,,,,
pure gold,,,純金,じゅんきん,,,,,
confetti,,,紙吹雪,かみふぶき,,,,,
paper bag,,,紙袋,かみぶくろ,,,,,
"divert, distract, conceal",,,紛らす,まぎらす,,,,,
"unmistakable, obvious",,,紛れもない,まぎれもない,,,,,
fine white noodles,,,素麺,そうめん,,,,,
"rope, cord",,,索,さく,,,,,
ultraviolet,,,紫外線,しがいせん,,,,,
"purple, violet",,,紫色,むらさきいろ,,,,,
scraping along,,,細々,ほそぼそ,,,,,
letter of introduction,,,紹介状,しょうかいじょう,,,,,
dyer,,,紺屋,こうや,,,,,
Prussian blue,,,紺青,こんじょう,,,,,
"period, full stop",,,終止符,しゅうしふ,,,,,
"end, close",,,終結,しゅうけつ,,,,,
final train,,,終電,しゅうでん,,,,,
bond,,,絆,きずな,,,,,
manager,,,経営者,けいえいしゃ,,,,,
economic,,,経済的,けいざいてき,,,,,
someone with experience,,,経験者,けいけんしゃ,,,,,
"tie, arrange",,,結う,ゆう,,,,,
wedding,,,結婚式,けっこんしき,,,,,
concerning the result,,,結果的,けっかてき,,,,,
strangulation,,,絞殺,こうさつ,,,,,
death by hanging,,,絞首刑,こうしゅけい,,,,,
provision,,,給付,きゅうふ,,,,,
carpet bombing,,,絨毯爆撃,じゅうたんばくげき,,,,,
"command, integrate",,,統べる,すべる,,,,,
picture book,,,絵本,えほん,,,,,
climax,,,絶頂,ぜっちょう,,,,,
silk thread,,,絹糸,けんし,,,,,
stepmother,,,継母,ままはは,,,,,
stepfather,,,継父,ままちち,,,,,
"continuation, sequel",,,続編,ぞくへん,,,,,
"restoration, renewal",,,維新,いしん,,,,,
window screen,,,網戸,あみど,,,,,
"encompassing, covering",,,網羅,もうら,,,,,
retina,,,網膜,もうまく,,,,,
spell,,,綴る,つずる,,,,,
flowery language,,,綺語,きご,,,,,
feeling of tension,,,緊張感,きんちょうかん,,,,,
comprehensive,,,総合的,そうごうてき,,,,,
leading,,,総理,そうり,,,,,
generic term,,,総称,そうしょう,,,,,
green,,,緑色,みどりいろ,,,,,
green tea,,,緑茶,りょくちゃ,,,,,
ending,,,締め,しめ,,,,,
"tighten, squeeze",,,締め付ける,しめつける,,,,,
exclude,,,締め出す,しめだす,,,,,
conclusion,,,締結,ていけつ,,,,,
temple festival,,,縁日,えんにち,,,,,
skipping rope,,,縄跳び,なわとび,,,,,
chipmunk,,,縞栗鼠,しまりす,,,,,
zebra,,,縞馬,しまうま,,,,,
traverse,,,縦走,じゅうそう,,,,,
stuffed animal,,,縫いぐるみ,ぬいぐるみ,,,,,
sewing,,,縫い物,ぬいもの,,,,,
sewing thread,,,縫い糸,ぬいいと,,,,,
sewing needle,,,縫い針,ぬいばり,,,,,
"dainty, delicate",,,繊細,せんさい,,,,,
"wind, spin",,,繰る,くる,,,,,
trap,,,罠,わな,,,,,
"offender, criminal",,,罪人,ざいにん,,,,,
storehouse,,,置き場,おきば,,,,,
"replacement, substitution",,,置換,ちかん,,,,,
verbal abuse,,,罵倒,ばとう,,,,,
sheep,,,羊,ひつじ,,,,,
mutton,,,羊肉,ようにく,,,,,
deliciousness,,,美味,びみ,,,,,
looks delicious,,,美味しそう,おいしそう,,,,,
hairdresser,,,美容師,びようし,,,,,
hair salon,,,美容院,びよういん,,,,,
"be turned on, irresistable",,,群々,むらむら,,,,,
envy,,,羨望,せんぼう,,,,,
righteousness,,,義,ぎ,,,,,
mother-in-law,,,義母,ぎぼ,,,,,
father-in-law,,,義父,ぎふ,,,,,
"comforter, down",,,羽布団,はねぶとん,,,,,
feather,,,羽毛,うもう,,,,,
"plight, mess",,,羽目,はめ,,,,,
the following year,,,翌年,よくねん,,,,,
the following day,,,翌日,よくじつ,,,,,
the following month,,,翌月,よくげつ,,,,,
skill acquisition,,,習得,しゅうとく,,,,,
habitual,,,習慣的,しゅうかんてき,,,,,
jade,,,翡翠,ひすい,,,,,
old age,,,老後,ろうご,,,,,
way of thinking,,,考え方,かんがえかた,,,,,
reconsider,,,考え直す,かんがえなおす,,,,,
consideration,,,考察,こうさつ,,,,,
earwax,,,耳垢,みみあか,,,,,
saint,,,聖人,せいじん,,,,,
holy land,,,聖地,せいち,,,,,
shrine,,,聖堂,せいどう,,,,,
Holy See,,,聖座,せいざ,,,,,
holy war,,,聖戦,せいせん,,,,,
Holy Grail,,,聖杯,せいはい,,,,,
hymn,,,聖歌,せいか,,,,,
holy water,,,聖水,せいすい,,,,,
clergy,,,聖職者,せいしょくしゃ,,,,,
holy spirit,,,聖霊,せいれい,,,,,
let someone hear,,,聞かす,きかす,,,,,
follow along,,,聞き取る,ききとる,,,,,
"listener, audience",,,聞き手,ききて,,,,,
legal hearing,,,聴聞,ちょうもん,,,,,
listening comprehension,,,聴解,ちょうかい,,,,,
workplace,,,職場,しょくば,,,,,
work history,,,職歴,しょくれき,,,,,
naked eye,,,肉眼,にくがん,,,,,
skin color,,,肌色,はだいろ,,,,,
"liver, guts",,,肝,きも,,,,,
hepatitis,,,肝炎,かんえん,,,,,
cirrhosis,,,肝硬変,かんこうへん,,,,,
liver,,,肝臓,かんぞう,,,,,
groin,,,股間,こかん,,,,,
pneumonia,,,肺炎,はいえん,,,,,
lungs,,,肺臓,はいぞう,,,,,
stomach ache,,,胃痛,いつう,,,,,
spine,,,背骨,せぼね,,,,,
womb,,,胎,たい,,,,,
fetus,,,胎児,たいじ,,,,,
placenta,,,胎盤,たいばん,,,,,
embryo,,,胚,はい,,,,,
sitting cross-legged,,,胡坐,あぐら,,,,,
walnut,,,胡桃,くるみ,,,,,
cucumber,,,胡瓜,きゅうり,,,,,
sesame seed,,,胡麻,ごま,,,,,
sesame oil,,,胡麻油,ごまあぶら,,,,,
rib cage,,,胸郭,きょうかく,,,,,
"threat, menace",,,脅威,きょうい,,,,,
supporting role,,,脇役,わきやく,,,,,
pulse,,,脈拍,みゃくはく,,,,,
blood vessel,,,脈管,みゃっかん,,,,,
footnote,,,脚注,きゃくちゅう,,,,,
shin,,,脛,すね,,,,,
hair loss,,,脱毛,だつもう,,,,,
dehydration,,,脱水症状,だっすいしょうじょう,,,,,
prison break,,,脱獄,だつごく,,,,,
tax evasion,,,脱税,だつぜい,,,,,
undressing,,,脱衣,だつい,,,,,
escape,,,脱走,だっそう,,,,,
brain death,,,脳死,のうし,,,,,
brain waves,,,脳波,のうは,,,,,
concussion,,,脳震盪,のうしんとう,,,,,
corrosion,,,腐食,ふしょく,,,,,
wristwatch,,,腕時計,うでどけい,,,,,
swelling,,,腫れ,はれ,,,,,
tumor,,,腫瘍,しゅよう,,,,,
oncology,,,腫瘍学,しゅようがく,,,,,
lower back pain,,,腰痛,ようつう,,,,,
stomach ache,,,腹痛,ふくつう,,,,,
gland,,,腺,せん,,,,,
bladder,,,膀胱,ぼうこう,,,,,
kneecap,,,膝頭,ひざがしら,,,,,
vagina,,,膣,ちつ,,,,,
pancreatic cancer,,,膵癌,すいがん,,,,,
pus,,,膿,うみ,,,,,
umbilical cord,,,臍帯,さいたい,,,,,
organ,,,臓器,ぞうき,,,,,
oneself,,,自ら,みずから,,,,,
itself,,,自体,じたい,,,,,
one's home,,,自宅,じたく,,,,,
Liberal Democratic Party,,,自民党,じみんとう,,,,,
municipality,,,自治体,じちたい,,,,,
confession,,,自白,じはく,,,,,
Self-Defense Forces,,,自衛隊,じえいたい,,,,,
deodorant,,,臭い消し,においけし,,,,,
stinky tofu,,,臭豆腐,しゅうどうふ,,,,,
supremacy,,,至上,しじょう,,,,,
solstice,,,至点,してん,,,,,
"lethal, fatal",,,致命的,ちめいてき,,,,,
vitalize,,,興す,おこす,,,,,
interesting,,,興味深い,きょうみぶかい,,,,,
war of words,,,舌戦,ぜっせん,,,,,
"dancing, dance",,,舞,まい,,,,,
Western-style dancing,,,舞踏,ぶとう,,,,,
plane ticket,,,航空券,こうくうけん,,,,,
sailor,,,船員,せんいん,,,,,
ship passenger,,,船客,せんきゃく,,,,,
ship cabin,,,船室,せんしつ,,,,,
captain,,,船長,せんちょう,,,,,
bow of a ship,,,船首,せんしゅ,,,,,
naval ship,,,艦船,かんせん,,,,,
naval vessel,,,艦艇,かんてい,,,,,
naval fleet,,,艦隊,かんたい,,,,,
"merit, goodness",,,良さ,よさ,,,,,
"good, okay",,,良し,よし,,,,,
fine goods,,,良品,りょうひん,,,,,
various,,,色んな,いろんな,,,,,
"tuber, potato",,,芋,いも,,,,,
granite,,,花崗岩,かこうがん,,,,,
field of flowers,,,花畑,はなばたけ,,,,,
hay fever,,,花粉症,かふんしょう,,,,,
entertainer,,,芸人,げいにん,,,,,
female entertainer,,,芸者,げいしゃ,,,,,
entertainer,,,芸能人,げいのうじん,,,,,
bullying,,,苛め,いじめ,,,,,
youth,,,若い頃,わかいころ,,,,,
young person,,,若者,わかもの,,,,,
suffering,,,苦しみ,くるしみ,,,,,
United Kingdom,,,英国,えいこく,,,,,
English translation,,,英訳,えいやく,,,,,
strawberry,,,苺,いちご,,,,,
Shigeru,,,茂,しげる,,,,,
eggplant,,,茄子,なす,,,,,
tea house,,,茶屋,ちゃや,,,,,
tea ceremony,,,茶道,ちゃどう,,,,,
mushroom,,,茸,きのこ,,,,,
boiled egg,,,茹で卵,ゆでたまご,,,,,
boiled noodles,,,茹で麺,うでめん,,,,,
meadow,,,草地,くさち,,,,,
"rough, wild, rude",,,荒々しい,あらあらしい,,,,,
"cart, wagon",,,荷車,にぐるま,,,,,
chrysanthemum,,,菊,きく,,,,,
candy shop,,,菓子屋,かしや,,,,,
"greens, vegetables",,,菜,な,,,,,
vegetable garden,,,菜園,さいえん,,,,,
vegetable diet,,,菜食,さいしょく,,,,,
vegetarianism,,,菜食主義,さいしょくしゅぎ,,,,,
spinach,,,菠薐草,ほうれんそう,,,,,
graffiti,,,落書き,らくがき,,,,,
successful bid,,,落札,らくさつ,,,,,
comic storytelling,,,落語,らくご,,,,,
leaf,,,葉っぱ,はっぱ,,,,,
cigar,,,葉巻,はまき,,,,,
copyright,,,著作権,ちょさくけん,,,,,
wine,,,葡萄酒,ぶどうしゅ,,,,,
funeral,,,葬儀,そうぎ,,,,,
"Welsh onion, spring onion",,,葱,ねぎ,,,,,
hot and humid,,,蒸し蒸し,むしむし,,,,,
steamboat,,,蒸気船,じょうきせん,,,,,
ivy,,,蔦,つた,,,,,
turnip,,,蕪,かぶ,,,,,
light clothing,,noun,薄着,うすぎ,,,,,
rose,,noun,薔薇,ばら,,,,,
rose-colored,,noun,薔薇色,ばらいろ,,,,,
sweet potato,,noun,薩摩芋,さつまいも,,,,,
pharmacist,,noun,薬剤師,やくざいし,,,,,
drug,,noun,薬物,やくぶつ,,,,,
medicinal herb,,noun,薬草,やくそう,,,,,
straw hat,,noun,藁帽子,わらぼうし,,,,,
orchid,,noun,蘭,らん,,,,,
Rangaku,,noun,蘭学,らんがく,,,,,
Rangaku scholar,,noun,蘭学者,らんがくしゃ,,,,,
oppress,,verb,虐げる,しいたげる,,,,,
tyranny,,,虐政,ぎゃくせい,,,,,
"massacre, genocide",,,虐殺,ぎゃくさつ,,,,,
fallacy,,,虚偽,きょぎ,,,,,
vanity,,,虚栄心,きょえいしん,,,,,
"captive, prisoner",,,虜,とりこ,,,,,
iris,,,虹彩,こうさい,,,,,
mosquito net,,,蚊帳,かや,,,,,
snake,,,蛇,へび,,,,,
opal,,,蛋白石,たんぱくせき,,,,,
frog,,,蛙,かえる,,,,,
clam,,,蛤,はまぐり,,,,,
octopus,,,蛸,たこ,,,,,
hummingbird,,,蜂鳥,はちどり,,,,,
spider,,,蜘蛛,くも,,,,,
cicada,,,蝉,せみ,,,,,
chorus of cicadas,,,蝉時雨,せみしぐれ,,,,,
wax,,,蝋,ろう,,,,,
"grasshopper, locust",,,蝗,いなご,,,,,
hinge,,,蝶番,ちょうつがい,,,,,
cricket,,,蟋蟀,こおろぎ,,,,,
crab,,,蟹,かに,,,,,
fly,,,蠅,はえ,,,,,
scorpion,,,蠍,さそり,,,,,
bloody,,,血なまぐさい,ちなまぐさい,,,,,
blood type,,,血液型,けつえきがた,,,,,
blood relationship,,,血縁,けつえん,,,,,
blood circulation,,,血行,けっこう,,,,,
destination,,,行き先,いきさき,,,,,
reach the limits,,,行き詰まる,いきつまる,,,,,
"exercise, use",,,行使,こうし,,,,,
one's whereabouts,,,行方,ゆくえ,,,,,
street light,,,街灯,がいとう,,,,,
hygienist,,,衛生士,えいせいし,,,,,
hygienic,,,衛生的,えいせいてき,,,,,
shock wave,,,衝撃波,しょうげきは,,,,,
"clothes, garment",,,衣,ころも,,,,,
display,,,表示,ひょうじ,,,,,
"decline, degeneration",,,衰退,すいたい,,,,,
defendant,,,被告人,ひこくにん,,,,,
victim,,,被害者,ひがいしゃ,,,,,
cut cloth,,,裁つ,たつ,,,,,
judge,,,裁判官,さいばんかん,,,,,
"court, courthouse",,,裁判所,さいばんしょ,,,,,
"decision, ruling",,,裁定,さいてい,,,,,
training wheels,,,補助輪,ほじょりん,,,,,
hearing aid,,,補聴器,ほちょうき,,,,,
manufacturing industry,,,製造業,せいぞうぎょう,,,,,
photocopier,,,複写機,ふくしゃき,,,,,
scarf,,,襟巻き,えりまき,,,,,
lapel pin,,,襟章,えりしょう,,,,,
watermelon,,,西瓜,すいか,,,,,
Spanish,,,西語,せいご,,,,,
cornerstone,,,要,かなめ,,,,,
important person,,,要人,ようじん,,,,,
hegemony,,,覇権,はけん,,,,,
supreme ruler,,,覇者,はしゃ,,,,,
can see,,,見える,みえる,,,,,
stare at,,,見つめる,みつめる,,,,,
stare at one another,,,見つめ合う,みつめあう,,,,,
consider as,,,見なす,みなす,,,,,
"find out, discover",,,見出す,みいだす,,,,,
watch over,,,見守る,みまもる,,,,,
highlight,,,見所,みどころ,,,,,
review,,,見直し,みなおし,,,,,
"vision, eyesight",,,視力,しりょく,,,,,
field of vision,,,視界,しかい,,,,,
"gaze, line of sight",,,視線,しせん,,,,,
mind-reading folklore monster,,,覚,さとり,,,,,
memo,,,覚書,おぼえがき,,,,,
stimulant,,,覚醒剤,かくせいざい,,,,,
parent and child,,,親子,おやこ,,,,,
intimacy,,,親密,しんみつ,,,,,
pro-Japanese,,,親日,しんにち,,,,,
one's old man,,,親父,おやじ,,,,,
tourist attraction,,,観光地,かんこうち,,,,,
tourist,,,観光客,かんこうきゃく,,,,,
blackhead,,,角栓,かくせん,,,,,
cornea,,,角膜,かくまく,,,,,
geometric pyramid,,,角錐,かくすい,,,,,
demolition,,,解体,かいたい,,,,,
clarification,,,解明,かいめい,,,,,
tentacle,,,触手,しょくしゅ,,,,,
"feeler, antenna",,,触角,しょっかく,,,,,
"reword, rephrase",,,言い換える,いいかえる,,,,,
way of speaking,,,言い方,いいかた,,,,,
express in words,,,言い表す,いいあらわす,,,,,
"talk back, answer",,,言い返す,いいかえす,,,,,
speech and conduct,,,言動,げんどう,,,,,
mention,,,言及,げんきゅう,,,,,
linguistics,,,言語学,げんごがく,,,,,
correct,,,訂する,ていする,,,,,
"deliberate, planned",,,計画的,けいかくてき,,,,,
"instruction, direction",,,訓示,くんじ,,,,,
"only, just",,,許り,ばかり,,,,,
consent,,,許諾,きょだく,,,,,
translator,,,訳者,やくしゃ,,,,,
examination room,,,診察室,しんさつしつ,,,,,
clinic,,,診療所,しんりょうしょ,,,,,
certificate,,,証明書,しょうめいしょ,,,,,
documented evidence,,,証書,しょうしょ,,,,,
review,,,評する,ひょうする,,,,,
rating,,,評定,ひょうてい,,,,,
verdict,,,評決,ひょうけつ,,,,,
critic,,,評論家,ひょうろんか,,,,,
test-drive,,,試乗,しじょう,,,,,
tentative plan,,,試案,しあん,,,,,
"taste, sample a food",,,試食,ししょく,,,,,
"taste, sample a drink",,,試飲,しいん,,,,,
test tube,,,試験管,しけんかん,,,,,
poetic,,,詩的,してき,,,,,
detailed explanation,,,詳説,しょうせつ,,,,,
cognition,,,認知,にんち,,,,,
dimentia,,,認知症,にんちしょう,,,,,
"oath, vow",,,誓い,ちかい,,,,,
"written vow, covenant",,,誓約,せいやく,,,,,
birthstone,,,誕生石,たんじょうせき,,,,,
kidnapping,,,誘拐,ゆうかい,,,,,
narrator,,,語り手,かたりて,,,,,
linguistic ability,,,語学力,ごがくりょく,,,,,
word stem,,,語幹,ごかん,,,,,
language family,,,語族,ごぞく,,,,,
word order,,,語順,ごじゅん,,,,,
sermon,,,説教,せっきょう,,,,,
preacher,,,説教者,せっきょうしゃ,,,,,
read and understand,,,読み取る,よみとる,,,,,
decipher,,,読み解く,よみとく,,,,,
load,,,読み込む,よみこむ,,,,,
"skip over, skim",,,読み飛ばす,よみとばす,,,,,
reading light,,,読書灯,どくしょとう,,,,,
comma,,,読点,とうてん,,,,,
reading comprehension,,,読解,どっかい,,,,,
challenge,,,誰何,すいか,,,,,
petition,,,請願,せいがん,,,,,
point of contention,,,論点,ろんてん,,,,,
logical,,,論理的,ろんりてき,,,,,
spy on,,,諜す,ちょうす,,,,,
espionage,,,諜報,ちょうほう,,,,,
resignation to something,,,諦観,ていかん,,,,,
various,,,諸々,もろもろ,,,,,
give a lecture,,,講じる,こうじる,,,,,
warning to the world,,,警世,けいせい,,,,,
police officer,,,警察官,けいさつかん,,,,,
"guardian, protecting",,,警護,けいご,,,,,
proceedings,,,議事,ぎじ,,,,,
protocol,,,議定書,ぎていしょ,,,,,
seat,,,議席,ぎせき,,,,,
transfer,,,譲渡,じょうと,,,,,
mountain stream,,,谷川,たにがわ,,,,,
bottom of a ravine,,,谷底,たにそこ,,,,,
soy milk,,,豆乳,とうにゅう,,,,,
"tofu, bean curd",,,豆腐,とうふ,,,,,
pig,,,豚,ぶた,,,,,
fried pork cutlet,,,豚カツ,とんかつ,,,,,
pigsty,,,豚小屋,ぶたごや,,,,,
pig fat,,,豚脂,とんし,,,,,
ivory,,,象牙,ぞうげ,,,,,
leopard,,,豹,ひょう,,,,,
load,,,負荷,ふか,,,,,
foundation,,,財団,ざいだん,,,,,
numismatics,,,貨幣学,かへいがく,,,,,
vending machine,,,販売機,はんばいき,,,,,
"blame, responsibility",,,責め,せめ,,,,,
torture,,,責め苦,せめく,,,,,
person responsible,,,責任者,せきにんしゃ,,,,,
save up money,,,貯める,ためる,,,,,
"gratuity, tip",,,貰い,もらい,,,,,
valuables,,,貴重品,きちょうひん,,,,,
precious metal,,,貴金属,ききんぞく,,,,,
"buyer, purchaser",,,買い主,かいぬし,,,,,
"buyer, purchaser",,,買い手,かいて,,,,,
"buy, purchase",,,買い求める,かいもとめる,,,,,
can buy,,,買える,かえる,,,,,
money lending,,,貸金業,かしきんぎょう,,,,,
hang over,,,貼り出す,はりだす,,,,,
"repaper, re-cover",,,貼り替える,はりかえる,,,,,
bribery,,,賄賂,わいろ,,,,,
contribute,,,資する,しする,,,,,
capitalism,,,資本主義,しほんしゅぎ,,,,,
"praise, tribute",,,賛,さん,,,,,
pawnshop,,,質屋,しちや,,,,,
qualitative,,,質的,しつてき,,,,,
mass,,,質量,しつりょう,,,,,
gambling,,,賭博,とばく,,,,,
purchaser,,,購入者,こうにゅうしゃ,,,,,
"die, dice",,,賽,さい,,,,,
"flab, unwanted fat",,,贅肉,ぜいにく,,,,,
verbosity,,,贅言,ぜいげん,,,,,
presentation,,,贈呈,ぞうてい,,,,,
bribery,,,贈賄,ぞうわい,,,,,
infrared,,,赤外線,せきがいせん,,,,,
run around,,,走り回る,はしりまわる,,,,,
run into something,,,走り込む,はしりこむ,,,,,
entrepreneur,,,起業家,きぎょうか,,,,,
drafting,,,起草,きそう,,,,,
"superman, Übermensch",,,超人,ちょうじん,,,,,
superpower state,,,超大国,ちょうたいこく,,,,,
supernova,,,超新星,ちょうしんせい,,,,,
superego,,,超自我,ちょうじが,,,,,
supernatural,,,超自然,ちょうしぜん,,,,,
supersonic,,,超音速,ちょうおんそく,,,,,
spending the winter,,,越冬,えっとう,,,,,
Vietnam,,,越南,えつなん,,,,,
cross a border,,,越境,えっきょう,,,,,
step,,,足元,あしもと,,,,,
"stride, pace",,,足取り,あしどり,,,,,
on the road,,,路上,ろじょう,,,,,
roadside,,,路傍,ろぼう,,,,,
"route, course",,,路線,ろせん,,,,,
transit map,,,路線図,ろせんず,,,,,
embark on,,,踏み切る,ふみきる,,,,,
traversing on foot,,,踏破,とうは,,,,,
hoof,,,蹄,ひずめ,,,,,
horseshoe,,,蹄鉄,ていてつ,,,,,
"soccer, football",,,蹴球,しゅうきゅう,,,,,
body,,,身体,しんたい,,,,,
carriage,,,車両,しゃりょう,,,,,
inside the vehicle,,,車内,しゃない,,,,,
wheelchair,,,車椅子,くるまいす,,,,,
lane,,,車線,しゃせん,,,,,
rail,,,軌条,きじょう,,,,,
"locus, tire track",,,軌跡,きせき,,,,,
soldier,,,軍人,ぐんじん,,,,,
disarmament,,,軍縮,ぐんしゅく,,,,,
pick-up artist,,,軟派,なんぱ,,,,,
house arrest,,,軟禁,なんきん,,,,,
cartilage,,,軟骨,なんこつ,,,,,
turning point,,,転換点,てんかんてん,,,,,
changing jobs,,,転職,てんしょく,,,,,
"overthrow, coup d'etat",,,転覆,てんぷく,,,,,
"transfer, transmission",,,転送,てんそう,,,,,
"light, easy, careless",,,軽々,かるがる,,,,,
pumice,,,軽石,かるいし,,,,,
"snack, light meal",,,軽食,けいしょく,,,,,
loading capacity,,,載量,さいりょう,,,,,
"brilliant, glorious, illustrious",,,輝かしい,かがやかしい,,,,,
brighten,,,輝かす,かがやかす,,,,,
"sparkle, glitter",,,輝き,かがやき,,,,,
"brightness, luminance",,,輝度,きど,,,,,
dry flavor,,,辛口,からくち,,,,,
mustard,,,辛子,からし,,,,,
resignation,,,辞任,じにん,,,,,
bowing,,,辞儀,じぎ,,,,,
remote place,,,辺地,へんち,,,,,
"remote region, frontier",,,辺境,へんきょう,,,,,
"remote, out-of-the-way",,,辺鄙,へんぴ,,,,,
"intersection, crossing",,,辻,つじ,,,,,
detour,,,迂回,うかい,,,,,
interception,,,迎撃,げいげき,,,,,
"welcome car, welcome taxi",,,迎車,げいしゃ,,,,,
modernization,,,近代化,きんだいか,,,,,
recent years,,,近年,きんねん,,,,,
present state,,,近況,きんきょう,,,,,
shortcut,,,近道,ちかみち,,,,,
reply,,,返信,へんしん,,,,,
"returning, repayment",,,返却,へんきゃく,,,,,
returning goods,,,返品,へんぴん,,,,,
refund,,,返金,へんきん,,,,,
intensity,,,迫力,はくりょく,,,,,
persecutor,,,迫害者,はくがいしゃ,,,,,
close attack,,,迫撃,はくげき,,,,,
being realistic,,,迫真,はくしん,,,,,
"reminiscence, recollection",,,述懐,じゅっかい,,,,,
lose one's way,,,迷う,まよう,,,,,
maze,,,迷路,めいろ,,,,,
"corner, run down",,,追い詰める,おいつめる,,,,,
farewell party,,,送別会,そうべつかい,,,,,
counterattack,,,逆襲,ぎゃくしゅう,,,,,
watermark,,,透かし,すかし,,,,,
tracing,,,透写,とうしゃ,,,,,
dialysis,,,透析,とうせき,,,,,
"crawl out, begin to crawl",,,這い出す,はいだす,,,,,
report,,,通報,つうほう,,,,,
telephone call,,,通話,つうわ,,,,,
speed,,,速さ,はやさ,,,,,
speedometer,,,速度計,そくどけい,,,,,
take along,,,連れる,つれる,,,,,
coalition,,,連立,れんりつ,,,,,
connection,,,連結,れんけつ,,,,,
contact address,,,連絡先,れんらくさき,,,,,
weekend,,,週末,しゅうまつ,,,,,
deviance,,,逸脱,いつだつ,,,,,
"hardly any, lagging, slow",,,遅々,ちち,,,,,
slow-acting,,,遅行,ちこう,,,,,
"treat, handle, deal with",,,遇う,あしらう,,,,,
playground,,,遊び場,あそびば,,,,,
"boardwalk, promenade",,,遊歩道,ゆうほどう,,,,,
suspension of train service,,,運休,うんきゅう,,,,,
sports event,,,運動会,うんどうかい,,,,,
death from overwork,,,過労死,かろうし,,,,,
oversensitivity,,,過敏,かびん,,,,,
"extreme, radical",,,過激,かげき,,,,,
"extremist, radical",,,過激派,かげきは,,,,,
width of a road,,,道幅,みちはば,,,,,
morality,,,道義,どうぎ,,,,,
"master, expert",,,達人,たつじん,,,,,
"discomfort, malaise",,,違和感,いわかん,,,,,
illegality,,,違法,いほう,,,,,
visual perspective,,,遠近法,えんきんほう,,,,,
being retroactive,,,遡及,そきゅう,,,,,
go upstream,,,遡行,そこう,,,,,
motivation,,,遣る気,やるき,,,,,
reasonable,,,適正,てきせい,,,,,
suitable temperature,,,適温,てきおん,,,,,
"choice, option",,,選択肢,せんたくし,,,,,
heredity,,,遺伝,いでん,,,,,
gene,,,遺伝子,いでんし,,,,,
bodily remains,,,遺体,いたい,,,,,
suicide note,,,遺書,いしょ,,,,,
"inheritance, heritage",,,遺産,いさん,,,,,
last will and testament,,,遺言,いごん,,,,,
birth control,,,避妊,ひにん,,,,,
lightning rod,,,避雷針,ひらいしん,,,,,
malicious intent,,,邪心,じゃしん,,,,,
evil thoughts,,,邪念,じゃねん,,,,,
malicious,,,邪気,じゃき,,,,,
evil deity,,,邪神,じゃしん,,,,,
partial,,,部分的,ぶぶんてき,,,,,
tribe,,,部族,ぶぞく,,,,,
club activity,,,部活,ぶかつ,,,,,
troop,,,部隊,ぶたい,,,,,
mailbox,,,郵便箱,ゆうびんばこ,,,,,
mailman,,,郵便配達,ゆうびんはいたつ,,,,,
"rural samurai, local",,,郷士,ごうし,,,,,
urbanization,,,都会化,とかいか,,,,,
Prefectures of Japan,,,都道府県,とどうふけん,,,,,
dividend,,,配当,はいとう,,,,,
"cast, casting",,,配役,はいやく,,,,,
plumbing,,,配管,はいかん,,,,,
plumber,,,配管工,はいかんこう,,,,,
delivery,,,配送,はいそう,,,,,
distribution of electricity,,,配電,はいでん,,,,,
sake brewing,,,酒造,しゅぞう,,,,,
get drunk,,,酔っ払う,よっぱらう,,,,,
sweet and sour pork,,,酢豚,すぶた,,,,,
yeast,,,酵母,こうぼ,,,,,
enzyme,,,酵素,こうそ,,,,,
severe cold,,,酷寒,こっかん,,,,,
severe heat,,,酷暑,こくしょ,,,,,
hideous,,,醜怪,しゅうかい,,,,,
"brew, arouse, provoke",,,醸す,かもす,,,,,
brewing,,,醸造,じょうぞう,,,,,
countryside home,,,里,さと,,,,,
"weight, importance",,,重さ,おもさ,,,,,
heavy taxation,,,重税,じゅうぜい,,,,,
"burden, heavy responsibility",,,重荷,おもに,,,,,
"importance, gravity",,,重要性,じゅうようせい,,,,,
boorish,,,野暮,やぼ,,,,,
cap,,,野球帽,やきゅうぼう,,,,,
wild rice,,,野生米,やせいまい,,,,,
wild bird,,,野鳥,やちょう,,,,,
quantum,,,量子,りょうし,,,,,
mass production,,,量産,りょうさん,,,,,
quantitative,,,量的,りょうてき,,,,,
"interest rate, interest",,,金利,きんり,,,,,
rich person,,,金持ち,かねもち,,,,,
Venus,,,金星,きんせい,,,,,
bullseye,,,金的,きんてき,,,,,
financial institution,,,金融機関,きんゆうきかん,,,,,
blond hair,,,金髪,きんぱつ,,,,,
nailhead,,,釘頭,ていとう,,,,,
hedgehog,,,針鼠,はりねずみ,,,,,
iron,,,鉄分,てつぶん,,,,,
"order, system",,,鉄序,てつじょ,,,,,
iron plate,,,鉄板,てっぱん,,,,,
flash flood,,,鉄砲水,てっぽうみず,,,,,
carpenter's plane,,,鉋,かんな,,,,,
ore,,,鉱石,こうせき,,,,,
Ginza,,,銀座,ぎんざ,,,,,
galaxy,,,銀河,ぎんが,,,,,
Milky Way,,,銀河系,ぎんがけい,,,,,
silver,,,銀色,ぎんいろ,,,,,
gunshot,,,銃声,じゅうせい,,,,,
bullet,,,銃弾,じゅうだん,,,,,
"shooting, shootout",,,銃撃,じゅうげき,,,,,
gunfire,,,銃火,じゅうか,,,,,
public bath,,,銭湯,せんとう,,,,,
earwig,,,鋏虫,はさみむし,,,,,
steel,,,鋼,はがね,,,,,
steel material,,,鋼材,こうざい,,,,,
"lock, padlock",,,錠,じょう,,,,,
locksmith,,,錠前屋,じょうまえや,,,,,
"pill, tablet",,,錠剤,じょうざい,,,,,
tin,,,錫,すず,,,,,
tinfoil,,,錫箔,すずはく,,,,,
mental disorder,,,錯乱,さくらん,,,,,
video recording,,,録画,ろくが,,,,,
stew,,,鍋物,なべもの,,,,,
smithing,,,鍛冶,かじ,,,,,
blacksmith,,,鍛冶屋,かじや,,,,,
forging,,,鍛造,たんぞう,,,,,
"tempering, toughening",,,鍛錬,たんれん,,,,,
keyboard,,,鍵盤,けんばん,,,,,
keyhole,,,鍵穴,かぎあな,,,,,
national isolation,,,鎖国,さこく,,,,,
collarbone,,,鎖骨,さこつ,,,,,
kitefin shark,,,鎧鮫,よろいざめ,,,,,
"dressing table, vanity table",,,鏡台,きょうだい,,,,,
bell tower,,,鐘楼,しょうろう,,,,,
"paragon, model",,,鑑,かがみ,,,,,
"license, permit",,,鑑札,かんさつ,,,,,
for a long time,,,長らく,ながらく,,,,,
longevity,,,長寿,ちょうじゅ,,,,,
Nagasaki,,,長崎,ながさき,,,,,
"long time, many years",,,長年,ながねん,,,,,
bolt,,,閂,かんぬき,,,,,
opening a business,,,開業,かいぎょう,,,,,
just before,,,間際,まぎわ,,,,,
"person involved, staff",,,関係者,かんけいしゃ,,,,,
bodily joint,,,関節,かんせつ,,,,,
"strife, conflict",,,闘争,とうそう,,,,,
"fighting spirit, will to fight",,,闘志,とうし,,,,,
dog fighting,,,闘犬,とうけん,,,,,
cock fighting,,,闘鶏,とうけい,,,,,
protective gear,,,防具,ぼうぐ,,,,,
waterproofing,,,防水,ぼうすい,,,,,
Ministry of Defense,,,防衛省,ぼうえいしょう,,,,,
limitless,,,限りない,かぎりない,,,,,
just barely,,,限り限り,ぎりぎり,,,,,
"His Majesty, Her Majesty",,,陛下,へいか,,,,,
"camp, position, formation",,,陣,じん,,,,,
"camp, faction",,,陣営,じんえい,,,,,
position,,,陣地,じんち,,,,,
formation,,,陣形,じんけい,,,,,
"outcast, outsider",,,除け者,のけもの,,,,,
removal,,,除去,じょきょ,,,,,
explusion,,,除名,じょめい,,,,,
dehumidification,,,除湿,じょしつ,,,,,
weeding,,,除草,じょそう,,,,,
insecticide,,,除虫剤,じょちゅうざい,,,,,
fall into,,,陥る,おちいる,,,,,
scrotum,,,陰嚢,いんのう,,,,,
"two-faced, dishonest",,,陰日向,かげひなた,,,,,
pubic hair,,,陰毛,いんもう,,,,,
penis,,,陰茎,いんけい,,,,,
"plot, conspiracy",,,陰謀,いんぼう,,,,,
slyness,,,陰険,いんけん,,,,,
"gloom, melancholy",,,陰鬱,いんうつ,,,,,
track and field,,,陸上,りくじょう,,,,,
"land, shore",,,陸地,りくち,,,,,
ground war,,,陸戦,りくせん,,,,,
tenseness,,,険悪,けんあく,,,,,
proton,,,陽子,ようし,,,,,
positivity,,,陽性,ようせい,,,,,
in every corner,,,隅々,すみずみ,,,,,
"class structure, hierarchy",,,階層構造,かいそうこうぞう,,,,,
"gap, space",,,隙,すき,,,,,
seasonal goods,,,際物,きわもの,,,,,
"endlessness, limitlessness",,,際限,さいげん,,,,,
disabled person,,,障害者,しょうがいしゃ,,,,,
hermit,,,隠者,いんじゃ,,,,,
neighbor,,,隣人,りんじん,,,,,
neighboring country,,,隣国,りんごく,,,,,
neighboring house,,,隣家,りんか,,,,,
employer,,,雇い主,やといぬし,,,,,
employee,,,雇用者,こようしゃ,,,,,
miscellaneous matters,,,雑事,ざつじ,,,,,
trivia,,,雑学,ざつがく,,,,,
weed,,,雑草,ざっそう,,,,,
Doll Festival,,,雛祭り,ひなまつり,,,,,
daisy,,,雛菊,ひなぎく,,,,,
turnover rate,,,離職率,りしょくりつ,,,,,
"withdrawal, secession",,,離脱,りだつ,,,,,
take-off,,,離陸,りりく,,,,,
hard to,,,難い,にくい,,,,,
refugee,,,難民,なんみん,,,,,
incurable disease,,,難病,なんびょう,,,,,
rainy season,,,雨季,うき,,,,,
rainforest,,,雨林,うりん,,,,,
snowmobile,,,雪上車,せつじょうしゃ,,,,,
thaw,,,雪解け,ゆきどけ,,,,,
sea urchin,,,雲丹,うに,,,,,
"rascal, thug",,,雲助,くもすけ,,,,,
vanishing,,,雲散霧消,うんさんむしょう,,,,,
wandering Buddhist priest,,,雲水,うんすい,,,,,
sea of clouds,,,雲海,うんかい,,,,,
god of thunder,,,雷神,らいじん,,,,,
calculator,,,電卓,でんたく,,,,,
voltage,,,電圧,でんあつ,,,,,
electronic dictionary,,,電子辞書,でんしじしょ,,,,,
electromagnetic wave,,,電磁波,でんじは,,,,,
supply and demand,,,需給,じゅきゅう,,,,,
frost damage,,,霜害,そうがい,,,,,
dispersal,,,霧散,むさん,,,,,
foghorn,,,霧笛,むてき,,,,,
drizzle,,,霧雨,きりさめ,,,,,
exposure,,,露出,ろしゅつ,,,,,
transcience of life,,,露命,ろめい,,,,,
Russia,,,露国,ろこく,,,,,
"stand, stall",,,露店,とてん,,,,,
silence,,,静寂,せいじゃく,,,,,
vein,,,静脈,じょうみゃく,,,,,
inhumane,,,非人情,ひにんじょう,,,,,
informality,,,非公式,ひこうしき,,,,,
powerlessness,,,非力,ひりき,,,,,
irrationality,,,非合理,ひごうり,,,,,
emergency exit,,,非常口,ひじょうぐち,,,,,
pacifism,,,非戦論,ひせんろん,,,,,
denuclearization,,,非核化,ひかくか,,,,,
unrealistic,,,非現実的,ひげんじつてき,,,,,
"disgrace, shame",,,面汚し,つらよごし,,,,,
"being interesting, fun",,,面白さ,おもしろさ,,,,,
looks interesting,,,面白そう,おもしろそう,,,,,
sense of humor,,,面白味,おもしろみ,,,,,
leather shoes,,,革靴,かわぐつ,,,,,
shoehorn,,,靴箆,くつべら,,,,,
shoelace,,,靴紐,くつひも,,,,,
private secretary,,,鞄持ち,かばんもち,,,,,
Korea,,,韓国,かんこく,,,,,
traditional Korean dress,,,韓服,かんふく,,,,,
tuning fork,,,音叉,おんさ,,,,,
speech,,,音声,おんせい,,,,,
musician,,,音楽家,おんがくか,,,,,
musical note,,,音符,おんぷ,,,,,
syllable,,,音節,おんせつ,,,,,
"rank, precedence",,,順位,じゅんい,,,,,
prophet,,,預言者,よげんしゃ,,,,,
stubbornly,,,頑として,がんとして,,,,,
obstinate,,,頑な,かたくな,,,,,
tenacity,,,頑張り,がんばり,,,,,
do one's best,,,頑張る,がんばる,,,,,
"own a territory, reign",,,領する,りょうする,,,,,
receipt,,,領収書,りょうしゅうしょ,,,,,
receipt,,,領収証,りょうしゅうしょう,,,,,
great white shark,,,頬白鮫,ほおじろざめ,,,,,
overhead,,,頭上,ずじょう,,,,,
scalp,,,頭皮,とうひ,,,,,
skull,,,頭蓋骨,ずがいこつ,,,,,
nod,,,頷く,うなずく,,,,,
frequency,,,頻度,ひんど,,,,,
frequent occurance,,,頻発,ひんぱつ,,,,,
frequent,,,頻繁,ひんぱん,,,,,
tachycardia,,,頻脈,ひんみゃく,,,,,
"reliance, dependence",,,頼り,たより,,,,,
"subject, theme",,,題材,だいざい,,,,,
frame,,,額縁,がくぶち,,,,,
face value,,,額面,がくめん,,,,,
face,,,顔,かお,,,,,
emoticon,,,顔絵文字,かおえもじ,,,,,
complexion,,,顔色,かおいろ,,,,,
"remarkable, striking",,,顕著,けんちょ,,,,,
"wish, desire",,,願望,がんぼう,,,,,
style,,,風,ふう,,,,,
satire,,,風刺,ふうし,,,,,
feng shui,,,風水,ふうすい,,,,,
wind speed,,,風速,ふうそく,,,,,
fly around,,,飛び回る,とびまわる,,,,,
scattering,,,飛散,ひさん,,,,,
pilot,,,飛行士,ひこうし,,,,,
"meal, diet",,,食,しょく,,,,,
"curb, halt",,,食い止める,くいとめる,,,,,
how to eat,,,食べ方,たべかた,,,,,
dishwasher,,,食器洗い機,しょっきあらいき,,,,,
"diet, eating habits",,,食生活,しょくせいかつ,,,,,
esophagus,,,食道,しょくどう,,,,,
mess kit,,,飯盒,はんごう,,,,,
drinking party,,,飲み会,のみかい,,,,,
"drink, beverage",,,飲料,いんりょう,,,,,
drinking water,,,飲料水,いんりょうすい,,,,,
drunk driving,,,飲酒運転,いんしゅうんてん,,,,,
eating and drinking,,,飲食,いんしょく,,,,,
sugar sculpture,,,飴細工,あめざいく,,,,,
pet owner,,,飼い主,かいぬし,,,,,
thoroughness,,,飽くまでも,あくまでも,,,,,
Chinese dumpling,,,餃子,ぎょうざ,,,,,
"prey, victim",,,餌食,えじき,,,,,
sweet bean paste,,,餡,あん,,,,,
bun with bean paste filling,,,餡饅,あんまん,,,,,
wheat noodle shop,,,饂飩屋,うどんや,,,,,
steamed yeast bun,,,饅頭,まんじゅう,,,,,
leadership conference,,,首脳会談,しゅのうかいだん,,,,,
incense,,,香,こう,,,,,
flavor,,,香料,こうりょう,,,,,
Hong Kong,,,香港,ホンコン,,,,,
incense burner,,,香炉,こうろ,,,,,
horsepower,,,馬力,ばりき,,,,,
stable,,,馬屋,うまや,,,,,
horse-drawn carriage,,,馬車,ばしゃ,,,,,
in front of the station,,,駅前,えきまえ,,,,,
station attendant,,,駅員,えきいん,,,,,
lunchbox for the train,,,駅弁,えきべん,,,,,
station master,,,駅長,えきちょう,,,,,
run around,,,駆け回る,かけまわる,,,,,
last-minute rush,,,駆け込み,かけこみ,,,,,
free use,,,駆使,くし,,,,,
destruction,,,駆逐,くちく,,,,,
"residence, posting",,,駐在,ちゅうざい,,,,,
"tile, game piece",,,駒,こま,,,,,
camel,,,駱駝,らくだ,,,,,
cavalry,,,騎兵,きへい,,,,,
knight,,,騎士,きし,,,,,
chivalry,,,騎士道,きしどう,,,,,
jockey,,,騎手,きしゅ,,,,,
horseback riding,,,騎馬,きば,,,,,
disturb,,,騒がせる,さわがせる,,,,,
"rise, appreciation",,,騰貴,とうき,,,,,
donkey,,,驢馬,ろば,,,,,
bony,,,骨っぽい,ほねっぽい,,,,,
skeleton,,,骨格,こっかく,,,,,
height,,,高さ,たかさ,,,,,
high pressure,,,高圧,こうあつ,,,,,
higher-ups,,,高官,こうかん,,,,,
high school days,,,高校時代,こうこうじだい,,,,,
"highway, freeway",,,高速道路,こうそくどうろ,,,,,
population ageing,,,高齢化,こうれいか,,,,,
"elderly person, senior citizen",,,高齢者,こうれいしゃ,,,,,
hair style,,,髪型,かみがた,,,,,
"hairstyle, haircut",,,髪形,かみがた,,,,,
hairdressing,,,髪結い,かみゆい,,,,,
wig,,,鬘,かつら,,,,,
"depression, low spirits",,,鬱,うつ,,,,,
clinical depression,,,鬱病,うつびょう,,,,,
"thick, dense",,,鬱蒼,うっそう,,,,,
tumeric,,,鬱金,うこん,,,,,
game of tag,,,鬼ごっこ,おにごっこ,,,,,
soul,,,魂,たましい,,,,,
ulterior motive,,,魂胆,こんたん,,,,,
enchant,,,魅する,みする,,,,,
witch,,,魔女,まじょ,,,,,
magic,,,魔法,まほう,,,,,
wizard,,,魔法使い,まほうつかい,,,,,
Satan,,,魔王,まおう,,,,,
sorcery,,,魔術,まじゅつ,,,,,
magician,,,魔術師,まじゅつし,,,,,
magical,,,魔術的,まじゅつてき,,,,,
"going astray, sorcery",,,魔道,まどう,,,,,
seafood,,,魚介類,ぎょかいるい,,,,,
torpedo,,,魚雷,ぎょらい,,,,,
fish,,,魚類,ぎょるい,,,,,
tuna,,,鮪,まぐろ,,,,,
shark,,,鮫,さめ,,,,,
salmon,,,鮭,さけ,,,,,
"vivid, distinct",,,鮮明,せんめい,,,,,
"vivid, striking",,,鮮烈,せんれつ,,,,,
fresh fish,,,鮮魚,せんぎょ,,,,,
mackerel,,,鯖,さば,,,,,
whale,,,鯨,くじら,,,,,
sardine,,,鰯,いわし,,,,,
skipjack tuna,,,鰹,かつお,,,,,
bonito flakes,,,鰹節,かつおぶし,,,,,
eel,,,鰻,うなぎ,,,,,
cod,,,鱈,たら,,,,,
trout,,,鱒,ます,,,,,
fish scale,,,鱗,うろこ,,,,,
birds-eye view,,,鳥瞰図,ちょうかんず,,,,,
birdcage,,,鳥籠,とりかご,,,,,
goose bumps,,,鳥肌,とりはだ,,,,,
birds,,,鳥類,ちょうるい,,,,,
"pigeon, dove",,,鳩,はと,,,,,
seagull,,,鴎,かもめ,,,,,
duck,,,鴨,かも,,,,,
chicken,,,鶏,にわとり,,,,,
chicken meat,,,鶏肉,とりにく,,,,,
crane,,,鶴,つる,,,,,
eagle,,,鷲,わし,,,,,
"hawk, falcon",,,鷹,たか,,,,,
"generous, liberal",,,鷹揚,おうよう,,,,,
saltiness,,,鹹味,かんみ,,,,,
salt water,,,鹹水,かんすい,,,,,
salt water lake,,,鹹水湖,かんすいこ,,,,,
deer,,,鹿,しか,,,,,
giraffe,,,麒麟,きりん,,,,,
noodles,,,麺,めん,,,,,
rolling pin,,,麺棒,めんぼう,,,,,
noodles,,,麺類,めんるい,,,,,
fried tofu with ground meat,,,麻婆豆腐,マーボーどうふ,,,,,
measles,,,麻疹,はしか,,,,,
"drug, narcotic",,,麻薬,まやく,,,,,
soybean flour,,,黄な粉,きなこ,,,,,
"twilight, dusk",,,黄昏,たそがれ,,,,,
topaz,,,黄玉,おうぎょく,,,,,
black person,,,黒人,こくじん,,,,,
graphite,,,黒鉛,こくえん,,,,,
black hair,,,黒髮,くろがみ,,,,,
black magic,,,黒魔術,くろまじゅつ,,,,,
right to remain silent,,,黙秘権,もくひけん,,,,,
"mold, mildew",,,黴,かび,,,,,
dark gray,,,鼠色,ねずみいろ,,,,,
groin,,,鼠蹊部,そけいぶ,,,,,
weasel,,,鼬,いたち,,,,,
tiger shark,,,鼬鮫,いたちざめ,,,,,
"mucus, snot",,,鼻水,はなみず,,,,,
nasal inflammation,,,鼻炎,びえん,,,,,
tissue paper,,,鼻紙,はながみ,,,,,
nosebleed,,,鼻血,はなぢ,,,,,